Graphics Process ID,Open Comments,Product,Graphic files,Adaptation Process,Graphics Stage,Supplier,Buyer,Product sticker Measurements (CM),Box Sticker Measurements (mm/cm),Buyer's Approval Date,Choromoline confirmed?,Buyer's Approval for label,Auto Number,First Created,Last Updated
"Graphics: 000279 - Refined Sunflower Oil, 5 Litters. [Abalıoğlu Yağ Sanayi ve Ticaret A.Ş., Turkey][ProPlus]",0,"000279 - Refined Sunflower Oil, 5 Litters. [Abalıoğlu Yağ Sanayi ve Ticaret A.Ş., Turkey][ProPlus]","5L( Rectangular) LABEL DIE CUT 92x180.pdf, OLDDDDD  PRO008_SunflowerOil_5Lt_564539.pdf, PRO008_SunflowerOil_5Lt_CTN_564539_PRINT_2_APP.pdf",", 19 Jan, 2025",Approved,,Shufersal,,,7/1/2024,Yes,Approved	,#287,"By Operation Manager on 22 Jan, 2025","By Operation Manager on 22 Jan, 2025"
"Graphics: 000020 - Gluten free cookies chocolate filled [Vicenzi, Italy][Shufersal]",1,"000020 - Gluten free cookies chocolate filled [Vicenzi, Italy][Shufersal]","Shufersal, 2025 prices and sales terms VICENZI.eml",,New Process,,,,,,No,New - Need to approve,#296,"By Success Management on 23 Jan, 2025","By Operation Manager on 23 Jan, 2025"
"Graphics: 000021 - Gluten free cookies lemon filled [Vicenzi, Italy][Shufersal]",1,"000021 - Gluten free cookies lemon filled [Vicenzi, Italy][Shufersal]","Shufersal, 2025 prices and sales terms VICENZI.eml",,New Process,,,,,,No,New - Need to approve,#307,"By Success Management on 23 Jan, 2025","By Operation Manager on 23 Jan, 2025"
"Graphics: 000022 - Gluten Free BISCUITS 125 G [Vicenzi, Italy][Shufersal]",1,"000022 - Gluten Free BISCUITS 125 G [Vicenzi, Italy][Shufersal]","Shufersal, 2025 prices and sales terms VICENZI.eml",,New Process,,,,,,No,New - Need to approve,#308,"By Success Management on 23 Jan, 2025","By Operation Manager on 23 Jan, 2025"
Graphics:,0,,,,New Process,,,,,,No,New - Need to approve,#343,"By SmartSuite Automation on 24 Jan, 2025","By Udi Stryk on 24 Jan, 2025"
"Graphics: 000059 - REGUIAR GREEN BEANS BH3(800G) [Ardo, Belgium][Shufersal]",0,"000059 - REGUIAR GREEN BEANS BH3(800G) [Ardo, Belgium][Shufersal]",,,New Process,,,,,,No,New - Need to approve,#347,"By SmartSuite Automation on 27 Jan, 2025","By Udi Stryk on 27 Jan, 2025"
"Graphics: 000035 - CUT GREEN BEANS BG4(800G) [Ardo, Belgium][Shufersal]",0,"000035 - CUT GREEN BEANS BG4(800G) [Ardo, Belgium][Shufersal]",,"Frozen Vegetables, Shufersal- Ardo, Belgium, 19 Feb, 2025",New Process,,,,,,No,New - Need to approve,#353,"By SmartSuite Automation on 19 Feb, 2025","By SmartSuite Automation on 19 Feb, 2025"
"Graphics: 000059 - REGUIAR GREEN BEANS BH3(800G) [Ardo, Belgium][Shufersal]",0,"000059 - REGUIAR GREEN BEANS BH3(800G) [Ardo, Belgium][Shufersal]",,"Frozen Vegetables, Shufersal- Ardo, Belgium, 19 Feb, 2025",New Process,,,,,,No,New - Need to approve,#354,"By SmartSuite Automation on 19 Feb, 2025","By SmartSuite Automation on 19 Feb, 2025"
"Graphics: 000059 - REGUIAR GREEN BEANS BH3(800G) [Ardo, Belgium][Shufersal]",1,"000059 - REGUIAR GREEN BEANS BH3(800G) [Ardo, Belgium][Shufersal]",,"Frozen Vegetables, Shufersal- Ardo, Belgium, 19 Jan, 2025",New Process,"Ardo, Belgium",Shufersal,,,,No,New - Need to approve,#288,"By Operation Manager on 22 Jan, 2025","By Operation Manager on 22 Jan, 2025"
"Graphics: 000057 - MIX PEAS AND CARROT [Ardo, Belgium][Shufersal]",1,"000057 - MIX PEAS AND CARROT [Ardo, Belgium][Shufersal]",,"Frozen Vegetables, Shufersal- Ardo, Belgium, 19 Jan, 2025",New Process,"Ardo, Belgium",Shufersal,,,,No,New - Need to approve,#289,"By Operation Manager on 22 Jan, 2025","By Operation Manager on 22 Jan, 2025"
"Graphics: 000032 - EXTRA FINE GARDEN PEAS EK1(600G) [Ardo, Belgium][Shufersal]",1,"000032 - EXTRA FINE GARDEN PEAS EK1(600G) [Ardo, Belgium][Shufersal]",,"Frozen Vegetables, Shufersal- Ardo, Belgium, 19 Jan, 2025",New Process,"Ardo, Belgium",Shufersal,,,,No,New - Need to approve,#290,"By Operation Manager on 22 Jan, 2025","By Operation Manager on 22 Jan, 2025"
"Graphics: 000035 - CUT GREEN BEANS BG4(800G) [Ardo, Belgium][Shufersal]",1,"000035 - CUT GREEN BEANS BG4(800G) [Ardo, Belgium][Shufersal]",,"Frozen Vegetables, Shufersal- Ardo, Belgium, 19 Jan, 2025",New Process,"Ardo, Belgium",Shufersal,,,,No,New - Need to approve,#291,"By Operation Manager on 22 Jan, 2025","By Operation Manager on 22 Jan, 2025"
"Graphics: 000054 - GREEN PEAS [Ardo, Belgium][Shufersal]",0,"000054 - GREEN PEAS [Ardo, Belgium][Shufersal]",,"Frozen Vegetables, Shufersal- Ardo, Belgium, 24 Jan, 2025",New Process,"Ardo, Belgium",Shufersal,,,,No,New - Need to approve,#344,"By SmartSuite Automation on 24 Jan, 2025","By SmartSuite Automation on 24 Jan, 2025"
"Graphics: 000032 - EXTRA FINE GARDEN PEAS EK1(600G) [Ardo, Belgium][Shufersal]",0,"000032 - EXTRA FINE GARDEN PEAS EK1(600G) [Ardo, Belgium][Shufersal]",,"Frozen Vegetables, Shufersal- Ardo, Belgium, 24 Jan, 2025",New Process,"Ardo, Belgium",Shufersal,,,,No,New - Need to approve,#346,"By SmartSuite Automation on 24 Jan, 2025","By SmartSuite Automation on 24 Jan, 2025"
"Graphics: 000059 - REGUIAR GREEN BEANS BH3(800G) [Ardo, Belgium][Shufersal]",0,"000059 - REGUIAR GREEN BEANS BH3(800G) [Ardo, Belgium][Shufersal]",,"Frozen Vegetables, Shufersal- Ardo, Belgium, 24 Jan, 2025",New Process,"Ardo, Belgium",Shufersal,,,,No,New - Need to approve,#345,"By SmartSuite Automation on 24 Jan, 2025","By SmartSuite Automation on 24 Jan, 2025"
"Graphics: 000059 - REGUIAR GREEN BEANS BH3(800G) [Ardo, Belgium][Shufersal]",0,"000059 - REGUIAR GREEN BEANS BH3(800G) [Ardo, Belgium][Shufersal]",,"Frozen Vegetables, Shufersal- Ardo, Belgium, 27 Jan, 2025",New Process,"Ardo, Belgium",Shufersal,,,,No,New - Need to approve,#351,"By SmartSuite Automation on 27 Jan, 2025","By SmartSuite Automation on 27 Jan, 2025"
"Graphics: 000035 - CUT GREEN BEANS BG4(800G) [Ardo, Belgium][Shufersal]",0,"000035 - CUT GREEN BEANS BG4(800G) [Ardo, Belgium][Shufersal]",,"Frozen Vegetables, Shufersal- Ardo, Belgium, 27 Jan, 2025",New Process,"Ardo, Belgium",Shufersal,,,,No,New - Need to approve,#352,"By SmartSuite Automation on 27 Jan, 2025","By SmartSuite Automation on 27 Jan, 2025"
"Graphics: 000328 - wafers hazelnut 175g [Balconi, Italy][Shufersal]",0,"000328 - wafers hazelnut 175g [Balconi, Italy][Shufersal]","240887 WAFERS NOCCIOLA SHUFERSAL 175g v1.pdf, Cutter guide wafers 175g.pdf","wafer cubes, balconi, Yochananof- Balconi, Italy, 19 Jan, 2025",Approved,"Balconi, Italy",Shufersal,,,1/1/2025,Yes,Approved	,#211,"By SmartSuite Automation on 4 Nov, 2024","By Udi Stryk on 22 Jan, 2025"
"Graphics: 000327 - wafers cocoa 175g [Balconi, Italy][Shufersal]",0,"000327 - wafers cocoa 175g [Balconi, Italy][Shufersal]","S011_WaferCubes_Chocolate_250g_226529.pdf, Cutter guide wafers 175g.pdf","wafer cubes, balconi, Yochananof- Balconi, Italy, 19 Jan, 2025",Approved,"Balconi, Italy",Shufersal,,,1/1/2025,Yes,Approved	,#212,"By SmartSuite Automation on 4 Nov, 2024","By Udi Stryk on 22 Jan, 2025"
"Graphics: 000039 - wafer cubes hazel nuts 250 gr [Balconi, Italy][Shufersal]",0,"000039 - wafer cubes hazel nuts 250 gr [Balconi, Italy][Shufersal]",S011_WaferCubes_HazelNut_250g_226536.pdf,"wafer cubes, balconi, Yochananof- Balconi, Italy, 19 Jan, 2025",Approved,"Balconi, Italy",Shufersal,,,1/1/2025,Yes,New - Need to approve,#213,"By SmartSuite Automation on 4 Nov, 2024","By Udi Stryk on 22 Jan, 2025"
"Graphics: 000040 - wafer cubes chocolate 250 gr [Balconi, Italy][Shufersal]",0,"000040 - wafer cubes chocolate 250 gr [Balconi, Italy][Shufersal]",S011_WaferCubes_Chocolate_250g_226529.pdf,"wafer cubes, balconi, Yochananof- Balconi, Italy, 19 Jan, 2025",Approved,"Balconi, Italy",Shufersal,,,1/1/2025,Yes,Approved	,#214,"By SmartSuite Automation on 4 Nov, 2024","By Udi Stryk on 22 Jan, 2025"
"Graphics: 000359 - organic corn cakes [Castelfood srl, Italy][Harduf - All Organics]",0,"000359 - organic corn cakes [Castelfood srl, Italy][Harduf - All Organics]",55536 Snacks_Perhiyot_CORN and WHOLE RICE and BUCKWHEAT_60g.pdf,"Organic Whole Rice and Legumes Snack, Harduf - All Organics- Castelfood srl, Italy, 19 Jan, 2025",Approved,"Castelfood srl, Italy",Harduf - All Organics,,140/60,2/5/2024,Yes,New - Need to approve,#208,"By SmartSuite Automation on 4 Nov, 2024","By Operation Manager on 22 Jan, 2025"
"Graphics: 000245 - Red Lentil and Organic Black Rice Snack [Castelfood srl, Italy][Harduf - All Organics]",0,"000245 - Red Lentil and Organic Black Rice Snack [Castelfood srl, Italy][Harduf - All Organics]",55535 Snacks_Perhiyot_RED LENTILS and BLACK RICE_60g.pdf,"Organic Whole Rice and Legumes Snack, Harduf - All Organics- Castelfood srl, Italy, 19 Jan, 2025",Approved,"Castelfood srl, Italy",Harduf - All Organics,,140/60,2/5/2024,Yes,New - Need to approve,#274,"By Operation Manager on 22 Jan, 2025","By Operation Manager on 22 Jan, 2025"
"Graphics: 000244 - Organic corn and black rice snack [Castelfood srl, Italy][Harduf - All Organics]",0,"000244 - Organic corn and black rice snack [Castelfood srl, Italy][Harduf - All Organics]",55533 Snacks_Perhiyot_CORN and BLACK RICE_60g.pdf,"Organic Whole Rice and Legumes Snack, Harduf - All Organics- Castelfood srl, Italy, 19 Jan, 2025",Approved,"Castelfood srl, Italy",Harduf - All Organics,,140/60,2/5/2024,Yes,New - Need to approve,#275,"By Operation Manager on 22 Jan, 2025","By Operation Manager on 22 Jan, 2025"
"Graphics: 000243 - Whole rice and pea crisp snack [Castelfood srl, Italy][Harduf - All Organics]",0,"000243 - Whole rice and pea crisp snack [Castelfood srl, Italy][Harduf - All Organics]",55532 Snacks_Perhiyot_RICE and PEAS_60g.pdf,"Organic Whole Rice and Legumes Snack, Harduf - All Organics- Castelfood srl, Italy, 19 Jan, 2025",Approved,"Castelfood srl, Italy",Harduf - All Organics,,140/60,2/5/2024,Yes,New - Need to approve,#276,"By Operation Manager on 22 Jan, 2025","By Operation Manager on 22 Jan, 2025"
"Graphics: 000246 - Organic corn and buckwheat snack [Castelfood srl, Italy][Harduf - All Organics]",0,"000246 - Organic corn and buckwheat snack [Castelfood srl, Italy][Harduf - All Organics]",55537 Snacks_Perhiyot_CORN and BUCKWHEATS_60g.pdf,"Organic Whole Rice and Legumes Snack, Harduf - All Organics- Castelfood srl, Italy, 19 Jan, 2025",Approved,"Castelfood srl, Italy",Harduf - All Organics,,140/60,2/5/2024,Yes,New - Need to approve,#277,"By Operation Manager on 22 Jan, 2025","By Operation Manager on 22 Jan, 2025"
"Graphics: 000247 - Corn Cakes Snack with Legumes
60 grams Harduf [Castelfood srl, Italy][Harduf - All Organics]",0,"000247 - Corn Cakes Snack with Legumes
60 grams Harduf [Castelfood srl, Italy][Harduf - All Organics]",55534 Snacks_Perhiyot_LEGUMES_60g (1).pdf,"Organic Whole Rice and Legumes Snack, Harduf - All Organics- Castelfood srl, Italy, 19 Jan, 2025",Approved,"Castelfood srl, Italy",Harduf - All Organics,,140/60,2/5/2024,Yes,New - Need to approve,#278,"By Operation Manager on 22 Jan, 2025","By Operation Manager on 22 Jan, 2025"
"Graphics: 000278 - Chocolate Eggs 3*60 gr. cluster packaging  [Chocolitaly , Italy][Yochananof]",0,"000278 - Chocolate Eggs 3*60 gr. cluster packaging  [Chocolitaly , Italy][Yochananof]","084 db - Yohananof - Surprise Chocolate eggs x3 Pack PRESS 191224.pdf, 084 db - Yohananof - Surprise Chocolate eggs Wrap 20g PRESS 191224.pdf, fustella foil AL 2020 egg 20g.pdf",", 19 Jan, 2025",Approved,"Chocolitaly , Italy",Shufersal,,,19/12/2024,Yes,Approved	,#271,"By Operation Manager on 19 Jan, 2025","By Operation Manager on 22 Jan, 2025"
"Graphics: 000071 - mini
  potato gnocchi 500gr [Ciemme, Italy][Shufersal]",1,"000071 - mini
  potato gnocchi 500gr [Ciemme, Italy][Shufersal]",,"Potato Gnocchi - with/ without gluten, Shufersal- Ciemme, Italy, 19 Jan, 2025",New Process,"Ciemme, Italy",Shufersal,,,,No,New - Need to approve,#292,"By Operation Manager on 22 Jan, 2025","By Operation Manager on 22 Jan, 2025"
"Graphics: 000101 - Potato gnocchi 500gr [Ciemme, Italy][Shufersal]",1,"000101 - Potato gnocchi 500gr [Ciemme, Italy][Shufersal]",,"Potato Gnocchi - with/ without gluten, Shufersal- Ciemme, Italy, 19 Jan, 2025",New Process,"Ciemme, Italy",Shufersal,,,,No,New - Need to approve,#293,"By Operation Manager on 22 Jan, 2025","By Operation Manager on 22 Jan, 2025"
"Graphics: 000068 - tomatoes
  gnocchi 500gr [Ciemme, Italy][Shufersal]",1,"000068 - tomatoes
  gnocchi 500gr [Ciemme, Italy][Shufersal]",,"Potato Gnocchi - with/ without gluten, Shufersal- Ciemme, Italy, 19 Jan, 2025",New Process,"Ciemme, Italy",Shufersal,,,,No,New - Need to approve,#294,"By Operation Manager on 22 Jan, 2025","By Operation Manager on 22 Jan, 2025"
"Graphics: 000100 - double cookey gluten free / Green Sandwich Cookie [Coppenrath Feingebäck GmbH, Germany][Shufersal]",1,"000100 - double cookey gluten free / Green Sandwich Cookie [Coppenrath Feingebäck GmbH, Germany][Shufersal]",,"double cookey gluten free, Shufersal- Coppenrath Feingebäck GmbH, Germany, 19 Jan, 2025",New Process,"Coppenrath Feingebäck GmbH, Germany",Shufersal,,,,No,New - Need to approve,#295,"By Operation Manager on 22 Jan, 2025","By Operation Manager on 22 Jan, 2025"
"Graphics: 000142 - Wafers 250g Hazelnut [Crich, Italy][Shufersal]",0,"000142 - Wafers 250g Hazelnut [Crich, Italy][Shufersal]",,", 19 Jan, 2025",New Process,"Crich, Italy",,,,,No,New - Need to approve,#317,"By Operation Manager on 23 Jan, 2025","By Operation Manager on 23 Jan, 2025"
"Graphics: 000332 - Salted crackers  250 gr  [Crich, Italy][Shufersal]",0,"000332 - Salted crackers  250 gr  [Crich, Italy][Shufersal]",K492_Crackers_Salt_8Pac_250g_000000.pdf,", 23 Jan, 2025",Approved,"Crich, Italy",Shufersal,,,12/5/2023,Yes,Approved	,#342,"By Operation Manager on 23 Jan, 2025","By Operation Manager on 23 Jan, 2025"
"Graphics: 000093 - CORNFLAKES SHUFERSAL 750 GR. [Crispy food, Denmark][Shufersal]",1,"000093 - CORNFLAKES SHUFERSAL 750 GR. [Crispy food, Denmark][Shufersal]",,"CORNFLAKES SHUFERSAL 750 GR., Shufersal- Crispy food, Denmark, 19 Jan, 2025",New Process,"Crispy food, Denmark",Shufersal,,,,No,New - Need to approve,#297,"By Operation Manager on 23 Jan, 2025","By Operation Manager on 23 Jan, 2025"
"Graphics: 000086 - Dutch Caramel Wafers [Daelmans, Netherlands][Shufersal]",1,"000086 - Dutch Caramel Wafers [Daelmans, Netherlands][Shufersal]",,"Dutch Butter Cookies, Shufersal- Daelmans, Netherlands, 22 Jan, 2025",New Process,"Daelmans, Netherlands",Shufersal,,,,No,New - Need to approve,#298,"By Operation Manager on 23 Jan, 2025","By Operation Manager on 23 Jan, 2025"
"Graphics: 000085 - Dutch Butter Cookies [Daelmans, Netherlands][Shufersal]",1,"000085 - Dutch Butter Cookies [Daelmans, Netherlands][Shufersal]",,"Dutch Butter Cookies, Shufersal- Daelmans, Netherlands, 22 Jan, 2025",New Process,"Daelmans, Netherlands",Shufersal,,,,No,New - Need to approve,#299,"By Operation Manager on 23 Jan, 2025","By Operation Manager on 23 Jan, 2025"
"Graphics: 000078 - sfogliette pizza 180 gr [EuroSnacks/ FornoDamiani, Italy][Shufersal]",1,"000078 - sfogliette pizza 180 gr [EuroSnacks/ FornoDamiani, Italy][Shufersal]",,", 19 Jan, 2025",New Process,"EuroSnacks/ FornoDamiani, Italy",,,,,No,New - Need to approve,#300,"By Operation Manager on 23 Jan, 2025","By Operation Manager on 23 Jan, 2025"
"Graphics: 000088 - SFOGLIETTE ROSEMARY [EuroSnacks/ FornoDamiani, Italy][Shufersal]",1,"000088 - SFOGLIETTE ROSEMARY [EuroSnacks/ FornoDamiani, Italy][Shufersal]",,", 19 Jan, 2025",New Process,"EuroSnacks/ FornoDamiani, Italy",,,,,No,New - Need to approve,#301,"By Operation Manager on 23 Jan, 2025","By Operation Manager on 23 Jan, 2025"
"Graphics: 000079 - sfogliette
  with olives 180 gr [EuroSnacks/ FornoDamiani, Italy][Shufersal]",1,"000079 - sfogliette
  with olives 180 gr [EuroSnacks/ FornoDamiani, Italy][Shufersal]",,", 19 Jan, 2025",New Process,"EuroSnacks/ FornoDamiani, Italy",,,,,No,New - Need to approve,#302,"By Operation Manager on 23 Jan, 2025","By Operation Manager on 23 Jan, 2025"
"Graphics: 000234 - Organic frozen vegetable mix, Harduf 800 grams [GreenYard, Belgium][Harduf - All Organics]",1,"000234 - Organic frozen vegetable mix, Harduf 800 grams [GreenYard, Belgium][Harduf - All Organics]",,"Organic frozen vegetables , Harduf - All Organics- GreenYard, Belgium, 19 Jan, 2025",New Process,"GreenYard, Belgium",Harduf - All Organics,,,,No,New - Need to approve,#303,"By Operation Manager on 23 Jan, 2025","By Operation Manager on 23 Jan, 2025"
"Graphics: 000231 - Organic frozen corn kernels 800 g Harduf [GreenYard, Belgium][Harduf - All Organics]",1,"000231 - Organic frozen corn kernels 800 g Harduf [GreenYard, Belgium][Harduf - All Organics]",,"Organic frozen vegetables , Harduf - All Organics- GreenYard, Belgium, 19 Jan, 2025",New Process,"GreenYard, Belgium",Harduf - All Organics,,,,No,New - Need to approve,#304,"By Operation Manager on 23 Jan, 2025","By Operation Manager on 23 Jan, 2025"
"Graphics: 000233 - Organic frozen whole beans, Harduf 800 grams [GreenYard, Belgium][Harduf - All Organics]",1,"000233 - Organic frozen whole beans, Harduf 800 grams [GreenYard, Belgium][Harduf - All Organics]",,"Organic frozen vegetables , Harduf - All Organics- GreenYard, Belgium, 19 Jan, 2025",New Process,"GreenYard, Belgium",Harduf - All Organics,,,,No,New - Need to approve,#305,"By Operation Manager on 23 Jan, 2025","By Operation Manager on 23 Jan, 2025"
"Graphics: 000232 - Organic Frozen Fine Peas Harduf 800 grams [GreenYard, Belgium][Harduf - All Organics]",1,"000232 - Organic Frozen Fine Peas Harduf 800 grams [GreenYard, Belgium][Harduf - All Organics]",,"Organic frozen vegetables , Harduf - All Organics- GreenYard, Belgium, 19 Jan, 2025",New Process,"GreenYard, Belgium",Harduf - All Organics,,,,No,New - Need to approve,#306,"By Operation Manager on 23 Jan, 2025","By Operation Manager on 23 Jan, 2025"
"Graphics: 000326 - wafers gluten free 21.5g*3 [Helwa, Netherlands][Shufersal]",1,"000326 - wafers gluten free 21.5g*3 [Helwa, Netherlands][Shufersal]",,"No-added sugar Chocolate-covered wafers, Shufersal- Helwa, Netherlands, 19 Jan, 2025",New Process,"Helwa, Netherlands",Shufersal,,,,No,New - Need to approve,#309,"By Operation Manager on 23 Jan, 2025","By Operation Manager on 23 Jan, 2025"
"Graphics: 000104 - wafers no added sugar 21.5g*3 [Helwa, Netherlands][Shufersal]",1,"000104 - wafers no added sugar 21.5g*3 [Helwa, Netherlands][Shufersal]",,"No-added sugar Chocolate-covered wafers, Shufersal- Helwa, Netherlands, 19 Jan, 2025",New Process,"Helwa, Netherlands",Shufersal,,,,No,New - Need to approve,#310,"By Operation Manager on 23 Jan, 2025","By Operation Manager on 23 Jan, 2025"
"Graphics: 000105 - No added sugar, 150 gr. Chocolate wafer [Helwa, Netherlands][Shufersal]",1,"000105 - No added sugar, 150 gr. Chocolate wafer [Helwa, Netherlands][Shufersal]",,"No-added sugar Chocolate-covered wafers, Shufersal- Helwa, Netherlands, 19 Jan, 2025",New Process,"Helwa, Netherlands",Shufersal,,,,No,New - Need to approve,#311,"By Operation Manager on 23 Jan, 2025","By Operation Manager on 23 Jan, 2025"
"Graphics: 000089 - Dark Chocolate 72% Sugar-Free [Icam, Italy][Shufersal]",0,"000089 - Dark Chocolate 72% Sugar-Free [Icam, Italy][Shufersal]",K202c_SF_DarkChocolate_100gr_295662.pdf,"Chocolate Tablets, 100Gr. Sugar-Free, Shufersal- Icam, Italy, 19 Jan, 2025",Approved,"Icam, Italy",Shufersal,,,30/11/2023,Yes,Approved	,#312,"By Operation Manager on 23 Jan, 2025","By Operation Manager on 23 Jan, 2025"
"Graphics: 000091 - Milk Chocolate 32% Sugar-Free [Icam, Italy][Shufersal]",0,"000091 - Milk Chocolate 32% Sugar-Free [Icam, Italy][Shufersal]",K202b_SF_MilkChocolate_100gr_295655.pdf,"Chocolate Tablets, 100Gr. Sugar-Free, Shufersal- Icam, Italy, 19 Jan, 2025",Approved,"Icam, Italy",Shufersal,,,30/11/2023,Yes,Approved	,#313,"By Operation Manager on 23 Jan, 2025","By Operation Manager on 23 Jan, 2025"
"Graphics: 000090 - Milk Chocolate 32% Sugar-Free with Hazelnuts [Icam, Italy][Shufersal]",0,"000090 - Milk Chocolate 32% Sugar-Free with Hazelnuts [Icam, Italy][Shufersal]",K202a_SF_MilkChocolate+Nuts_100gr_295679.pdf,"Chocolate Tablets, 100Gr. Sugar-Free, Shufersal- Icam, Italy, 19 Jan, 2025",Approved,"Icam, Italy",Shufersal,,,30/11/2023,Yes,Approved	,#314,"By Operation Manager on 23 Jan, 2025","By Operation Manager on 23 Jan, 2025"
"Graphics: 000275 - 5L Sunflower oil [Kadoogu Yag san ve Tic As, Turkey][Shufersal]",0,"000275 - 5L Sunflower oil [Kadoogu Yag san ve Tic As, Turkey][Shufersal]",,", 19 Jan, 2025",New Process,"Kadoogu Yag san ve Tic As, Turkey",Shufersal,,,,No,New - Need to approve,#318,"By Operation Manager on 23 Jan, 2025","By Operation Manager on 23 Jan, 2025"
"Graphics: 000297 - chickpeas ,No Uniqe nutritional attributes,380 [La Doria, Italy][Shufersal]",0,"000297 - chickpeas ,No Uniqe nutritional attributes,380 [La Doria, Italy][Shufersal]","K417b_Puleses_Chickpeas_380ml_497189.pdf, 5_APP.pdf","Legumes in Conerves, Shufersal- La Doria, Italy, 19 Jan, 2025",Approved,"La Doria, Italy",Shufersal,120*72,,18/7/2023,Yes,Approved	,#215,"By SmartSuite Automation on 4 Nov, 2024","By Operation Manager on 22 Jan, 2025"
"Graphics: 000042 - Finely Chopped Tomatoes 3x400 [La Doria, Italy][Shufersal]",0,"000042 - Finely Chopped Tomatoes 3x400 [La Doria, Italy][Shufersal]",Shufersal Polpa Fine 3x400g cluster in cartoncino - Tonygraf _48C10824AU5__1.pdf,"Finely Chopped Tomatoes 3x400, Shufersal- La Doria, Italy, 19 Jan, 2025",Approved,"La Doria, Italy",Shufersal,,,1/1/2025,Yes,New - Need to approve,#279,"By Operation Manager on 22 Jan, 2025","By Operation Manager on 22 Jan, 2025"
"Graphics: 000106 - TOMATO PASTA SAUCE WITH BASILICO 350 G [La Doria, Italy][Shufersal]",0,"000106 - TOMATO PASTA SAUCE WITH BASILICO 350 G [La Doria, Italy][Shufersal]",Supersol Green (K) Sugo Bio Basilico 350g etichetta v6 - GAM (49B1F100AY9V00).pdf,"Tomato based Paste sauces, 350 gr, Shufersal- La Doria, Italy, 20 Jan, 2025",Approved,"La Doria, Italy",Shufersal,,,28/11/2023,Yes,Approved	,#280,"By Operation Manager on 22 Jan, 2025","By Operation Manager on 22 Jan, 2025"
"Graphics: 000107 - TOMATO PASTA SAUCE GARLIC 350 GR. [La Doria, Italy][Shufersal]",0,"000107 - TOMATO PASTA SAUCE GARLIC 350 GR. [La Doria, Italy][Shufersal]",Supersol Green (K) Sugo Bio Origano 350g etichetta v6 - GAM (49NAF100AY9V00).pdf,"Tomato based Paste sauces, 350 gr, Shufersal- La Doria, Italy, 20 Jan, 2025",Approved,"La Doria, Italy",Shufersal,,,28/11/2023,Yes,Approved	,#281,"By Operation Manager on 22 Jan, 2025","By Operation Manager on 22 Jan, 2025"
"Graphics: 000098 - Neapolitan sauce 350 gr [La Doria, Italy][Shufersal]",1,"000098 - Neapolitan sauce 350 gr [La Doria, Italy][Shufersal]",,"Tomato based Paste sauces, 350 gr, Shufersal- La Doria, Italy, 20 Jan, 2025",New Process,"La Doria, Italy",Shufersal,,,28/11/2023,Yes,Approved	,#282,"By Operation Manager on 22 Jan, 2025","By Success Management on 23 Jan, 2025"
"Graphics: 000307 - Cannellini beans,No Uniqe nutritional attributes,380 [La Doria, Italy][Shufersal]",0,"000307 - Cannellini beans,No Uniqe nutritional attributes,380 [La Doria, Italy][Shufersal]","K417a_Puleses_CannelliniBeans_380ml_497219.pdf, 1_APP.pdf","Legumes in Conerves, Shufersal- La Doria, Italy, 19 Jan, 2025",Approved,"La Doria, Italy",Shufersal,,,16/7/2023,Yes,Approved	,#283,"By Operation Manager on 22 Jan, 2025","By Operation Manager on 22 Jan, 2025"
"Graphics: 000310 - Red kidney beans ,No Uniqe nutritional attributes,380 [La Doria, Italy][Shufersal]",0,"000310 - Red kidney beans ,No Uniqe nutritional attributes,380 [La Doria, Italy][Shufersal]","K417d_Puleses_RedKidneyBeans_380ml_497196.pdf, 4_APP.pdf","Legumes in Conerves, Shufersal- La Doria, Italy, 19 Jan, 2025",Approved,"La Doria, Italy",Shufersal,,,16/7/2023,Yes,Approved	,#284,"By Operation Manager on 22 Jan, 2025","By Operation Manager on 22 Jan, 2025"
"Graphics: 000340 - blake beans in brine 380 gr [La Doria, Italy][Shufersal]",0,"000340 - blake beans in brine 380 gr [La Doria, Italy][Shufersal]","K417c_Puleses_BlackBeans_380ml_497226.pdf, 3_APP.pdf","Legumes in Conerves, Shufersal- La Doria, Italy, 19 Jan, 2025",Approved,"La Doria, Italy",Shufersal,,,16/7/2023,Yes,Approved	,#285,"By Operation Manager on 22 Jan, 2025","By Operation Manager on 22 Jan, 2025"
"Graphics: 000227 - Sfornatini 140g [La Mole, Italy][Shufersal]",1,"000227 - Sfornatini 140g [La Mole, Italy][Shufersal]",tracciato box Sfornatini (1).pdf,"Pita Chips & Grissini, Shufersal- La Mole, Italy, 19 Jan, 2025",Process Pending,"La Mole, Italy",Shufersal,,,12/5/2023,Yes,Approved	,#315,"By Success Management on 23 Jan, 2025","By Success Management on 23 Jan, 2025"
"Graphics: 000228 - Pita Chips (Natural, Pizza, Paprika, Garlic, Herbs) [La Mole, Italy][Shufersal]",0,"000228 - Pita Chips (Natural, Pizza, Paprika, Garlic, Herbs) [La Mole, Italy][Shufersal]",,"Pita Chips & Grissini, Shufersal- La Mole, Italy, 19 Jan, 2025",New Process,"La Mole, Italy",Shufersal,,,,No,New - Need to approve,#316,"By Success Management on 23 Jan, 2025","By Success Management on 23 Jan, 2025"
"Graphics: 000074 - MUNCHIES SPICY RICE AND PEANUTS 400GR [Maas Intersales, Netherlands][Shufersal]",0,"000074 - MUNCHIES SPICY RICE AND PEANUTS 400GR [Maas Intersales, Netherlands][Shufersal]",,", 19 Jan, 2025",New Process,"Maas Intersales, Netherlands",Leiman Schlussel Ltd,,,,No,New - Need to approve,#319,"By Operation Manager on 23 Jan, 2025","By Operation Manager on 23 Jan, 2025"
"Graphics: 000075 - MUNCHIES SPICY RICE AND PEANUTS 200GR [Maas Intersales, Netherlands][Shufersal]",0,"000075 - MUNCHIES SPICY RICE AND PEANUTS 200GR [Maas Intersales, Netherlands][Shufersal]",,", 19 Jan, 2025",New Process,"Maas Intersales, Netherlands",Leiman Schlussel Ltd,,,,No,New - Need to approve,#320,"By Operation Manager on 23 Jan, 2025","By Operation Manager on 23 Jan, 2025"
"Graphics: 000060 - organic chestnuts [Maas Intersales, Netherlands][Shufersal]",0,"000060 - organic chestnuts [Maas Intersales, Netherlands][Shufersal]",new design2023_APP.pdf,"organic chestnuts, Shufersal- Maas Intersales, Netherlands, 19 Jan, 2025",Approved,"Maas Intersales, Netherlands",,,,11/8/2023,Yes,New - Need to approve,#321,"By Operation Manager on 23 Jan, 2025","By Operation Manager on 23 Jan, 2025"
"Graphics: 000081 - 750ML EXTRA VIRGIN OLIVE OIL [Mueloliva , Spain][Marav Mazonkol (Osher Ad)]",0,"000081 - 750ML EXTRA VIRGIN OLIVE OIL [Mueloliva , Spain][Marav Mazonkol (Osher Ad)]","K459_OliveOil_750ml_MuelOliva_659891.pdf, 750 back.pdf, 750 front.pdf",", 19 Jan, 2025",Approved,"Mueloliva , Spain",Shufersal,,,,No,New - Need to approve,#322,"By Operation Manager on 23 Jan, 2025","By Success Management on 23 Jan, 2025"
"Graphics: 000031 - Sultana raisins, Organic 250 gr, Shufersal [Ozgur, Turkey][Shufersal]",0,"000031 - Sultana raisins, Organic 250 gr, Shufersal [Ozgur, Turkey][Shufersal]",,"Sultanas Organic 250 and 500  gr., Shufersal- Ozgur, Turkey, 19 Jan, 2025",New Process,"Ozgur, Turkey",Shufersal,,,,No,New - Need to approve,#323,"By Operation Manager on 23 Jan, 2025","By Operation Manager on 23 Jan, 2025"
"Graphics: 000266 - Sultana raisins, Organic 500 gr. Shufersal [Ozgur, Turkey][Shufersal]",0,"000266 - Sultana raisins, Organic 500 gr. Shufersal [Ozgur, Turkey][Shufersal]",,"Sultanas Organic 250 and 500  gr., Shufersal- Ozgur, Turkey, 19 Jan, 2025",New Process,"Ozgur, Turkey",Shufersal,,,,No,New - Need to approve,#324,"By Operation Manager on 23 Jan, 2025","By Operation Manager on 23 Jan, 2025"
"Graphics: 000026 - penne gluten free 400 gr [Pastificio Mennucci S.P.A, Italy][Shufersal]",1,"000026 - penne gluten free 400 gr [Pastificio Mennucci S.P.A, Italy][Shufersal]",Penne-VARIATION LOT-01.pdf,", 19 Jan, 2025",New Process,"Pastificio Mennucci S.P.A, Italy",Shufersal,,,,No,New - Need to approve,#325,"By Operation Manager on 23 Jan, 2025","By Success Management on 23 Jan, 2025"
"Graphics: 000027 - Gluten free spaghetti [Pastificio Mennucci S.P.A, Italy][]",1,"000027 - Gluten free spaghetti [Pastificio Mennucci S.P.A, Italy][]",,", 19 Jan, 2025",New Process,"Pastificio Mennucci S.P.A, Italy",Shufersal,,,,No,New - Need to approve,#326,"By Operation Manager on 23 Jan, 2025","By Operation Manager on 23 Jan, 2025"
"Graphics: 000028 - Gluten free fusilli [Pastificio Mennucci S.P.A, Italy][]",2,"000028 - Gluten free fusilli [Pastificio Mennucci S.P.A, Italy][]",Fusilli-VARIATION LOT.pdf,", 19 Jan, 2025",New Process,"Pastificio Mennucci S.P.A, Italy",Shufersal,,,,No,New - Need to approve,#327,"By Operation Manager on 23 Jan, 2025","By Success Management on 23 Jan, 2025"
"Graphics: 000136 - TORTILLA
  CHIPS ""PAQUITA"" 50 gr [Pata S.P.A, Italy][Schestowitz]",0,"000136 - TORTILLA
  CHIPS ""PAQUITA"" 50 gr [Pata S.P.A, Italy][Schestowitz]",,", 19 Jan, 2025",New Process,"Pata S.P.A, Italy",Schestowitz,,,,No,New - Need to approve,#328,"By Operation Manager on 23 Jan, 2025","By Operation Manager on 23 Jan, 2025"
"Graphics: 000137 - CORN CHIPS
  ""PAQUITA"" 50 gr [Pata S.P.A, Italy][Schestowitz]",0,"000137 - CORN CHIPS
  ""PAQUITA"" 50 gr [Pata S.P.A, Italy][Schestowitz]",,", 19 Jan, 2025",New Process,"Pata S.P.A, Italy",Schestowitz,,,,No,New - Need to approve,#329,"By Operation Manager on 23 Jan, 2025","By Operation Manager on 23 Jan, 2025"
"Graphics: 000138 - RIPPLED
  CHIPS (GRIGLIATA) 50 gr [Pata S.P.A, Italy][Schestowitz]",0,"000138 - RIPPLED
  CHIPS (GRIGLIATA) 50 gr [Pata S.P.A, Italy][Schestowitz]",,", 19 Jan, 2025",New Process,"Pata S.P.A, Italy",Schestowitz,,,,No,New - Need to approve,#330,"By Operation Manager on 23 Jan, 2025","By Operation Manager on 23 Jan, 2025"
"Graphics: 000139 - Law Fat and Clories chips [Pata S.P.A, Italy][Schestowitz]",0,"000139 - Law Fat and Clories chips [Pata S.P.A, Italy][Schestowitz]",,", 19 Jan, 2025",New Process,"Pata S.P.A, Italy",Schestowitz,,,,No,New - Need to approve,#331,"By Operation Manager on 23 Jan, 2025","By Operation Manager on 23 Jan, 2025"
"Graphics: 000140 - CORN CHIPS ""PAQUITA"" 200 gr., White corn flour [Pata S.P.A, Italy][Schestowitz]",0,"000140 - CORN CHIPS ""PAQUITA"" 200 gr., White corn flour [Pata S.P.A, Italy][Schestowitz]",,", 19 Jan, 2025",New Process,"Pata S.P.A, Italy",Schestowitz,,,,No,New - Need to approve,#332,"By Operation Manager on 23 Jan, 2025","By Operation Manager on 23 Jan, 2025"
"Graphics: 000230 - CHIPS
  SALTED 50 gr [Pata S.P.A, Italy][Schestowitz]",0,"000230 - CHIPS
  SALTED 50 gr [Pata S.P.A, Italy][Schestowitz]",,", 19 Jan, 2025",New Process,"Pata S.P.A, Italy",Schestowitz,,,,No,New - Need to approve,#333,"By Operation Manager on 23 Jan, 2025","By Operation Manager on 23 Jan, 2025"
"Graphics: 000342 - PATA NACHOS TORTILLA WHITE CORN [Pata S.P.A, Italy][Schestowitz]",0,"000342 - PATA NACHOS TORTILLA WHITE CORN [Pata S.P.A, Italy][Schestowitz]",,", 19 Jan, 2025",New Process,"Pata S.P.A, Italy",Schestowitz,,,,No,New - Need to approve,#334,"By Operation Manager on 23 Jan, 2025","By Operation Manager on 23 Jan, 2025"
"Graphics: 000024 - Natural Lemon Juice 250ml. [Polenghi, Italy][Ta'aman]",0,"000024 - Natural Lemon Juice 250ml. [Polenghi, Italy][Ta'aman]","K306_lemon_juice_250ml_LABEL_404903.pdf, Etichetta  90 X 135.pdf, FUSTELLA 160x67 - 500ML.pdf","Lemon Juice for salads, Shufersal- Polenghi, Italy, Lemon Juice for salads, Ta'aman- Polenghi, Italy, 19 Jan, 2025",Process Pending,"Polenghi, Italy",Shufersal,,,4/1/2024,Yes,New - Need to approve,#272,"By Operation Manager on 20 Jan, 2025","By Success Management on 23 Jan, 2025"
"Graphics: 000323 - LEMON JUICE 1L. TAAMAN [Polenghi, Italy][Ta'aman]",1,"000323 - LEMON JUICE 1L. TAAMAN [Polenghi, Italy][Ta'aman]","Etichetta  90 X 135 (1).pdf, FUSTELLA 160x67 - 500ML (1).pdf","Lemon Juice for salads, Shufersal- Polenghi, Italy, Lemon Juice for salads, Ta'aman- Polenghi, Italy, 19 Jan, 2025",Process Pending,"Polenghi, Italy",Shufersal,,,21/11/2024,Yes,New - Need to approve,#273,"By Operation Manager on 20 Jan, 2025","By Success Management on 23 Jan, 2025"
"Graphics: 000023 - PRESERVED LEMON JUICE 500 ML. [Polenghi, Italy][Ta'aman]",1,"000023 - PRESERVED LEMON JUICE 500 ML. [Polenghi, Italy][Ta'aman]","Etichetta  90 X 135.pdf, FUSTELLA 160x67 - 500ML.pdf","Lemon Juice for salads, Shufersal- Polenghi, Italy, Lemon Juice for salads, Ta'aman- Polenghi, Italy, 19 Jan, 2025",Process Pending,"Polenghi, Italy",Shufersal,,,1/1/2025,Yes,New - Need to approve,#286,"By Operation Manager on 22 Jan, 2025","By Success Management on 23 Jan, 2025"
"Graphics: 000023 - PRESERVED LEMON JUICE 500 ML. [Polenghi, Italy][Ta'aman]",0,"000023 - PRESERVED LEMON JUICE 500 ML. [Polenghi, Italy][Ta'aman]",doc01586320250330094520.pdf,"Lemon Juice for salads, Ta'aman- Polenghi, Italy, 30 Mar, 2025",Approved,"Polenghi, Italy",Ta'aman,,,,No,Approved	,#358,"By Operation Manager on 30 Mar, 2025","By Operation Manager on 30 Mar, 2025"
"Graphics: 000323 - LEMON JUICE 1L. TAAMAN [Polenghi, Italy][Ta'aman]",0,"000323 - LEMON JUICE 1L. TAAMAN [Polenghi, Italy][Ta'aman]",doc01560520250320124648.pdf,"Lemon Juice for salads, Ta'aman- Polenghi, Italy, 30 Mar, 2025",Approved,"Polenghi, Italy",Ta'aman,,,20/3/2025,No,Approved	,#359,"By Operation Manager on 30 Mar, 2025","By Operation Manager on 30 Mar, 2025"
"Graphics: 000325 - Poyraz, 750 ml. Extra Virgin Olive Oil, H. cohen (Yesh Private label) [Poyraz, Turkey][Shufersal]",0,"000325 - Poyraz, 750 ml. Extra Virgin Olive Oil, H. cohen (Yesh Private label) [Poyraz, Turkey][Shufersal]",image (2).png,"750 ml. Olive oil to H. Cohen (Yesh P.L), H. Cohen Import Marketing & Logistics Ltd- Poyraz, Turkey, 22 Jan, 2025",Approved,"Poyraz, Turkey",H. Cohen Import Marketing & Logistics Ltd,,,1/1/2024,Yes,Approved	,#335,"By Operation Manager on 23 Jan, 2025","By Operation Manager on 23 Jan, 2025"
"Graphics: 000259 - Poyraz Extra Virgin Olive Oil, Ohser- Ad [Poyraz, Turkey][Shufersal]",1,"000259 - Poyraz Extra Virgin Olive Oil, Ohser- Ad [Poyraz, Turkey][Shufersal]",,"750ML EXTRA VIRGIN OLIVE OIL, Marav Mazonkol (Osher Ad)- Poyraz, Turkey, 22 Jan, 2025",New Process,"Poyraz, Turkey",Marav Mazonkol (Osher Ad),,,,No,New - Need to approve,#336,"By Operation Manager on 23 Jan, 2025","By Operation Manager on 23 Jan, 2025"
"Graphics: 000288 - Poyraz Extra Virgin Olive Oil, Shufersal [Poyraz, Turkey][Shufersal]",0,"000288 - Poyraz Extra Virgin Olive Oil, Shufersal [Poyraz, Turkey][Shufersal]",,"EXTRA VIRGIN OLIVE OIL 750 & 500 ML, Shufersal- Poyraz, Turkey, 19 Jan, 2025",Approved,"Poyraz, Turkey",Shufersal,,,18/9/2024,Yes,Approved	,#337,"By Operation Manager on 23 Jan, 2025","By Operation Manager on 23 Jan, 2025"
"Graphics: 000277 - Finely chopped tomatoes crop 2022 [Solana, Italy][ProPlus]",0,"000277 - Finely chopped tomatoes crop 2022 [Solana, Italy][ProPlus]",Etichetta - solona crushed tomatoes - proplus4.4.22.pdf,"Finely chopped tomatoes crop 2022, ProPlus- Solana, Italy, 19 Jan, 2025",Approved,"Solana, Italy",ProPlus,,,10/8/2024,Yes,Approved	,#338,"By Operation Manager on 23 Jan, 2025","By Operation Manager on 23 Jan, 2025"
"Graphics: 000019 - HAZELNUT CREAM FILLED COOKIES 150 GR [Vicenzi, Italy][Shufersal]",0,"000019 - HAZELNUT CREAM FILLED COOKIES 150 GR [Vicenzi, Italy][Shufersal]",S010_FilledCookies_Hazelnut_150g_162001_1.pdf,"Cookies from Vicenzi, Shufersal- Vicenzi, Italy, 19 Jan, 2025",Approved,"Vicenzi, Italy",Shufersal,,,13/8/2024,Yes,Approved	,#206,"By SmartSuite Automation on 4 Nov, 2024","By Operation Manager on 22 Jan, 2025"
"Graphics: 000018 - CHOCOLATE CREAM FILLED COOKIES 150 GR
 [Vicenzi, Italy][Shufersal]",0,"000018 - CHOCOLATE CREAM FILLED COOKIES 150 GR
 [Vicenzi, Italy][Shufersal]",S010_FilledCookies_150g_161981_2.pdf,"Cookies from Vicenzi, Shufersal- Vicenzi, Italy, 19 Jan, 2025",Approved,"Vicenzi, Italy",Shufersal,,,13/8/2024,Yes,Approved	,#207,"By SmartSuite Automation on 4 Nov, 2024","By Operation Manager on 22 Jan, 2025"
"Graphics: 000092 - Ladyfingers ""Shufersal"" 200g [Vicenzi, Italy][Shufersal]",0,"000092 - Ladyfingers ""Shufersal"" 200g [Vicenzi, Italy][Shufersal]",S023_Biscotti_200g_218807.pdf,"Cookies from Vicenzi, Shufersal- Vicenzi, Italy, 19 Jan, 2025",Approved,"Vicenzi, Italy",Shufersal,,,1/1/2025,Yes,Approved	,#209,"By SmartSuite Automation on 4 Nov, 2024","By Operation Manager on 22 Jan, 2025"
"Graphics: 000276 - vanila filled cookies 150 gr [Vicenzi, Italy][Shufersal]",0,"000276 - vanila filled cookies 150 gr [Vicenzi, Italy][Shufersal]",S010_FilledCookies_Vanilla_150g_526407.pdf,"Cookies from Vicenzi, Shufersal- Vicenzi, Italy, 19 Jan, 2025",Approved,"Vicenzi, Italy",Shufersal,,,1/1/2025,Yes,Approved	,#210,"By SmartSuite Automation on 4 Nov, 2024","By Operation Manager on 22 Jan, 2025"
"Graphics: 000092 - Ladyfingers ""Shufersal"" 200g [Vicenzi, Italy][Shufersal]",0,"000092 - Ladyfingers ""Shufersal"" 200g [Vicenzi, Italy][Shufersal]",S023_Biscotti_200g_218807 (2).pdf,"Cookies from Vicenzi, Shufersal- Vicenzi, Italy, 19 Jan, 2025",Approved,"Vicenzi, Italy",Shufersal,,,9/3/2025,No,Approved	,#355,"By Udi Stryk on 10 Mar, 2025","By Udi Stryk on 10 Mar, 2025"
"Graphics: 000018 - CHOCOLATE CREAM FILLED COOKIES 150 GR
 [Vicenzi, Italy][Shufersal]",0,"000018 - CHOCOLATE CREAM FILLED COOKIES 150 GR
 [Vicenzi, Italy][Shufersal]",S010_FilledCookies_150g_161981 (2).pdf,"Cookies from Vicenzi, Shufersal- Vicenzi, Italy, 19 Jan, 2025",Approved,"Vicenzi, Italy",Shufersal,,,9/3/2025,No,Approved	,#356,"By Operation Manager on 10 Mar, 2025","By Operation Manager on 10 Mar, 2025"
"Graphics: 000019 - HAZELNUT CREAM FILLED COOKIES 150 GR [Vicenzi, Italy][Shufersal]",0,"000019 - HAZELNUT CREAM FILLED COOKIES 150 GR [Vicenzi, Italy][Shufersal]",S010_FilledCookies_Hazelnut_150g_162001 (2).pdf,"Cookies from Vicenzi, Shufersal- Vicenzi, Italy, 19 Jan, 2025",Approved,"Vicenzi, Italy",Shufersal,,,10/3/2025,No,Approved	,#357,"By Operation Manager on 10 Mar, 2025","By Operation Manager on 10 Mar, 2025"
"Graphics: 000348 - Parsnip sweet potato&beetroot chips 85gr [Viube/Grupo Apex/ Mikso, Spain][Shufersal]",0,"000348 - Parsnip sweet potato&beetroot chips 85gr [Viube/Grupo Apex/ Mikso, Spain][Shufersal]",,"Vegetable chips 85gr, Shufersal- Viube/Grupo Apex/ Mikso, Spain, 19 Jan, 2025",New Process,"Viube/Grupo Apex/ Mikso, Spain",Shufersal,,,,No,New - Need to approve,#339,"By Operation Manager on 23 Jan, 2025","By Operation Manager on 23 Jan, 2025"
"Graphics: 000350 - orange sweet potato&purple sweet chips85 [Viube/Grupo Apex/ Mikso, Spain][Shufersal]",0,"000350 - orange sweet potato&purple sweet chips85 [Viube/Grupo Apex/ Mikso, Spain][Shufersal]",,"Vegetable chips 85gr, Shufersal- Viube/Grupo Apex/ Mikso, Spain, 19 Jan, 2025",New Process,"Viube/Grupo Apex/ Mikso, Spain",Shufersal,,,,No,New - Need to approve,#340,"By Operation Manager on 23 Jan, 2025","By Operation Manager on 23 Jan, 2025"
"Graphics: 000351 - striped beetroot&white potato chips 85gr [Viube/Grupo Apex/ Mikso, Spain][Shufersal]",0,"000351 - striped beetroot&white potato chips 85gr [Viube/Grupo Apex/ Mikso, Spain][Shufersal]",,"Vegetable chips 85gr, Shufersal- Viube/Grupo Apex/ Mikso, Spain, 19 Jan, 2025",New Process,"Viube/Grupo Apex/ Mikso, Spain",Shufersal,,,,No,New - Need to approve,#341,"By Operation Manager on 23 Jan, 2025","By Operation Manager on 23 Jan, 2025"
