Proposal ID,Request,Buyer,Supplier,Supplier's country,Status,Products,Incoterms,Port of loading,Seller's VAT number,Branding Label,Link to Action items,Link to Adaptation,Link to Orders,Proposal Doc.,Product images,Supplier's Logo,Supplier's Profile images,Payment Terms,Forecast Files,Auto Number,First Created,"ID",ID (lookup from Request),Last Updated,Link to Project status,Open Comments,Proposal Line Items
"Frozen vegtable Achim Cohen , Achim Cohen- Ardo, Belgium","Frozen vegtable Achim Cohen , Achim Cohen",Achim Cohen,"Ardo, Belgium",Belgium,New,"000414 - Ardo bean gr whole blanch no cutting size 4x2,5kg [Ardo, Belgium][Achim Cohen]",,"Zeebrugge, Belgium.",BE 0416.330.136,Supplier label,,,,,5411361075500_fl1001474_ardo_whole_green_beans_very_fine_1kg_a.jpg,Ardo_0.png.webp,,OPEN ACCOUNT,,000643,"By Operation Manager on 20 Feb, 2025 at 9:55 AM",002313,002313,"By Operation Manager on 20 Feb, 2025",,0,
"Frozen french fries 9X9 - Carrefour, Carrefour- Bergia frites, Netherlands","Frozen french fries 9X9 - Carrefour, Carrefour",Carrefour,"Bergia frites, Netherlands",Netherlands,New,"000444 - Frozen French fries  [Bergia frites, Netherlands][Carrefour], 000445 - Frozen French fries  [Bergia frites, Netherlands][Carrefour], 000446 - Frozen French fries  [Bergia frites, Netherlands][Carrefour]",,,11198236  B01,Private label,,,,,frozen-fries.webp | frozen-fries.webp | frozen-fries.webp,Bergia LOgo.jpg,,,Bergia Food Exchange - Forecast Cost Calculation.xls,000657,"By Operation Manager on 2 Apr, 2025 at 8:49 AM",002333,002333,"By Operation Manager on 2 Apr, 2025",,0,
"750/ 500 ml. Olive oil - mueloliva- Dor alon, Dor Alon- Mueloliva , Spain","750/ 500 ml. Olive oil - mueloliva- Dor alon, Dor Alon",Dor Alon,"Mueloliva , Spain",Spain,New,"000360 - Extra virgin olive oil 750 ml- Meuloliva [Mueloliva , Spain][Dor Alon], 000431 - Dor Alon 500 ml mueloliva [Mueloliva , Spain][Dor Alon]",,,B91397422 ,Supplier label,,,"Order: 000474-DOR [1-2025], Order: 000523-MMOA []",,Meuloliva bottle_750ml.png | f5120dd2-c83b-4543-9cdf-5f08c26af8b0_size3840_cropCenter.jpg,2.jpg,,,Olive oil Forecast Example.xls,000632,"By Success Management on 20 Jan, 2025 at 10:59 AM",002279,002279,"By Operation Manager on 27 Feb, 2025",,0,"000360 - Extra virgin olive oil 750 ml- Meuloliva [Mueloliva , Spain][Dor Alon] (750/ 500 ml. Olive oil - mueloliva- Dor alon, Dor Alon- Mueloliva , Spain)"
"Tuna Fish, Foodz- Conservas Friscos, S.A., Spain","Tuna Fish, Foodz",Foodz,"Conservas Friscos, S.A., Spain",Spain,New,,,N/A,,Private label,"We are waiting for the samples, after that insert the product with deails",,,,,,,,"20250320 OFFER CONSERVAS FRISCOS.pdf, 20250320 OFFER CONSERVAS FRISCOS.pdf",000656,"By Operation Manager on 26 Mar, 2025 at 2:00 PM",002328,002328,"By Operation Manager on 26 Mar, 2025",,0,
"Petit Beurre Biscuits , FoodzShufersal- Pally biscuits, Netherlands","Petit Beurre Biscuits , FoodzShufersal",Foodz | Shufersal,"Pally biscuits, Netherlands",Netherlands,In Process - Proposal Sent,"000433 - Petit Beurre-Pally Biscuits  [Pally biscuits, Netherlands][FoodzShufersal], 000440 - Pally biscuits Speculoos 250 gram
 [Pally biscuits, Netherlands][FoodzShufersal]",FOB,Rotterdam,,Private label,,,,,convert.jpg | convert.jpg,PaddedImage1280720FFFFFF-Logo.png,,OPEN ACCOUNT,,000655,"By Operation Manager on 18 Mar, 2025 at 10:18 AM",002315,002315,"By Operation Manager on 18 Mar, 2025",,0,
"750 ml. Olive oil to H. Cohen (Yesh P.L), H. Cohen Import Marketing & Logistics Ltd- Poyraz, Turkey","750 ml. Olive oil to H. Cohen (Yesh P.L), H. Cohen Import Marketing & Logistics Ltd",H. Cohen Import Marketing & Logistics Ltd,"Poyraz, Turkey",Turkey,Approved,"000325 - Poyraz, 750 ml. Extra Virgin Olive Oil, H. cohen (Yesh Private label) [Poyraz, Turkey][Shufersal]",,Izmir,,Private label,,"750 ml. Olive oil to H. Cohen (Yesh P.L), H. Cohen Import Marketing & Logistics Ltd- Poyraz, Turkey, 22 Jan, 2025, 750 ml. Olive oil to H. Cohen (Yesh P.L), H. Cohen Import Marketing & Logistics Ltd- Poyraz, Turkey, 20 Feb, 2025",Order: 000401-CIML [10005551],,7296073661801.jpg,poyrazoliveloillogo.png,,"25% Prepayment + 70%, week after arrival",,000625,"By SmartSuite Automation on 30 Oct, 2024 at 1:20 PM",002269,002269,"By Operation Manager on 20 Feb, 2025",,0,
"SeaWeed Snacks, Ha'Sade organic- Bhars, Portugal","SeaWeed Snacks, Ha'Sade organic",Ha'Sade organic,"Bhars, Portugal",Portugal ,New,,," Port of Leixões, portugal",,Private label,,,,,,Bhars.png,,,,000623,"By SmartSuite Automation on 30 Oct, 2024 at 1:19 PM",002253,002253,"By Operation Manager on 19 Feb, 2025",,0,
"Organic Frozen vegetables, Harduf - All Organics- Ardo, Belgium","Organic Frozen vegetables, Harduf - All Organics",Harduf - All Organics,"Ardo, Belgium",Belgium,New,"000374 - org sweetcorn supersweet kernel no cutting size ARDO [Ardo, Belgium][Harduf - All Organics], 000376 -  Wokmix - Ardo Organic broccoli, Organic carrot strips,  Organic yellow carrot strips, Organic green beans, Organic onions diced, Organic red pepper diced [Ardo, Belgium][Harduf - All Organics], 000377 -  Wokmix - Ardo Organic broccoli, Organic carrot strips,  Organic yellow carrot strips, Organic green beans, Organic onions diced, Organic red pepper diced [Ardo, Belgium][Harduf - All Organics], 000384 - org sweetcorn supersweet kernel no cutting size ARDO [Ardo, Belgium][Harduf - All Organics], 000387 - Ardo org broccolimix 4x2,5kg [Ardo, Belgium][Harduf - All Organics], 000388 - Ardo Summermix - Organic carrots diced, Organic cut green beans, Organic cauliflower, Organic peas - Ardo

 [Ardo, Belgium][Harduf - All Organics], 000389 - Ardo org pea garden not calibrated   [Ardo, Belgium][Harduf - All Organics], 000390 - Ardo org pea garden not calibrated   [Ardo, Belgium][Harduf - All Organics], 000391 - Ardo org bean gr whole blanch medium no cutting size  [Ardo, Belgium][Harduf - All Organics], 000392 - Ardo org bean gr whole blanch medium no cutting size [Ardo, Belgium][Harduf - All Organics], 000393 - Ardo org bean gr cut blanch fine 40mm  [Ardo, Belgium][Harduf - All Organics], 000394 - Ardo org bean gr cut blanch fine 40mm [Ardo, Belgium][Harduf - All Organics], 000381 - Ardo org broccolimix 4x2,5kg [Ardo, Belgium][Harduf - All Organics], 000379 -  Ardo Summermix - Organic carrots diced, Organic cut green beans, Organic cauliflower, Organic peas
 [Ardo, Belgium][Harduf - All Organics]",,"Zeebrugge, Belgium.",BE 0416.330.136,Private label,,,,,5411361012727_fl1000101_ardo_bio_sweetcorn_supersweet_25kg_b.jpg | 11777106.jpg | 11777106.jpg | 5411361012727_fl1000101_ardo_bio_sweetcorn_supersweet_25kg_b.jpg | 5411361650509_fl1001508_ardo_broccoli_mix_1kg_c.jpg | 5411361014998_fl1001369_ardo_bio_summer_mix_600g_c.jpg | 5411361014912_fl1001367_ardo_bio_garden_peas_600g_b.jpg | 5411361014912_fl1001367_ardo_bio_garden_peas_600g_b.jpg | 5411361014882_fl1002003_ardo_bio_whole_green_beans_600g_b.jpg | 5411361014882_fl1002003_ardo_bio_whole_green_beans_600g_b.jpg | 5411361012697_30002763_ardo_whole_green_beans_medium_fine_2500g.jpg | 5411361012697_30002763_ardo_whole_green_beans_medium_fine_2500g.jpg | 5411361650509_fl1001508_ardo_broccoli_mix_1kg_c.jpg | 5411361014998_fl1001369_ardo_bio_summer_mix_600g_c.jpg,Ardo_0.png.webp,,OPEN ACCOUNT,,000642,"By Operation Manager on 20 Feb, 2025 at 9:05 AM",002301,002301,"By Operation Manager on 20 Feb, 2025",,0,
"Organic Peeled tomatoes 425 gr, Harduf - All Organics- La Doria, Italy","Organic Peeled tomatoes 425 gr, Harduf - All Organics",Harduf - All Organics,"La Doria, Italy",Italy,New,"000361 - Organic Peeled tomatoes 425 gr - LA DORIA [La Doria, Italy][Harduf - All Organics]",,,IT00180700650,Supplier label | Raw material/ No- Brand,,,,,Technical data sheet - P054B4 - Organic Whole peeled tomatoes 400g (1).pdf | 909890685 renewal Eugea TOMATO.pdf | Certificato BIO Eugea Mediterranea IT-BIO-009.380-0059762.2024.001 ITA-ENG 05.03.2024 - 05.03.2027.pdf,0000s_0025_LA-DORIA-1-1.jpg,,OPEN ACCOUNT,,000634,"By Success Management on 23 Jan, 2025 at 10:01 AM",002282,002282,"By Operation Manager on 20 Feb, 2025",,0,"(Organic Peeled tomatoes 425 gr, Harduf - All Organics- La Doria, Italy)"
"Organic Whole Rice and Legumes Snack, Harduf - All Organics- Castelfood srl, Italy","Organic Whole Rice and Legumes Snack, Harduf - All Organics",Harduf - All Organics,"Castelfood srl, Italy",Italy,Approved,"000243 - Whole rice and pea crisp snack [Castelfood srl, Italy][Harduf - All Organics], 000239 - Corn, whole rice, and buckwheat crispy snack 60 grams Harduf [Castelfood srl, Italy][Harduf - All Organics], 000246 - Organic corn and buckwheat snack [Castelfood srl, Italy][Harduf - All Organics], 000244 - Organic corn and black rice snack [Castelfood srl, Italy][Harduf - All Organics], 000245 - Red Lentil and Organic Black Rice Snack [Castelfood srl, Italy][Harduf - All Organics], 000247 - Corn Cakes Snack with Legumes
60 grams Harduf [Castelfood srl, Italy][Harduf - All Organics]",,Venice,04639550286,Private label,,"Organic Whole Rice and Legumes Snack, Harduf - All Organics- Castelfood srl, Italy, 19 Jan, 2025, Organic Whole Rice and Legumes Snack, Harduf - All Organics- Castelfood srl, Italy, 30 Jan, 2025, Organic Whole Rice and Legumes Snack, Harduf - All Organics- Castelfood srl, Italy, 20 Feb, 2025","Order: 000242-HAL [1010116 / 1-24], Order: 000500-HAL [2-24]",,7290019483038_480x480.jpg | 742b0f25f209af53ca3a1bd6ce37c920.jpg | J788048_2732024151829_300_300.png | convert.jpg | 3c7f5f49504a2a2ee810f06e6b99fe32.jpg | CG0257.jpg,unnamed.png,,30% advance + 70% in 60 days,,000604,"By Udi Stryk on 26 Oct, 2024 at 6:26 AM",002243,002243,"By Operation Manager on 20 Feb, 2025",,0,"000244 - Organic corn and black rice snack [Castelfood srl, Italy][Harduf - All Organics] (Organic Whole Rice and Legumes Snack, Harduf - All Organics- Castelfood srl, Italy), 000239 - Corn, whole rice, and buckwheat crispy snack 60 grams Harduf [Castelfood srl, Italy][Harduf - All Organics] (Organic Whole Rice and Legumes Snack, Harduf - All Organics- Castelfood srl, Italy), 000243 - Whole rice and pea crisp snack [Castelfood srl, Italy][Harduf - All Organics] (Organic Whole Rice and Legumes Snack, Harduf - All Organics- Castelfood srl, Italy), 000246 - Organic corn and buckwheat snack [Castelfood srl, Italy][Harduf - All Organics] (Organic Whole Rice and Legumes Snack, Harduf - All Organics- Castelfood srl, Italy), 000247 - Corn Cakes Snack with Legumes
60 grams Harduf [Castelfood srl, Italy][Harduf - All Organics] (Organic Whole Rice and Legumes Snack, Harduf - All Organics- Castelfood srl, Italy), 000245 - Red Lentil and Organic Black Rice Snack [Castelfood srl, Italy][Harduf - All Organics] (Organic Whole Rice and Legumes Snack, Harduf - All Organics- Castelfood srl, Italy)"
"Organic frozen vegetables , Harduf - All Organics- GreenYard, Belgium","Organic frozen vegetables , Harduf - All Organics",Harduf - All Organics,"GreenYard, Belgium",Belgium,Approved,"000231 - Organic frozen corn kernels 800 g Harduf [GreenYard, Belgium][Harduf - All Organics], 000232 - Organic Frozen Fine Peas Harduf 800 grams [GreenYard, Belgium][Harduf - All Organics], 000233 - Organic frozen whole beans, Harduf 800 grams [GreenYard, Belgium][Harduf - All Organics], 000234 - Organic frozen vegetable mix, Harduf 800 grams [GreenYard, Belgium][Harduf - All Organics]",,, BE 0402777157​,Private label,,"Organic frozen vegetables , Harduf - All Organics- GreenYard, Belgium, 19 Jan, 2025, Organic frozen vegetables , Harduf - All Organics- GreenYard, Belgium, 20 Feb, 2025","Order: 000244-HAL [1010714], Order: 000525-HAL [1-24 / 1209609]",,,2015-12-16-09-50-untitled22_fill_80-2.png,,OPEN ACCOUNT,,000605,"By Udi Stryk on 28 Oct, 2024 at 11:25 AM",002258,002258,"By Operation Manager on 20 Feb, 2025",,0,"000234 - Organic frozen vegetable mix, Harduf 800 grams [GreenYard, Belgium][Harduf - All Organics] (Organic frozen vegetables , Harduf - All Organics- GreenYard, Belgium), 000233 - Organic frozen whole beans, Harduf 800 grams [GreenYard, Belgium][Harduf - All Organics] (Organic frozen vegetables , Harduf - All Organics- GreenYard, Belgium), 000231 - Organic frozen corn kernels 800 g Harduf [GreenYard, Belgium][Harduf - All Organics] (Organic frozen vegetables , Harduf - All Organics- GreenYard, Belgium), 000232 - Organic Frozen Fine Peas Harduf 800 grams [GreenYard, Belgium][Harduf - All Organics] (Organic frozen vegetables , Harduf - All Organics- GreenYard, Belgium)"
"MUNCHIES SPICY RICE AND  PEANUTS 400GR, Leiman Schlussel Ltd- Maas Intersales, Netherlands","MUNCHIES SPICY RICE AND  PEANUTS 400GR, Leiman Schlussel Ltd",Leiman Schlussel Ltd,"Maas Intersales, Netherlands",Netherlands,New,"000229 - Flavored coated peanuts [Maas Intersales, Netherlands][Leiman Schlussel Ltd], 000395 - Mixed Coated peanut ND4-4FHF12 [Maas Intersales, Netherlands][Leiman Schlussel Ltd], 000396 - rice cracker & nut mix -  ND4-4-FHF5 [Maas Intersales, Netherlands][Leiman Schlussel Ltd]",,, NL 861457109B01,Raw material/ No- Brand,,,Order: 000537-LSL [],,1481_1024x1024.jpg | convert.jpg | shutterstock_8997061-768x479.jpg,logo-3.png,,OPEN ACCOUNT,,000636,"By Operation Manager on 19 Feb, 2025 at 10:01 PM",002211,002211,"By Operation Manager on 22 Apr, 2025",,0,
"Cookies COOPERNATH, Leiman Schlussel Ltd- Coppenrath Feingebäck GmbH, Germany","Cookies COOPERNATH, Leiman Schlussel Ltd",Leiman Schlussel Ltd,"Coppenrath Feingebäck GmbH, Germany",Germany,New,"000410 - Coffeehouse Coooky - Kosher OU  [Coppenrath Feingebäck GmbH, Germany][Leiman Schlussel Ltd], 000411 - Butter Cookies Kosher OU [Coppenrath Feingebäck GmbH, Germany][Leiman Schlussel Ltd], 000412 - Wiener Sandringe (Kosher OU) [Coppenrath Feingebäck GmbH, Germany][Leiman Schlussel Ltd], 000413 - Haselnuss-Ringe (Kosher OU) [Coppenrath Feingebäck GmbH, Germany][Leiman Schlussel Ltd]",,N/A (No information about the closest seaport).,DE 154279975,Private label,,,,,Coppenrath%20Coffeehouse%20Coooky%20XL%20Caramel%20Biscuits%20250g-4VlTkMRi63.jpg | Coppenrath_Butter_Wafers_Cookies__86333.jpg | convert.jpg | convert.jpg,Logo-1.png,,,,000640,"By Operation Manager on 19 Feb, 2025 at 11:00 PM",002288,002288,"By Success Management on 22 Apr, 2025",,0,
"cracker 180 G , Leiman Schlussel Ltd- Fiore di Puglia, Italy","cracker 180 G , Leiman Schlussel Ltd",Leiman Schlussel Ltd,"Fiore di Puglia, Italy",Italy,New,"000432 - Taralli  250 gr  Fiore [Fiore di Puglia, Italy][Leiman Schlussel Ltd]",EXW,"Port of Bari, Italy.",,,,,,,convert.jpg,LOGO-FINALE-nuovo.jpg,,100% PrePayment,Taralli  250 gr  Fiore Forecast Example.xls,000641,"By Operation Manager on 19 Feb, 2025 at 11:03 PM",002287,002287,"By Operation Manager on 27 Feb, 2025",,0,
"750ML EXTRA VIRGIN OLIVE OIL, Marav Mazonkol (Osher Ad)- Poyraz, Turkey","750ML EXTRA VIRGIN OLIVE OIL, Marav Mazonkol (Osher Ad)",Marav Mazonkol (Osher Ad),"Poyraz, Turkey",Turkey,Approved,"000259 - Poyraz Extra Virgin Olive Oil, Ohser- Ad [Poyraz, Turkey][Shufersal]",,Izmir,,Supplier label,"Set a Due Date (Automation), Match Vendors with Request, Define the Description, Define The Products, Set Request Priority, Check if Order has invoice, Send Emails to Vendors, Check if all invoces are paid","750ML EXTRA VIRGIN OLIVE OIL, Marav Mazonkol (Osher Ad)- Poyraz, Turkey, 22 Jan, 2025, 750ML EXTRA VIRGIN OLIVE OIL, Marav Mazonkol (Osher Ad)- Poyraz, Turkey, 19 Feb, 2025",Order: 000521-MMOA [],,image.png,poyrazoliveloillogo.png,,"25% Prepayment + 70%, week after arrival",,000608,"By SmartSuite Automation on 30 Oct, 2024 at 1:19 PM",002206,002206,"By Operation Manager on 19 Feb, 2025",,0,
"Diced Tomato & Crushed Tomato, ProPlus- SAC S.p.A. Conserve Alimentari/ Victoria s.a.c, Italy","Diced Tomato & Crushed Tomato, ProPlus",ProPlus,"SAC S.p.A. Conserve Alimentari/ Victoria s.a.c, Italy",Italy,Approved,"000409 - Diced Tomato
 [SAC S.p.A. Conserve Alimentari/ Victoria s.a.c, Italy][ProPlus], 000408 - Crushed Tomato [SAC S.p.A. Conserve Alimentari/ Victoria s.a.c, Italy][ProPlus]",,Genoa,,Private label,,,"Order: 000530-PRP [], Order: 000535-PRP [], Order: 000541-PRP []",,cubettato-pomodoro-400g.jpg | polpa-pomodoro-4100g.jpg,LOGO-SAC.png,,,,000638,"By Operation Manager on 19 Feb, 2025 at 10:51 PM",002312,002312,"By Success Management on 27 May, 2025",,0,
"Frozen french- fries, proplus, ProPlus- Bergia frites, Netherlands","Frozen french- fries, proplus, ProPlus",ProPlus,"Bergia frites, Netherlands",Netherlands,Approved,"000398 - Frozen French fries  [Bergia frites, Netherlands][ProPlus]",,,11198236  B01,Private label,,"Frozen french- fries, proplus, ProPlus- Bergia frites, Netherlands, 05 Mar, 2025",,,frozen-fries.webp,Bergia LOgo.jpg,,,,000639,"By Operation Manager on 19 Feb, 2025 at 10:54 PM",002296,002296,"By Operation Manager on 2 Apr, 2025",,0,
"Finely chopped tomatoes crop 2022, ProPlus- Solana, Italy","Finely chopped tomatoes crop 2022, ProPlus",ProPlus,"Solana, Italy",Italy,Approved,"000277 - Finely chopped tomatoes crop 2022 [Solana, Italy][ProPlus]",,,IT11303980158,Private label,,"Finely chopped tomatoes crop 2022, ProPlus- Solana, Italy, 19 Jan, 2025, Finely chopped tomatoes crop 2022, ProPlus- Solana, Italy, 19 Feb, 2025","Order: 000221-PRP [1000471-5/3], Order: 000238-PRP [1000501], Order: 000501-PRP [5/1], Order: 000502-PRP [4], Order: 000503-PRP [6/2400958], Order: 000504-PRP [6/2400958], Order: 000508-PRP [5/2]",,provisions_london_pomodoro_a57b6a2a-8ba5-4994-bd5f-623bb504b47c.jpg,logo_solana_470x470.jpg,,OPEN ACCOUNT,,000590,"By Udi Stryk on 13 Oct, 2024 at 5:53 PM",002250,002250,"By Operation Manager on 19 Feb, 2025",,0,"000277 - Finely chopped tomatoes crop 2022 [Solana, Italy][ProPlus] (Finely chopped tomatoes crop 2022, ProPlus- Solana, Italy)"
"sunflower oil in 5-liter PET bottles., ProPlus- Abalıoğlu Yağ Sanayi ve Ticaret A.Ş., Turkey","sunflower oil in 5-liter PET bottles., ProPlus",ProPlus,"Abalıoğlu Yağ Sanayi ve Ticaret A.Ş., Turkey",Turkey,Approved,"000275 - 5L Sunflower oil [Kadoogu Yag san ve Tic As, Turkey][Shufersal]",,"Port of Mersin, Turkey",,Supplier label,,"sunflower oil in 5-liter PET bottles., ProPlus- Abalıoğlu Yağ Sanayi ve Ticaret A.Ş., Turkey, 19 Feb, 2025","Order: 000507-PRP [3], Order: 000511-PRP [4], Order: 000512-MTL []",,CFR ASHDOD SHUFERSAL 2.pdf | 5-L-Round-Pet-Bottle.jpg,convert.jpg,,,,000635,"By Success Management on 11 Feb, 2025 at 11:41 AM",002297,002297,"By Operation Manager on 19 Feb, 2025",,0,
"Potato Chips Snacks, Schestowitz- Pata S.P.A, Italy","Potato Chips Snacks, Schestowitz",Schestowitz,"Pata S.P.A, Italy",Italy,Approved,"000136 - TORTILLA
  CHIPS ""PAQUITA"" 50 gr [Pata S.P.A, Italy][Schestowitz], 000137 - CORN CHIPS
  ""PAQUITA"" 50 gr [Pata S.P.A, Italy][Schestowitz], 000138 - RIPPLED
  CHIPS (GRIGLIATA) 50 gr [Pata S.P.A, Italy][Schestowitz], 000139 - Law Fat and Clories chips [Pata S.P.A, Italy][Schestowitz], 000140 - CORN CHIPS ""PAQUITA"" 200 gr., White corn flour [Pata S.P.A, Italy][Schestowitz], 000230 - CHIPS
  SALTED 50 gr [Pata S.P.A, Italy][Schestowitz], 000342 - PATA NACHOS TORTILLA WHITE CORN [Pata S.P.A, Italy][Schestowitz], 000341 - PATA NACHOS TORTILLA 200G KFP [Pata S.P.A, Italy][Schestowitz]",,"Port of Venice, Italy.",,Private label,,"Potato Chips Snacks, Schestowitz- Pata S.P.A, Italy, 19 Feb, 2025","Order: 000454-SCH [5200016728], Order: 000492-SCH [5200016785], Order: 000539-SCH [5200017190]",,convert.jpg | convert.jpg | l_83874.jpg | 8002183013572.jpg | 203200042_1.jpg | download.jpeg,pata-snack-1600x785.jpg,,,,000610,"By SmartSuite Automation on 30 Oct, 2024 at 1:19 PM",002180,002180,"By Success Management on 13 May, 2025",,0,
"Potato Gnocchi - with/ without gluten, Shufersal- Ciemme, Italy","Potato Gnocchi - with/ without gluten, Shufersal",Shufersal,"Ciemme, Italy",Italy,Approved,"000071 - mini
  potato gnocchi 500gr [Ciemme, Italy][Shufersal], 000101 - Potato gnocchi 500gr [Ciemme, Italy][Shufersal], 000099 - gnocchi tri-color gluten-free 400(KOSHER FOR PASSOVER) [Ciemme, Italy][Shufersal], 000076 - Gluten-free gnocchi, 500 gr (KOSHER FOR PASSOVER) [Ciemme, Italy][Shufersal]",,,IT01640130363,Private label,,"Potato Gnocchi - with/ without gluten, Shufersal- Ciemme, Italy, 19 Jan, 2025, Potato Gnocchi - with/ without gluten, Shufersal- Ciemme, Italy, 19 Feb, 2025","Order: 000166-SHF [115252], Order: 000253-SHF [115397], Order: 000316-SHF [115403], Order: 000324-SHF [115504], Order: 000361-SHF [115119], Order: 000375-SHF [115247], Order: 000379-SHF [115300], Order: 000397-SHF [114792], Order: 000430-SHF [114838], Order: 000468-SHF [114567], Order: 000473-SHF [114901], Order: 000506-SHF [115688], Order: 000542-SHF [115887]",,"ciemme-gnocchi-pasta-distributors-suppliers-importers-india1-1.jpg | 23303_-_CIEMME_-_GNOCCHI_-_500g__41470.jpg | convert.jpg | 81Eti2x0pyL._AC_UF894,1000_QL80_.jpg",Ciemme-Gnocchi.jpg,,,,000527,"By Udi Stryk on 6 Oct, 2024 at 4:24 PM",002212,002212,"By Success Management on 19 Jun, 2025",,0,"000071 - mini
  potato gnocchi 500gr [Ciemme, Italy][Shufersal] (Potato Gnocchi - with/ without gluten, Shufersal- Ciemme, Italy), 000099 - gnocchi tri-color gluten-free 400(KOSHER FOR PASSOVER) [Ciemme, Italy][Shufersal] (Potato Gnocchi - with/ without gluten, Shufersal- Ciemme, Italy), 000101 - Potato gnocchi 500gr [Ciemme, Italy][Shufersal] (Potato Gnocchi - with/ without gluten, Shufersal- Ciemme, Italy), 000068 - tomatoes
  gnocchi 500gr [Ciemme, Italy][Shufersal] (Potato Gnocchi - with/ without gluten, Shufersal- Ciemme, Italy), 000076 - Gluten-free gnocchi, 500 gr (KOSHER FOR PASSOVER) [Ciemme, Italy][Shufersal] (Potato Gnocchi - with/ without gluten, Shufersal- Ciemme, Italy), 000069 - spinach
  gnocchi 500gr [Ciemme, Italy][Shufersal] (Potato Gnocchi - with/ without gluten, Shufersal- Ciemme, Italy)"
"double cookey gluten free, Shufersal- Coppenrath Feingebäck GmbH, Germany","double cookey gluten free, Shufersal",Shufersal,"Coppenrath Feingebäck GmbH, Germany",Germany,Approved,"000100 - double cookey gluten free / Green Sandwich Cookie [Coppenrath Feingebäck GmbH, Germany][Shufersal]",,N/A (No information about the closest seaport).,DE 154279975,Private label,,"double cookey gluten free, Shufersal- Coppenrath Feingebäck GmbH, Germany, 19 Jan, 2025, double cookey gluten free, Shufersal- Coppenrath Feingebäck GmbH, Germany, 19 Feb, 2025","Order: 000168-SHF [115215], Order: 000409-SHF [115474], Order: 000538-SHF [115820]",,4006952005779.jpg,Logo-1.png,,,,000537,"By Udi Stryk on 6 Oct, 2024 at 4:24 PM",002192,002192,"By Success Management on 8 May, 2025",Update price of coppenrath cookies,0,"000100 - double cookey gluten free / Green Sandwich Cookie [Coppenrath Feingebäck GmbH, Germany][Shufersal] (double cookey gluten free, Shufersal- Coppenrath Feingebäck GmbH, Germany)"
"Legumes in Conerves, Shufersal- La Doria, Italy","Legumes in Conerves, Shufersal",Shufersal,"La Doria, Italy",Italy,Approved,"000297 - chickpeas ,No Uniqe nutritional attributes,380 [La Doria, Italy][Shufersal], 000307 - Cannellini beans,No Uniqe nutritional attributes,380 [La Doria, Italy][Shufersal], 000310 - Red kidney beans ,No Uniqe nutritional attributes,380 [La Doria, Italy][Shufersal], 000340 - blake beans in brine 380 gr [La Doria, Italy][Shufersal]",,,IT00180700650,Private label,,"Legumes in Conerves, Shufersal- La Doria, Italy, 19 Jan, 2025, Legumes in Conerves, Shufersal- La Doria, Italy, 19 Feb, 2025","Order: 000313-SHF [115410], Order: 000532- [], Order: 000536-SHF [115797]",,download (1).jpeg | download.jpeg | imgres | image.png | image.png,0000s_0025_LA-DORIA-1-1.jpg,,OPEN ACCOUNT,,000622,"By SmartSuite Automation on 30 Oct, 2024 at 1:19 PM",002262,002262,"By Success Management on 9 Apr, 2025",,0,"000297 - chickpeas ,No Uniqe nutritional attributes,380 [La Doria, Italy][Shufersal] (Legumes in Conerves, Shufersal- La Doria, Italy), (Legumes in Conerves, Shufersal- La Doria, Italy), 000310 - Red kidney beans ,No Uniqe nutritional attributes,380 [La Doria, Italy][Shufersal] (Legumes in Conerves, Shufersal- La Doria, Italy), 000307 - Cannellini beans,No Uniqe nutritional attributes,380 [La Doria, Italy][Shufersal] (Legumes in Conerves, Shufersal- La Doria, Italy)"
"Chocolate Tablets, 100Gr. Sugar-Free, Shufersal- Icam, Italy","Chocolate Tablets, 100Gr. Sugar-Free, Shufersal",Shufersal,"Icam, Italy",Italy,Approved,"000090 - Milk Chocolate 32% Sugar-Free with Hazelnuts [Icam, Italy][Shufersal], 000089 - Dark Chocolate 72% Sugar-Free [Icam, Italy][Shufersal], 000091 - Milk Chocolate 32% Sugar-Free [Icam, Italy][Shufersal]",,,00205080138,Private label,,"Chocolate Tablets, 100Gr. Sugar-Free, Shufersal- Icam, Italy, 19 Jan, 2025, Chocolate Tablets, 100Gr. Sugar-Free, Shufersal- Icam, Italy, 19 Feb, 2025","Order: 000247-SHF [115307], Order: 000319-SHF [115509], Order: 000394-SHF [114863]",,20231130064913.-283x283.jpg | chocolate-icam-cioccolatto-dark-72-cacao-100g-chocolate-icam-cioccolatto-dark-72-cacao-100g.jpg | 8006070072055.jpg,convert.jpg,,,,000547,"By Udi Stryk on 6 Oct, 2024 at 4:24 PM",002202,002202,"By Operation Manager on 1 Apr, 2025",Update price of Icam - Shufersal,0,"000089 - Dark Chocolate 72% Sugar-Free [Icam, Italy][Shufersal] (Chocolate Tablets, 100Gr. Sugar-Free, Shufersal- Icam, Italy), 000090 - Milk Chocolate 32% Sugar-Free with Hazelnuts [Icam, Italy][Shufersal] (Chocolate Tablets, 100Gr. Sugar-Free, Shufersal- Icam, Italy), 000091 - Milk Chocolate 32% Sugar-Free [Icam, Italy][Shufersal] (Chocolate Tablets, 100Gr. Sugar-Free, Shufersal- Icam, Italy)"
"Cookies from Vicenzi, Shufersal- Vicenzi, Italy","Cookies from Vicenzi, Shufersal",Shufersal,"Vicenzi, Italy",Italy,Approved,"000018 - CHOCOLATE CREAM FILLED COOKIES 150 GR
 [Vicenzi, Italy][Shufersal], 000019 - HAZELNUT CREAM FILLED COOKIES 150 GR [Vicenzi, Italy][Shufersal], 000276 - vanila filled cookies 150 gr [Vicenzi, Italy][Shufersal]",,,IT00227320231,Private label,,"Cookies from Vicenzi, Shufersal- Vicenzi, Italy, 19 Jan, 2025","Order: 000211-SHF [115407], Order: 000323-SHF [115217], Order: 000352-SHF [115233], Order: 000451-SHF [115598], Order: 000531- []",,"5185xE4SUKL._AC_UF894,1000_QL80_.jpg | 510WJJf706L._AC_UF1000,1000_QL80_.jpg",0000s_0031_VICENZI-1-1.jpg,,,,000544,"By Udi Stryk on 6 Oct, 2024 at 4:24 PM",002199,002199,"By Operation Manager on 10 Mar, 2025",,0,"000092 - Ladyfingers ""Shufersal"" 200g [Vicenzi, Italy][Shufersal] (Cookies from Vicenzi, Shufersal- Vicenzi, Italy), 000018 - CHOCOLATE CREAM FILLED COOKIES 150 GR
 [Vicenzi, Italy][Shufersal] (Cookies from Vicenzi, Shufersal- Vicenzi, Italy), 000276 - vanila filled cookies 150 gr [Vicenzi, Italy][Shufersal] (Cookies from Vicenzi, Shufersal- Vicenzi, Italy), 000022 - Gluten Free BISCUITS 125 G [Vicenzi, Italy][Shufersal] (Cookies from Vicenzi, Shufersal- Vicenzi, Italy), 000021 - Gluten free cookies lemon filled [Vicenzi, Italy][Shufersal] (Cookies from Vicenzi, Shufersal- Vicenzi, Italy), 000020 - Gluten free cookies chocolate filled [Vicenzi, Italy][Shufersal] (Cookies from Vicenzi, Shufersal- Vicenzi, Italy), 000019 - HAZELNUT CREAM FILLED COOKIES 150 GR [Vicenzi, Italy][Shufersal] (Cookies from Vicenzi, Shufersal- Vicenzi, Italy)"
"Lemon Juice for salads, Shufersal- Polenghi, Italy","Lemon Juice for salads, Shufersal",Shufersal,"Polenghi, Italy",Italy,New,"000399 - Preserved Lemon Juice 200ml [Polenghi, Italy][Shufersal], 000400 - Preserved Lemon Juice 500ml [Polenghi, Italy][Shufersal], 000401 - Natural Lemon Juice 250ml - Preservative Free [Polenghi, Italy][Shufersal]",,,IT03019740152,Private label,,"Lemon Juice for salads, Shufersal- Polenghi, Italy, Lemon Juice for salads, Ta'aman- Polenghi, Italy, 19 Jan, 2025","Order: 000237-SHF [115513 ], Order: 000320-SHF [115430], Order: 000374-SHF [115239], Order: 000419-SHF [114705], Order: 000442-SHF [115000], Order: 000499-SHF [115690], Order: 000533- []",,866008_01_28-09-2017_g.jpg | PLJ5.jpg | 274.png,logo_polenghi_food.png,,,,000575,"By Udi Stryk on 6 Oct, 2024 at 4:24 PM",002285,002285,"By SmartSuite Automation on 10 Mar, 2025",,0,"000025 - PRESERVED LEMON JUICE 200 ML [Polenghi, Italy][Ta'aman] (Lemon Juice for salads, Shufersal- Polenghi, Italy), 000023 - PRESERVED LEMON JUICE 500 ML. [Polenghi, Italy][Ta'aman] (Lemon Juice for salads, Shufersal- Polenghi, Italy), 000024 - Natural Lemon Juice 250ml. [Polenghi, Italy][Ta'aman] (Lemon Juice for salads, Shufersal- Polenghi, Italy)"
"1 L & 5L Sunflower oil, Shufersal- PRUTUL, Romania","1 L & 5L Sunflower oil, Shufersal",Shufersal,"PRUTUL, Romania",Romania,New,"000370 - Prutul Galati (Romania) - sunflower oil - 1L [PRUTUL, Romania][Shufersal], 000421 - Prutul Galati (Romania) - sunflower oil - 5L [PRUTUL, Romania][Shufersal]",FCA,N/A (Not mentioned on the website).,,Private label,,,,"PRICE PROPOSAL
Date: February 26, 2025

Buyer & Supplier Details
Details
Information
Buyer Company
Shufersal
Supplier Company
Prutul, Romania
Supplier Website
www.prutul.ro
Incoterms
FCA + EXW
Terms of Payment
100% Prepayment
Supplier Description
Leading manufacturer and exporter of vegetable oils, operating in Romania for 130 years.

Product Details
Product Name
Packaging
Price (Per Unit)
Currency
Prutul Sunflower Oil (5L)
5L Bottle
€3.350
Euro
Prutul Sunflower Oil (1L)
1L Bottle
€1.270
Euro



I hope we will be able to work together,
For any further details, please contact me by phone or email.
Best regards,

Rivka Sharbat
Commercial Manager

Foodz Exchange
Phone: +972-525-222291
Email: info@foodz-x.com
Website: www.foodz-x.com
Address: 27 Maskit St., Herzliya, Israel
Foodz Exchange - Connecting Food Vendors with Global Buyers",SPORNIC_BunlaToate_1L-116x250-1.png | 4.png,download (5).jpeg,download (8).jpeg | download (7).jpeg | download (6).jpeg,100% PrePayment,"Certificat kasrut Prutul 2025.pdf, PURTUL Forecast Example.xls, Prutul -Forecast cost calculation.xls",000653,"By Operation Manager on 26 Feb, 2025 at 9:22 AM",002241,002241,"By Operation Manager on 27 Feb, 2025",,0,
"1 L & 5L Sunflower oil, Shufersal- Oliva AD, Bulgaria","1 L & 5L Sunflower oil, Shufersal",Shufersal,"Oliva AD, Bulgaria",Bulgaria,New,"000403 - OLIVA AD- sunflower oil - 5 L
 [Oliva AD, Bulgaria][Shufersal], 000373 - OLIVA AD- sunflower oil - 1 L
 [Oliva AD, Bulgaria][Shufersal]",,,,Private label,,,,"PRICE PROPOSAL
Date: 23/2/2025
1. Buyer & Supplier Details
Details
Information
Buyer
Shufersal
Supplier
Oliva AD, Bulgaria
Country
Bulgaria
Company Website
https://www.oliva.bg
Delivery Terms
CFR
Sales Terms
PrePayment
Company Description
Oliva AD is a Bulgarian joint-stock company established in 1942. It is the largest processor of oil-bearing crops in Bulgaria, operating modern facilities and producing over 400,000 tonnes of oil annually.

2. Product Pricing Details
Product Name
Packaging
Units per Carton
Cartons per 40ft
Wholesale Price per Unit (EUR)
Wholesale Price per Carton (EUR)
OLIVA AD Sunflower Oil 1L
1L Bottle
12
30,000
1.54
18.48
OLIVA AD Sunflower Oil 5L
5L Bottle
3
30,000
7.40
22.20



For further details, please contact me by phone or email.
Best regards,

Rivka Sharbat
Commercial Manager

Foodz Exchange
Phone: +972-525-222291
Email: info@foodz-x.com
Website: www.foodz-x.com
Address: 27 Maskit St., Herzliya, Israel
Foodz Exchange - Connecting Food Vendors with Global Buyers",3L_zarina.jpg | 1L_zarina.jpg,convert.png,bnr_bg_home.jpg | activities-hero-img.jpg | homepage-hero-img.jpg,,olilva ad-Forecast cost calculation.xls,000648,"By Udi Stryk on 23 Feb, 2025 at 1:04 PM",002241,002241,"By Operation Manager on 27 Feb, 2025",,0,
"1 L & 5L Sunflower oil, Shufersal- ViOil INDUSTRIAL GROUP, Ukraine","1 L & 5L Sunflower oil, Shufersal",Shufersal,"ViOil INDUSTRIAL GROUP, Ukraine",Ukraine,New,"000368 - Vioil - sunflower oil [ViOil INDUSTRIAL GROUP, Ukraine][Shufersal], 000423 - Vioil sunflower oil 5 L [ViOil INDUSTRIAL GROUP, Ukraine][Shufersal]",,,,Private label,,,,"PRICE PROPOSAL
Date: 24/2/2025
1. Buyer & Supplier Details
Detail
Information
Supplier
ViOil Industrial Group, Ukraine
Website
https://vioil.com/Eng.html
Buyer
Shufersal
Delivery Terms
FCA+ CRF
Sales Terms
100 % Prepayment
Supplier Description
Leading producer of sunflower oil and oilseeds processing in Ukraine. Producing high-quality edible oils for wholesale distribution.

Product Details
Product Name
Packaging
Price Per Unit (USD)
Price Per Carton (USD)
Currency
MOQ
Shelf Life (Days)
Vioil Sunflower Oil 5L
4 units/carton
7.200
28.800
USD
No Value
24
Vioil Sunflower Oil 15L
15L unit
1.340
20.100
USD
No Value
2

Packaging & Shipping Details:
Vioil Sunflower Oil 5L: 1,344 cartons (20FT), 2,688 cartons (40FT), 33 pallets (20FT), 66 pallets (40FT), Total units: 5,376 (20FT), 10,752 (40FT)
Vioil Sunflower Oil 15L: 1,800 cartons (20FT), 3,600 cartons (40FT), 33 pallets (20FT), 66 pallets (40FT), Total units: 27,000 (20FT), 54,000 (40FT)
Storage Conditions:
Max Temperature: 20°C
Min Temperature: 10°C

For further details, please contact me by phone or email.
Best regards,

Rivka Sharbat
Commercial Manager

Foodz Exchange
Phone: +972-525-222291
Email: info@foodz-x.com
Website: www.foodz-x.com
Address: 27 Maskit St., Herzliya, Israel
Foodz Exchange - Connecting Food Vendors with Global Buyers",img0005-78496.jpg | convert.jpg,images.png,download (4).jpeg | convert.jpg,,Vioil -Forecast cost calculation.xls,000649,"By Operation Manager on 24 Feb, 2025 at 11:38 AM",002241,002241,"By Operation Manager on 27 Feb, 2025",,0,
"1 L & 5L Sunflower oil, Shufersal- Victoria oil, Serbia","1 L & 5L Sunflower oil, Shufersal",Shufersal,"Victoria oil, Serbia",Serbia,New,"000372 - victoriaoil - sunflower oil
 [Victoria oil, Serbia][Shufersal], 000424 - Victoria oil Sunflower oil 5L [Victoria oil, Serbia][Shufersal]",FCA,,,Private label,,,,"PRICE PROPOSAL
Date: 24/2/2025
Buyer & Supplier Details
Detail
Information
Supplier
Victoria Oil, Srbija
Website
https://www.victoriaoil.rs/en/about
Buyer
Shufersal
Delivery Terms
FCA
Sales Terms
100% Prepayment
Supplier Description
Leading Serbian producer of sunflower oil, committed to quality and sustainable practices.

Product Details
Product Name
Packaging
Price Per Unit (EUR)
Price Per Carton (EUR)
Currency
MOQ (Units)
Shelf Life (Days)
Victoria Oil Sunflower Oil 5L
4 units/carton
6.750
27.000
EUR
38,400
24
Victoria Oil Sunflower Oil
15L unit
1.350
20.250
EUR
36,000
2

Packaging & Shipping Details:
Victoria Oil Sunflower Oil 5L: 3,200 cartons (20FT), 6,400 cartons (40FT), 12 pallets (20FT), 24 pallets (40FT), Total units: 12,800 (20FT), 25,600 (40FT)
Victoria Oil Sunflower Oil 15L: 15,000 cartons (20FT), 18,000 cartons (40FT), 12 pallets (20FT), 24 pallets (40FT), Total units: 225,000 (20FT), 270,000 (40FT)
Storage Conditions:
Max Temperature: 20°C
Min Temperature: 10°C

Rivka Sharbat
Commercial Manager

Foodz Exchange
Phone: +972-525-222291
Email: info@foodz-x.com
Website: www.foodz-x.com
Address: 27 Maskit St., Herzliya, Israel
Foodz Exchange - Connecting Food Vendors with Global Buyers",olje-suncica-veleprodaja-oil2.jpg | convert.jpg,,,100% PrePayment,Victoria oil -Forecast cost calculation.xls,000650,"By Operation Manager on 24 Feb, 2025 at 11:51 AM",002241,002241,"By Operation Manager on 27 Feb, 2025",,0,
"1 L & 5L Sunflower oil, Shufersal- ROMIRO LTD, Ukraine","1 L & 5L Sunflower oil, Shufersal",Shufersal,"ROMIRO LTD, Ukraine",Ukraine,New,"000369 - ROMIRO LTD -sunflower oil [ROMIRO LTD, Ukraine][Shufersal], 000422 - ROMIRO LTD -sunflower oil 5L [ROMIRO LTD, Ukraine][Shufersal]",,,,Private label,,,,"PRICE PROPOSAL
Date: February 26, 2025

Buyer & Supplier Details
Details
Information
Buyer Company
Shufersal
Supplier Company
ROMIRO LTD, Ukraine
Supplier Website
Supplier Website
Incoterms
FCA
Terms of Payment
100 % Prepayment
Supplier Description
ROMIRO LTD is a supplier of sunflower oil based in Ukraine, offering high-quality refined sunflower oils for wholesale distribution.

Product Details
Product Name
Packaging
Price (Per Unit)
Currency
ROMIRO Sunflower Oil (5L)
5L Bottle
$6.280
USD
ROMIRO Sunflower Oil (1L)
1L Bottle
$1.290
USD

For further details, please contact me by phone or email.
Best regards,

Rivka Sharbat
Commercial Manager

Foodz Exchange
Phone: +972-525-222291
Email: info@foodz-x.com
Website: www.foodz-x.com
Address: 27 Maskit St., Herzliya, Israel
Foodz Exchange - Connecting Food Vendors with Global Buyers",61ev8dPGLDL._SX679_.jpg | brio-sunflower-oil.jpg,romiro.jpg,,,ROMIRO LTD -Forecast cost calculation.xls,000652,"By Operation Manager on 24 Feb, 2025 at 8:15 PM",002241,002241,"By Operation Manager on 27 Feb, 2025",,0,
"EXTRA VIRGIN OLIVE OIL 750 & 500 ML, Shufersal- Poyraz, Turkey","EXTRA VIRGIN OLIVE OIL 750 & 500 ML, Shufersal",Shufersal,"Poyraz, Turkey",Turkey,Approved,"000288 - Poyraz Extra Virgin Olive Oil, Shufersal [Poyraz, Turkey][Shufersal], 000425 - Poyraz Olive oil -500ML [][Shufersal]",,Izmir,,Private label,,"EXTRA VIRGIN OLIVE OIL 750 & 500 ML, Shufersal- Poyraz, Turkey, 19 Jan, 2025, EXTRA VIRGIN OLIVE OIL 750 & 500 ML, Shufersal- Poyraz, Turkey, 19 Feb, 2025","Order: 000245-SHF [1013887], Order: 000337-SHF [115092], Order: 000363-SHF [115147], Order: 000459-MMOA [1013887], Order: 000514-SHF [114719], Order: 000518-SHF [115184]",,urun_.jpg | convert.jpg,poyrazoliveloillogo.png,,"25% Prepayment + 70%, week after arrival",,000551,"By Udi Stryk on 6 Oct, 2024 at 4:24 PM",002259,002259,"By Operation Manager on 24 Feb, 2025",,0,"000288 - Poyraz Extra Virgin Olive Oil, Shufersal [Poyraz, Turkey][Shufersal] (EXTRA VIRGIN OLIVE OIL 750 & 500 ML, Shufersal- Poyraz, Turkey)"
"Vegetable chips 85gr, Shufersal- Viube/Grupo Apex/ Mikso, Spain","Vegetable chips 85gr, Shufersal",Shufersal,"Viube/Grupo Apex/ Mikso, Spain",Spain,Approved,"000094 - striped beetroot&white potato chips 85gr(KOSHER FOR PASSOVER) [Viube/Grupo Apex/ Mikso, Spain][Shufersal], 000095 - orange sweet potato&purple sweet chips85(KOSHER FOR PASSOVER) [Viube/Grupo Apex/ Mikso, Spain][Shufersal], 000102 - Parsnip sweet potato&beetroot chips 85gr(KOSHER FOR PASSOVER) [Viube/Grupo Apex/ Mikso, Spain][Shufersal], 000348 - Parsnip sweet potato&beetroot chips 85gr [Viube/Grupo Apex/ Mikso, Spain][Shufersal], 000350 - orange sweet potato&purple sweet chips85 [Viube/Grupo Apex/ Mikso, Spain][Shufersal], 000351 - striped beetroot&white potato chips 85gr [Viube/Grupo Apex/ Mikso, Spain][Shufersal]",,,A31130834,Private label,,"Vegetable chips 85gr, Shufersal- Viube/Grupo Apex/ Mikso, Spain, 19 Jan, 2025, Vegetable chips 85gr, Shufersal- Viube/Grupo Apex/ Mikso, Spain, 19 Feb, 2025","Order: 000336-SHF [115089], Order: 000344-SHF [115144], Order: 000367-SHF [115173], Order: 000380-SHF [115320], Order: 000425-SHF [114814], Order: 000465-SHF [114605]",,MK033-Remolacha-Boniato-Naja-y-Patata-85g.png | MK001-Boniato-Naranja-y-Violeta-85g.png | MK002-Chirivia-boniato-nja-y-remolacha-85g.png | MK002-Chirivia-boniato-nja-y-remolacha-85g.png | MK001-Boniato-Naranja-y-Violeta-85g.png | MK033-Remolacha-Boniato-Naja-y-Patata-85g.png,logo_mikso.png,,,,000535,"By Udi Stryk on 6 Oct, 2024 at 4:24 PM",002190,002190,"By Operation Manager on 19 Feb, 2025",,0,"000102 - Parsnip sweet potato&beetroot chips 85gr(KOSHER FOR PASSOVER) [Viube/Grupo Apex/ Mikso, Spain][Shufersal] (Vegetable chips 85gr, Shufersal- Viube/Grupo Apex/ Mikso, Spain)"
"Pasta - gluten-free 400 gr, Shufersal- Pastificio Mennucci S.P.A, Italy","Pasta - gluten-free 400 gr, Shufersal",Shufersal,"Pastificio Mennucci S.P.A, Italy",Italy,Approved,"000026 - penne gluten free 400 gr [Pastificio Mennucci S.P.A, Italy][Shufersal]",,,IT06415910964 ,Private label,,"Pasta - gluten-free 400 gr, Shufersal- Pastificio Mennucci S.P.A, Italy, 19 Feb, 2025","Order: 000167-SHF [115216], Order: 000204-SHF [115438], Order: 000250-SHF [115498], Order: 000252-SHF [115510], Order: 000332-SHF [114745], Order: 000388-SHF [114843], Order: 000395-SHF [114911], Order: 000528-SHF [115710]",,icon-512-512-true-57f37f4cee9adec35b72a8b5ffb6d4cb.png,0000s_0009_MENNUCCI-1.jpg,,OPEN ACCOUNT,,000573,"By Udi Stryk on 6 Oct, 2024 at 4:24 PM",002228,002228,"By Operation Manager on 19 Feb, 2025",,0,"000026 - penne gluten free 400 gr [Pastificio Mennucci S.P.A, Italy][Shufersal] (Pasta - gluten-free 400 gr, Shufersal- Pastificio Mennucci S.P.A, Italy), 000027 - Gluten free spaghetti [Pastificio Mennucci S.P.A, Italy][]000434 - Gluten free spaghetti [Pastificio Mennucci S.P.A, Italy][Ta'aman] (Pasta - gluten-free 400 gr, Shufersal- Pastificio Mennucci S.P.A, Italy), 000028 - Gluten free fusilli [Pastificio Mennucci S.P.A, Italy][]000435 - Gluten free fusilli [Pastificio Mennucci S.P.A, Italy][Ta'aman] (Pasta - gluten-free 400 gr, Shufersal- Pastificio Mennucci S.P.A, Italy)"
"organic chestnuts, Shufersal- Maas Intersales, Netherlands","organic chestnuts, Shufersal",Shufersal,"Maas Intersales, Netherlands",Netherlands,Approved,"000060 - organic chestnuts [Maas Intersales, Netherlands][Shufersal]",,, NL 861457109B01,Private label,,"organic chestnuts, Shufersal- Maas Intersales, Netherlands, 19 Jan, 2025, organic chestnuts, Shufersal- Maas Intersales, Netherlands, 19 Feb, 2025","Order: 000213-SHF [115458], Order: 000234-SHF [114744], Order: 000467-SHF [113969]",,convert.jpg,logo-3.png,,OPEN ACCOUNT,,000560,"By Udi Stryk on 6 Oct, 2024 at 4:24 PM",002215,002215,"By Operation Manager on 19 Feb, 2025",,0,"000060 - organic chestnuts [Maas Intersales, Netherlands][Shufersal] (organic chestnuts, Shufersal- Maas Intersales, Netherlands)"
"Sultanas Organic 250 and 500  gr., Shufersal- Ozgur, Turkey","Sultanas Organic 250 and 500  gr., Shufersal",Shufersal,"Ozgur, Turkey",Turkey,Approved,"000031 - Sultana raisins, Organic 250 gr, Shufersal [Ozgur, Turkey][Shufersal], 000266 - Sultana raisins, Organic 500 gr. Shufersal [Ozgur, Turkey][Shufersal]",,"Izmir, Turkey.",,Private label,,"Sultanas Organic 250 and 500  gr., Shufersal- Ozgur, Turkey, 19 Jan, 2025, Sultanas Organic 250 and 500  gr., Shufersal- Ozgur, Turkey, 19 Feb, 2025","Order: 000209-SHF [115435], Order: 000330-SHF [114712]",,202301_UK_SULTANAS.jpg | 202301_UK_SULTANAS.jpg,ozgur-tarim-logo.png,,OPEN ACCOUNT,,000570,"By Udi Stryk on 6 Oct, 2024 at 4:24 PM",002225,002225,"By Operation Manager on 19 Feb, 2025",,0,"000031 - Sultana raisins, Organic 250 gr, Shufersal [Ozgur, Turkey][Shufersal] (Sultanas Organic 250 and 500  gr., Shufersal- Ozgur, Turkey)"
"MUNCHIES SPICY RICE AND  PEANUTS 400GR, Shufersal- Maas Intersales, Netherlands","MUNCHIES SPICY RICE AND  PEANUTS 400GR, Shufersal",Shufersal,"Maas Intersales, Netherlands",Netherlands,Approved,"000074 - MUNCHIES SPICY RICE AND PEANUTS 400GR [Maas Intersales, Netherlands][Shufersal], 000075 - MUNCHIES SPICY RICE AND PEANUTS 200GR [Maas Intersales, Netherlands][Shufersal]",,, NL 861457109B01,Private label,,"MUNCHIES SPICY RICE AND  PEANUTS 400GR, Shufersal- Maas Intersales, Netherlands, 19 Feb, 2025",,,XN055B_000_001__36033.png | 1481_1024x1024.jpg,logo-3.png,,OPEN ACCOUNT,,000555,"By Udi Stryk on 6 Oct, 2024 at 4:24 PM",002277,002277,"By Operation Manager on 19 Feb, 2025",,0,"000075 - MUNCHIES SPICY RICE AND PEANUTS 200GR [Maas Intersales, Netherlands][Shufersal] (MUNCHIES SPICY RICE AND  PEANUTS 400GR, Shufersal- Maas Intersales, Netherlands)"
"Pita Chips & Grissini, Shufersal- La Mole, Italy","Pita Chips & Grissini, Shufersal",Shufersal,"La Mole, Italy",Italy,Approved,"000228 - Pita Chips (Natural, Pizza, Paprika, Garlic, Herbs) [La Mole, Italy][Shufersal]",,"Port of Genoa, Italy.",02078570013,Private label,,"Pita Chips & Grissini, Shufersal- La Mole, Italy, 19 Jan, 2025, Pita Chips & Grissini, Shufersal- La Mole, Italy, 19 Feb, 2025",,,PitaChipsPaprika(LaMole)90g@CHIPSPITAPAP.jpg | 2634.jpg | La-Mole-chips.jpg,logo_menu_trasp185.png,,,,000584,"By Udi Stryk on 6 Oct, 2024 at 4:27 PM",002240,002240,"By Operation Manager on 19 Feb, 2025",,0,"000228 - Pita Chips (Natural, Pizza, Paprika, Garlic, Herbs) [La Mole, Italy][Shufersal] (Pita Chips & Grissini, Shufersal- La Mole, Italy)"
"Tomato products, Shufersal- La Doria, Italy","Tomato products, Shufersal",Shufersal,"La Doria, Italy",Italy,Approved,"000299 - Diced tomatoes,No Uniqe nutritional attributes,380 [La Doria, Italy][Shufersal], 000300 - Crushed tomatoes,No Uniqe nutritional attributes,380 [La Doria, Italy][Shufersal], 000302 - Whole peeled tomatoes,No Uniqe nutritional attributes,380 [La Doria, Italy][Shufersal], 000304 - Whole peeled tomatoes,Organic,380 [La Doria, Italy][Shufersal], 000305 - Diced tomatoes,Organic,380 [La Doria, Italy][Shufersal], 000314 - Crushed tomatoes,Organic,380 [La Doria, Italy][Shufersal], 000312 - Whole peeled tomatoes,No Uniqe nutritional attributes,380 [La Doria, Italy][Shufersal]",,,IT00180700650,Private label,,"Tomato products, Shufersal- La Doria, Italy, 19 Feb, 2025",,,image_Polpa_sito_web.jpg | download (3).jpeg | image_Polpa_sito_web.jpg | download (4).jpeg,0000s_0025_LA-DORIA-1-1.jpg,,OPEN ACCOUNT,,000633,"By Udi Stryk on 20 Jan, 2025 at 12:16 PM",002257,002257,"By Operation Manager on 19 Feb, 2025",,0,
"Tomato based Paste sauces, 350 gr, Shufersal- La Doria, Italy","Tomato based Paste sauces, 350 gr, Shufersal",Shufersal,"La Doria, Italy",Italy,Approved,"000097 - TOMATO PASTA SAUCE BASE FOR BOLOGNSE [La Doria, Italy][Shufersal], 000098 - Neapolitan sauce 350 gr [La Doria, Italy][Shufersal], 000106 - TOMATO PASTA SAUCE WITH BASILICO 350 G [La Doria, Italy][Shufersal], 000107 - TOMATO PASTA SAUCE GARLIC 350 GR. [La Doria, Italy][Shufersal]",,,IT00180700650,Private label,,"Tomato based Paste sauces, 350 gr, Shufersal- La Doria, Italy, 20 Jan, 2025, Tomato based Paste sauces, 350 gr, Shufersal- La Doria, Italy, 19 Feb, 2025",,,althea-sauce-bolognese-120gr.jpg | Napoletana.png | sugo_althea_basilico.jpg | Napoletana.png,0000s_0025_LA-DORIA-1-1.jpg,,OPEN ACCOUNT,,000628,"By SmartSuite Automation on 13 Nov, 2024 at 3:24 PM",002194,002194,"By Operation Manager on 19 Feb, 2025",,0,
"Finely Chopped Tomatoes 3x400, Shufersal- La Doria, Italy","Finely Chopped Tomatoes 3x400, Shufersal",Shufersal,"La Doria, Italy",Italy,Approved,"000042 - Finely Chopped Tomatoes 3x400 [La Doria, Italy][Shufersal]",,,IT00180700650,Private label,,"Finely Chopped Tomatoes 3x400, Shufersal- La Doria, Italy, 19 Jan, 2025, Finely Chopped Tomatoes 3x400, Shufersal- La Doria, Italy, 19 Feb, 2025","Order: 000215-SHF [115497], Order: 000322-SHF [115505]",,La-Doria-polpa.jpg,0000s_0025_LA-DORIA-1-1.jpg,,OPEN ACCOUNT,,000523,"By Udi Stryk on 6 Oct, 2024 at 4:24 PM",002219,002219,"By Operation Manager on 19 Feb, 2025",,0,"000042 - Finely Chopped Tomatoes 3x400 [La Doria, Italy][Shufersal] (Finely Chopped Tomatoes 3x400, Shufersal- La Doria, Italy)"
"No-added sugar Chocolate-covered wafers, Shufersal- Helwa, Netherlands","No-added sugar Chocolate-covered wafers, Shufersal",Shufersal,"Helwa, Netherlands",Netherlands,Approved,"000105 - No added sugar, 150 gr. Chocolate wafer [Helwa, Netherlands][Shufersal], 000104 - wafers no added sugar 21.5g*3 [Helwa, Netherlands][Shufersal]",,,,Private label,,"No-added sugar Chocolate-covered wafers, Shufersal- Helwa, Netherlands, 19 Jan, 2025, No-added sugar Chocolate-covered wafers, Shufersal- Helwa, Netherlands, 19 Feb, 2025","Order: 000208-SHF [115166], Order: 000360-SHF [115138]",,convert.jpg | 0e5313be7a8831b8ed60f8dab3c2df10.jpg,convert.jpg,,,,000534,"By Udi Stryk on 6 Oct, 2024 at 4:24 PM",002189,002189,"By Operation Manager on 19 Feb, 2025",,0,"000104 - wafers no added sugar 21.5g*3 [Helwa, Netherlands][Shufersal] (No-added sugar Chocolate-covered wafers, Shufersal- Helwa, Netherlands), 000105 - No added sugar, 150 gr. Chocolate wafer [Helwa, Netherlands][Shufersal] (No-added sugar Chocolate-covered wafers, Shufersal- Helwa, Netherlands)"
"sfogliette salty snacks, 180 gr, Shufersal- EuroSnacks/ FornoDamiani, Italy","sfogliette salty snacks, 180 gr, Shufersal",Shufersal,"EuroSnacks/ FornoDamiani, Italy",Italy,Approved,"000088 - SFOGLIETTE ROSEMARY [EuroSnacks/ FornoDamiani, Italy][Shufersal], 000078 - sfogliette pizza 180 gr [EuroSnacks/ FornoDamiani, Italy][Shufersal], 000079 - sfogliette
  with olives 180 gr [EuroSnacks/ FornoDamiani, Italy][Shufersal]",,,IT05643071003,Private label,,"sfogliette salty snacks, 180 gr, Shufersal- EuroSnacks/ FornoDamiani, Italy, 19 Feb, 2025","Order: 000439-SHF [114756], Order: 000466-SHF [114360]",,ing_SFOGLIETTE_180g_rosemary.jpg | ing_SFOGLIETTE_180g_pizza.jpg | ing_SFOGLIETTE_180g_olive.jpg,Logo-Forno-Damiani.jpg,,,,000553,"By Udi Stryk on 6 Oct, 2024 at 4:24 PM",002208,002208,"By Operation Manager on 19 Feb, 2025",,0,"000078 - sfogliette pizza 180 gr [EuroSnacks/ FornoDamiani, Italy][Shufersal] (sfogliette salty snacks, 180 gr, Shufersal- EuroSnacks/ FornoDamiani, Italy)"
"Dutch Butter Cookies, Shufersal- Daelmans, Netherlands","Dutch Butter Cookies, Shufersal",Shufersal,"Daelmans, Netherlands",Netherlands,Approved,"000086 - Dutch Caramel Wafers [Daelmans, Netherlands][Shufersal], 000085 - Dutch Butter Cookies [Daelmans, Netherlands][Shufersal]",,,NL001173391B01,Private label,,"Dutch Butter Cookies, Shufersal- Daelmans, Netherlands, 22 Jan, 2025, Dutch Butter Cookies, Shufersal- Daelmans, Netherlands, 19 Feb, 2025",,,daelmans-stroopwafels-original-caramel-cube-box.jpg | 712PV2opsML.jpg,logo-daelmans-240x.png,,,,000550,"By Udi Stryk on 6 Oct, 2024 at 4:24 PM",002205,002205,"By Operation Manager on 19 Feb, 2025",,0,"000085 - Dutch Butter Cookies [Daelmans, Netherlands][Shufersal] (Dutch Butter Cookies, Shufersal- Daelmans, Netherlands)"
"CORNFLAKES SHUFERSAL 750 GR., Shufersal- Crispy food, Denmark","CORNFLAKES SHUFERSAL 750 GR., Shufersal",Shufersal,"Crispy food, Denmark",Denmark,Approved,"000093 - CORNFLAKES SHUFERSAL 750 GR. [Crispy food, Denmark][Shufersal]",,,73793319,Private label,,"CORNFLAKES SHUFERSAL 750 GR., Shufersal- Crispy food, Denmark, 19 Jan, 2025, CORNFLAKES SHUFERSAL 750 GR., Shufersal- Crispy food, Denmark, 19 Feb, 2025","Order: 000202-SHF [115367], Order: 000251-SHF [115511], Order: 000427-SHF [114982]",,Gaia-Cornflakes-front.jpg,crispy-food-international.png,,,,000543,"By Udi Stryk on 6 Oct, 2024 at 4:24 PM",002198,002198,"By Operation Manager on 19 Feb, 2025",,0,"000093 - CORNFLAKES SHUFERSAL 750 GR. [Crispy food, Denmark][Shufersal] (CORNFLAKES SHUFERSAL 750 GR., Shufersal- Crispy food, Denmark)"
"Frozen Vegetables, Shufersal- Ardo, Belgium","Frozen Vegetables, Shufersal",Shufersal,"Ardo, Belgium",Belgium,Approved,"000059 - REGUIAR GREEN BEANS BH3(800G) [Ardo, Belgium][Shufersal], 000057 - MIX PEAS AND CARROT [Ardo, Belgium][Shufersal], 000054 - GREEN PEAS [Ardo, Belgium][Shufersal], 000035 - CUT GREEN BEANS BG4(800G) [Ardo, Belgium][Shufersal], 000033 - EXTRA FINE GREEN BEANS BH1(600G) [Ardo, Belgium][Shufersal], 000032 - EXTRA FINE GARDEN PEAS EK1(600G) [Ardo, Belgium][Shufersal]",,"Zeebrugge, Belgium.",BE 0416.330.136,Private label,"Set Request Priority, Check if Order has invoice, Define the Description, Sourcing Vendors, Set a Due Date (Automation), Match Vendors with Request, Check Order Delivery Date, Check if all invoces are paid, Define The Products, Send Emails to Vendors","Frozen Vegetables, Shufersal- Ardo, Belgium, 19 Jan, 2025, Frozen Vegetables, Shufersal- Ardo, Belgium, 24 Jan, 2025, Frozen Vegetables, Shufersal- Ardo, Belgium, 27 Jan, 2025, Frozen Vegetables, Shufersal- Ardo, Belgium, 19 Feb, 2025","Order: 000169-SHF [115338], Order: 000170-SHF [115368], Order: 000171-SHF [115302], Order: 000185-SHF [115337], Order: 000205-SHF [115457], Order: 000217-SHF [115501], Order: 000314-SHF [115550], Order: 000328-SHF [114675], Order: 000329-SHF [114696], Order: 000359-SHF [115115], Order: 000366-SHF [115202], Order: 000369-SHF [115222], Order: 000376-SHF [115290], Order: 000406-SHF [115448], Order: 000410-SHF [115132], Order: 000411-SHF [115048], Order: 000420-SHF [114758], Order: 000421-SHF [114759], Order: 000436-SHF [114819], Order: 000470-SHF [114402], Order: 000478-SHF [115490], Order: 000487- []",,convert.jpg | convert.jpg | convert.jpg | convert.jpg | convert.jpg | convert.jpg,Ardo_0.png.webp,,OPEN ACCOUNT,,000561,"By Udi Stryk on 6 Oct, 2024 at 4:24 PM",002216,002216,"By Operation Manager on 19 Feb, 2025",,0,"000032 - EXTRA FINE GARDEN PEAS EK1(600G) [Ardo, Belgium][Shufersal] (Frozen Vegetables, Shufersal- Ardo, Belgium), 000033 - EXTRA FINE GREEN BEANS BH1(600G) [Ardo, Belgium][Shufersal] (Frozen Vegetables, Shufersal- Ardo, Belgium), 000035 - CUT GREEN BEANS BG4(800G) [Ardo, Belgium][Shufersal] (Frozen Vegetables, Shufersal- Ardo, Belgium), 000054 - GREEN PEAS [Ardo, Belgium][Shufersal] (Frozen Vegetables, Shufersal- Ardo, Belgium), 000057 - MIX PEAS AND CARROT [Ardo, Belgium][Shufersal] (Frozen Vegetables, Shufersal- Ardo, Belgium), 000059 - REGUIAR GREEN BEANS BH3(800G) [Ardo, Belgium][Shufersal] (Frozen Vegetables, Shufersal- Ardo, Belgium)"
"Wafers 250g , Shufersal- Crich, Italy","Wafers 250g , Shufersal",Shufersal,"Crich, Italy",Italy,Approved,"000142 - Wafers 250g Hazelnut [Crich, Italy][Shufersal], 000143 - Wafers 250g cocoa
 [Crich, Italy][Shufersal], 000144 - Wafers 250g Vanilla [Crich, Italy][Shufersal]",,"Port of Venice, Italy.",03371280268,Private label,,"Wafers 250g , Shufersal- Crich, Italy, 19 Feb, 2025",,,SN2418_Crich_Hazelnut_Wafers_250_g_VI556600.jpg | PNSHK-BP_305934-front-zoom.jpg | crich-250-g-crich-vanilla-wafers.jpg,convert.png,,,,000630,"By Success Management on 31 Dec, 2024 at 8:58 AM",002177,002177,"By Operation Manager on 19 Feb, 2025",,0,
"Serena, organic dry fruits, Shufersal-","Serena, organic dry fruits, Shufersal",Shufersal,,,Approved,"000265 -  Organic Pitted Dried Black Cherries 100 grams, Shufersal [Serena, Bulgary][Shufersal], 000264 - Organic dried pitted prunes, Green brand, 250 grams,
Shufersal
 [Serena, Bulgary][Shufersal], 000250 - Organic Dried Black Cherries 100 grams  [Serena, Bulgary][Shufersal], 000251 - Organic dried plums
100 grams  [Serena, Bulgary][Shufersal]",,,,Supplier label,,"Serena, organic dry fruits, Shufersal-, 19 Feb, 2025",,,product_378.jpg | 8570c779804edcfe5c55e2baee158d4ede597a04.jpg,,,,,000629,"By Udi Stryk on 5 Dec, 2024 at 2:06 PM",002268,002268,"By Operation Manager on 19 Feb, 2025",,0,"000107 - TOMATO PASTA SAUCE GARLIC 350 GR. [La Doria, Italy][Shufersal] (Serena, organic dry fruits, Shufersal-)"
"Pasta, Shufersal- Pasta Di- Martino, Italy","Pasta, Shufersal",Shufersal,"Pasta Di- Martino, Italy",Italy,New,,,Naples,,Private label,,"Pasta, Shufersal- Pasta Di- Martino, Italy, 19 Jan, 2025",,,,convert.jpg,,,,000619,"By SmartSuite Automation on 30 Oct, 2024 at 1:19 PM",002252,002252,"By Operation Manager on 19 Feb, 2025",,0,
"Lemon Juice for salads, Ta'aman- Polenghi, Italy","Lemon Juice for salads, Ta'aman",Ta'aman,"Polenghi, Italy",Italy,New,"000323 - LEMON JUICE 1L. TAAMAN [Polenghi, Italy][Ta'aman], 000025 - PRESERVED LEMON JUICE 200 ML [Polenghi, Italy][Ta'aman], 000024 - Natural Lemon Juice 250ml. [Polenghi, Italy][Ta'aman], 000023 - PRESERVED LEMON JUICE 500 ML. [Polenghi, Italy][Ta'aman]",,,IT03019740152,Private label,,"Lemon Juice for salads, Shufersal- Polenghi, Italy, Lemon Juice for salads, Ta'aman- Polenghi, Italy, 19 Jan, 2025, Lemon Juice for salads, Ta'aman- Polenghi, Italy, 30 Mar, 2025","Order: 000237-SHF [115513 ], Order: 000320-SHF [115430], Order: 000325-TAM [200001], Order: 000419-SHF [114705], Order: 000442-SHF [115000], Order: 000499-SHF [115690], Order: 000533- []",,49eb1812-9e36-4262-9725-c2ffbce67015.jpg | 6761.jpg | 866008_01_28-09-2017_g.jpg | 49eb1812-9e36-4262-9725-c2ffbce67015.jpg,logo_polenghi_food.png,,,,000637,"By Operation Manager on 19 Feb, 2025 at 10:11 PM",002231,002231,"By Operation Manager on 30 Mar, 2025",,0,
"Pasta Sauces Ta'aman, Ta'aman- La Doria, Italy","Pasta Sauces Ta'aman, Ta'aman",Ta'aman,"La Doria, Italy",Italy,New,"000415 - Tomato Pasta Sauce Basil 400 G,Taaman  [La Doria, Italy][Ta'aman], 000416 - Tomato Pasta Sauce Arrabbiata 400 G,Taaman [La Doria, Italy][Ta'aman], 000417 - Tomato Pasta Sauce Napoletana 400 G,Taaman

 [La Doria, Italy][Ta'aman], 000418 - Tomato Pasta Sauce Amatriciana 400 G,Taaman 

 [La Doria, Italy][Ta'aman]",,,IT00180700650,Private label,,,,,vasettoUnaBasilico.jpg | vasettounaarrabbiata.jpg | convert.jpg | convert.jpg,0000s_0025_LA-DORIA-1-1.jpg,,OPEN ACCOUNT,,000646,"By Operation Manager on 20 Feb, 2025 at 11:24 AM",002286,002286,"By Operation Manager on 19 Mar, 2025",Update price of La Doria Pasta Suces,0,
"Chocolate Spread, Ta'aman- NS BOMI, Serbia","Chocolate Spread, Ta'aman",Ta'aman,"NS BOMI, Serbia",Serbia,New,"000426 - Bomilino Cream 13 % Hazelnut 350gr [NS BOMI, Serbia][Ta'aman]",EXW,Rijeka - Croatia ,,Private label,,,,"PRICE PROPOSAL
Date: February 24, 2025
1. Buyer & Supplier Information
Details
Information
Buyer Company
Ta'aman
Supplier
Bomi (Serbia), Serbia
Supplier D.B.
https://bomi.in.rs/en/products/choco-spread/#
Addresses
[Insert Buyer & Supplier Addresses]
Delivery Terms
EXW (Ex Works)
Terms of Payment
100% Prepayment
Supplier Description
Leading manufacturer and exporter of high-quality cocoa and milk-based creams, operating in Serbia for 30 years.
2. Product Pricing & Packaging
Product Name
Packaging
Price Per Unit
Currency
Bomilino Cream 13% Hazelnut 350g
8 units/carton
1.990
Euro
Bomilino Cocoa Cream 13% Hazelnut 400g
6 units/carton
1.190
Euro

I hope we will be able to work together,
For further details, please contact me by phone or email.
Best regards,

Rivka Sharbat
Commercial Manager

Foodz Exchange
Phone: +972-525-222291
Email: info@foodz-x.com
Website: www.foodz-x.com
Address: 27 Maskit St., Herzliya, Israel
Foodz Exchange - Connecting Food Vendors with Global Buyers",Krem-mesoviti-tegla-web-1024x1024.png | Forecast Example - NS BOMI 2025.xls,bomi-logo.png,mnu2.webp | mnu1.webp,100% PrePayment,Forecast Example - NS BOMI.xls,000651,"By Operation Manager on 24 Feb, 2025 at 7:08 PM",002291,002291,"By Operation Manager on 27 Feb, 2025",,0,
"Pasta 500 G, Ta'aman- La Doria, Italy","Pasta 500 G, Ta'aman",Ta'aman,"La Doria, Italy",Italy,New,"000419 - Pasta 500 g [La Doria, Italy][Ta'aman]",,,IT00180700650,Private label,,,,,אריזות פסטה LA DORIA1 (2).jpg,0000s_0025_LA-DORIA-1-1.jpg,,OPEN ACCOUNT,,000647,"By Operation Manager on 20 Feb, 2025 at 11:38 AM",002292,002292,"By Operation Manager on 20 Feb, 2025",,0,
"SPONGE CAKE, Yochananof- Balconi, Italy","SPONGE CAKE, Yochananof",Yochananof,"Balconi, Italy",Italy,New,"000406 - SPONGE CAKE- MIX MAX GR 350 [Balconi, Italy][Yochananof], 000407 - SPONGE CAKE- MIX MILK GR 350 [Balconi, Italy][Yochananof]",,Genoa,IT07461160967,Supplier label,,,,,61nxjbopNAL.jpg | mixmilkENG.png,0000s_0004_BALCONI-1.jpg,,OPEN ACCOUNT,,000645,"By Operation Manager on 20 Feb, 2025 at 10:13 AM",002309,002309,"By Operation Manager on 20 Feb, 2025",,0,
"Chocolate eggs, Yochananof- Chocolitaly , Italy","Chocolate eggs, Yochananof",Yochananof,"Chocolitaly , Italy",Italy,New,"000397 - Chocolate eggs 60g with surprise, (3X20) [Chocolitaly , Italy][Yochananof]",,Trieste,,Private label,,,,,ovetti_scatola.jpg,logo_Chocolitaly_150.png,,,,000644,"By Operation Manager on 20 Feb, 2025 at 10:12 AM",002295,002295,"By Operation Manager on 20 Feb, 2025",,0,
"wafer cubes, balconi, Yochananof- Balconi, Italy","wafer cubes, balconi, Yochananof",Yochananof,"Balconi, Italy",Italy,New,"000405 - wafer cubes hazel nuts 250 gr [Balconi, Italy][Yochananof], 000406 - SPONGE CAKE- MIX MAX GR 350 [Balconi, Italy][Yochananof], 000407 - SPONGE CAKE- MIX MILK GR 350 [Balconi, Italy][Yochananof]",,Genoa,IT07461160967,Private label,,"wafer cubes, balconi, Yochananof- Balconi, Italy, 19 Jan, 2025","Order: 000210-SHF [115450], Order: 000358-SHF [115113], Order: 000400-SHF [114619], Order: 000471-SHF [114507], Order: 000489-SHF [115491]",,balconi-wafer-cubi-hazelnut.jpg | 61nxjbopNAL.jpg | mixmilkENG.png,0000s_0004_BALCONI-1.jpg,,OPEN ACCOUNT,,000566,"By Udi Stryk on 6 Oct, 2024 at 4:24 PM",002270,002270,"By Operation Manager on 19 Feb, 2025",,0,"000039 - wafer cubes hazel nuts 250 gr [Balconi, Italy][Shufersal] (wafer cubes, balconi, Yochananof- Balconi, Italy), 000040 - wafer cubes chocolate 250 gr [Balconi, Italy][Shufersal] (wafer cubes, balconi, Yochananof- Balconi, Italy), 000327 - wafers cocoa 175g [Balconi, Italy][Shufersal] (wafer cubes, balconi, Yochananof- Balconi, Italy), 000328 - wafers hazelnut 175g [Balconi, Italy][Shufersal] (wafer cubes, balconi, Yochananof- Balconi, Italy)"
