Adaptation ID,Open Comments,Adaptation Process Status,Compliance Status,Kosher Status,Graphics Status,Kosher Progress,Kosher Status.s,Staus for Compliance,Lookup Kosher Status,Proposal,Supplier,Buyer,Compliance,Kosher,Kosher Expirey Message,Request,Graphics,Buyer contacts for Adaptation,Supplier contact.s for Adaptation,Contractors contact.s for Adaptation,Compliance docs.,Graphic docs.,Kosher Docs.,Auto Number,Compliance Completion,dev | approved compliance records,dev | Approved Graphics Records,First Created,Graphics Completion,"ID",ID (lookup from Proposal),Kosher Progress %,Last Updated,Link to Project status,Link to Requests,Versioning
", 19 Jan, 2025",1,Complete,Approved,Has Kosher,Approval,1,Has Kosher,Approved,Has Kosher,,,Shufersal,"Compliance: 000279 - Refined Sunflower Oil, 5 Litters. [Abalıoğlu Yağ Sanayi ve Ticaret A.Ş., Turkey][ProPlus]","Kosher: 000279 - Refined Sunflower Oil, 5 Litters. [Abalıoğlu Yağ Sanayi ve Ticaret A.Ş., Turkey][ProPlus]",260 days remaining,,"Graphics: 000279 - Refined Sunflower Oil, 5 Litters. [Abalıoğlu Yağ Sanayi ve Ticaret A.Ş., Turkey][ProPlus]","Mrs. Meirav Markel, Food Technologist,Shufersal, Mrs. Shirin Elabk, Quality and Regulation Manager,Shufersal, Rabbi Meir Horowitz, Kosher Manager,Shufersal",,,AY.KL.S.Ü.14 REFINED SUNFLOWER OIL PRODUCT SPECIFICATION (TYPE 1).pdf,5L( Rectangular) LABEL DIE CUT 92x180.pdf | OLDDDDD  PRO008_SunflowerOil_5Lt_564539.pdf | PRO008_SunflowerOil_5Lt_CTN_564539_PRINT_2_APP.pdf,2023 Kosher Sertifikası (1).pdf,#141,1/1 approved ✅ ,1,1,"By Udi Stryk on 19 Jan, 2025",1/1 approved ✅ ,#141,,,"By SmartSuite Automation on 30 Jan, 2025",,,
"Organic Whole Rice and Legumes Snack, Harduf - All Organics- Castelfood srl, Italy, 30 Jan, 2025",0,New,Not Started,New,Not Started,0.1,,,,"Organic Whole Rice and Legumes Snack, Harduf - All Organics- Castelfood srl, Italy",,,,Kosher:, ⚠️ KOSHER EXPIRED  days ago,"Organic Whole Rice and Legumes Snack, Harduf - All Organics",,,,,,,,#205,0/0 approved ⏳,0,0,"By SmartSuite Automation on 30 Jan, 2025",0/0 approved ⏳,002243,002243,,"By SmartSuite Automation on 30 Jan, 2025",,,
"Serena, organic dry fruits, Shufersal-, 19 Feb, 2025",0,New,Not Started,New,Not Started,0.1,,,,"Serena, organic dry fruits, Shufersal-",,,,Kosher:, ⚠️ KOSHER EXPIRED  days ago,"Serena, organic dry fruits, Shufersal",,,,,,,,#206,0/0 approved ⏳,0,0,"By SmartSuite Automation on 19 Feb, 2025",0/0 approved ⏳,002268,002268,,"By SmartSuite Automation on 19 Feb, 2025",,,
"Wafers 250g , Shufersal- Crich, Italy, 19 Feb, 2025",0,New,Not Started,New,Not Started,0.1,,,,"Wafers 250g , Shufersal- Crich, Italy",,,,Kosher:, ⚠️ KOSHER EXPIRED  days ago,"Wafers 250g , Shufersal",,,,,,,,#207,0/0 approved ⏳,0,0,"By SmartSuite Automation on 19 Feb, 2025",0/0 approved ⏳,002177,002177,,"By Operation Manager on 19 Feb, 2025",,,
"Frozen Vegetables, Shufersal- Ardo, Belgium, 19 Feb, 2025",0,New,Not Started,New,Not Started,0.1,,New  | New ,,"Frozen Vegetables, Shufersal- Ardo, Belgium",,,"Compliance: 000035 - CUT GREEN BEANS BG4(800G) [Ardo, Belgium][Shufersal], Compliance: 000059 - REGUIAR GREEN BEANS BH3(800G) [Ardo, Belgium][Shufersal]",Kosher:, ⚠️ KOSHER EXPIRED  days ago,"Frozen Vegetables, Shufersal","Graphics: 000035 - CUT GREEN BEANS BG4(800G) [Ardo, Belgium][Shufersal], Graphics: 000059 - REGUIAR GREEN BEANS BH3(800G) [Ardo, Belgium][Shufersal]",,,,,,,#208,0/2 approved ⏳,0,0,"By SmartSuite Automation on 19 Feb, 2025",0/2 approved ⏳,002216,002216,,"By SmartSuite Automation on 19 Feb, 2025",,,
"Potato Gnocchi - with/ without gluten, Shufersal- Ciemme, Italy, 19 Feb, 2025",0,New,Not Started,New,Not Started,0.1,,,,"Potato Gnocchi - with/ without gluten, Shufersal- Ciemme, Italy",,,,Kosher:, ⚠️ KOSHER EXPIRED  days ago,"Potato Gnocchi - with/ without gluten, Shufersal",,,,,,,,#209,0/0 approved ⏳,0,0,"By SmartSuite Automation on 19 Feb, 2025",0/0 approved ⏳,002212,002212,,"By SmartSuite Automation on 19 Feb, 2025",,,
"double cookey gluten free, Shufersal- Coppenrath Feingebäck GmbH, Germany, 19 Feb, 2025",0,New,Not Started,New,Not Started,0.1,,,,"double cookey gluten free, Shufersal- Coppenrath Feingebäck GmbH, Germany",,,,Kosher:, ⚠️ KOSHER EXPIRED  days ago,"double cookey gluten free, Shufersal",,,,,,,,#210,0/0 approved ⏳,0,0,"By SmartSuite Automation on 19 Feb, 2025",0/0 approved ⏳,002192,002192,,"By SmartSuite Automation on 19 Feb, 2025",,,
"CORNFLAKES SHUFERSAL 750 GR., Shufersal- Crispy food, Denmark, 19 Feb, 2025",0,New,Not Started,New,Not Started,0.1,,,,"CORNFLAKES SHUFERSAL 750 GR., Shufersal- Crispy food, Denmark",,,,Kosher:, ⚠️ KOSHER EXPIRED  days ago,"CORNFLAKES SHUFERSAL 750 GR., Shufersal",,,,,,,,#211,0/0 approved ⏳,0,0,"By SmartSuite Automation on 19 Feb, 2025",0/0 approved ⏳,002198,002198,,"By SmartSuite Automation on 19 Feb, 2025",,,
"Dutch Butter Cookies, Shufersal- Daelmans, Netherlands, 19 Feb, 2025",0,New,Not Started,New,Not Started,0.1,,,,"Dutch Butter Cookies, Shufersal- Daelmans, Netherlands",,,,Kosher:, ⚠️ KOSHER EXPIRED  days ago,"Dutch Butter Cookies, Shufersal",,,,,,,,#212,0/0 approved ⏳,0,0,"By SmartSuite Automation on 19 Feb, 2025",0/0 approved ⏳,002205,002205,,"By SmartSuite Automation on 19 Feb, 2025",,,
"sfogliette salty snacks, 180 gr, Shufersal- EuroSnacks/ FornoDamiani, Italy, 19 Feb, 2025",0,New,Not Started,New,Not Started,0.1,,,,"sfogliette salty snacks, 180 gr, Shufersal- EuroSnacks/ FornoDamiani, Italy",,,,Kosher:, ⚠️ KOSHER EXPIRED  days ago,"sfogliette salty snacks, 180 gr, Shufersal",,,,,,,,#213,0/0 approved ⏳,0,0,"By SmartSuite Automation on 19 Feb, 2025",0/0 approved ⏳,002208,002208,,"By SmartSuite Automation on 19 Feb, 2025",,,
"No-added sugar Chocolate-covered wafers, Shufersal- Helwa, Netherlands, 19 Feb, 2025",0,New,Not Started,New,Not Started,0.1,,,,"No-added sugar Chocolate-covered wafers, Shufersal- Helwa, Netherlands",,,,Kosher:, ⚠️ KOSHER EXPIRED  days ago,"No-added sugar Chocolate-covered wafers, Shufersal",,,,,,,,#214,0/0 approved ⏳,0,0,"By SmartSuite Automation on 19 Feb, 2025",0/0 approved ⏳,002189,002189,,"By SmartSuite Automation on 19 Feb, 2025",,,
"Chocolate Tablets, 100Gr. Sugar-Free, Shufersal- Icam, Italy, 19 Feb, 2025",0,New,Not Started,New,Not Started,0.1,,,,"Chocolate Tablets, 100Gr. Sugar-Free, Shufersal- Icam, Italy",,,,Kosher:, ⚠️ KOSHER EXPIRED  days ago,"Chocolate Tablets, 100Gr. Sugar-Free, Shufersal",,,,,,,,#215,0/0 approved ⏳,0,0,"By SmartSuite Automation on 19 Feb, 2025",0/0 approved ⏳,002202,002202,,"By SmartSuite Automation on 19 Feb, 2025",,,
"Finely Chopped Tomatoes 3x400, Shufersal- La Doria, Italy, 19 Feb, 2025",0,New,Not Started,New,Not Started,0.1,,,,"Finely Chopped Tomatoes 3x400, Shufersal- La Doria, Italy",,,,Kosher:, ⚠️ KOSHER EXPIRED  days ago,"Finely Chopped Tomatoes 3x400, Shufersal",,,,,,,,#216,0/0 approved ⏳,0,0,"By SmartSuite Automation on 19 Feb, 2025",0/0 approved ⏳,002219,002219,,"By SmartSuite Automation on 19 Feb, 2025",,,
"Legumes in Conerves, Shufersal- La Doria, Italy, 19 Feb, 2025",0,New,Not Started,New,Not Started,0.1,,,,"Legumes in Conerves, Shufersal- La Doria, Italy",,,,Kosher:, ⚠️ KOSHER EXPIRED  days ago,"Legumes in Conerves, Shufersal",,,,,,,,#217,0/0 approved ⏳,0,0,"By SmartSuite Automation on 19 Feb, 2025",0/0 approved ⏳,002262,002262,,"By SmartSuite Automation on 19 Feb, 2025",,,
"Tomato based Paste sauces, 350 gr, Shufersal- La Doria, Italy, 19 Feb, 2025",0,New,Not Started,New,Not Started,0.1,,,,"Tomato based Paste sauces, 350 gr, Shufersal- La Doria, Italy",,,,Kosher:, ⚠️ KOSHER EXPIRED  days ago,"Tomato based Paste sauces, 350 gr, Shufersal",,,,,,,,#218,0/0 approved ⏳,0,0,"By SmartSuite Automation on 19 Feb, 2025",0/0 approved ⏳,002194,002194,,"By SmartSuite Automation on 19 Feb, 2025",,,
"Tomato products, Shufersal- La Doria, Italy, 19 Feb, 2025",0,New,Not Started,New,Not Started,0.1,,,,"Tomato products, Shufersal- La Doria, Italy",,,,Kosher:, ⚠️ KOSHER EXPIRED  days ago,"Tomato products, Shufersal",,,,,,,,#219,0/0 approved ⏳,0,0,"By SmartSuite Automation on 19 Feb, 2025",0/0 approved ⏳,002257,002257,,"By SmartSuite Automation on 19 Feb, 2025",,,
"Pita Chips & Grissini, Shufersal- La Mole, Italy, 19 Feb, 2025",0,New,Not Started,New,Not Started,0.1,,,,"Pita Chips & Grissini, Shufersal- La Mole, Italy",,,,Kosher:, ⚠️ KOSHER EXPIRED  days ago,"Pita Chips & Grissini, Shufersal",,,,,,,,#220,0/0 approved ⏳,0,0,"By SmartSuite Automation on 19 Feb, 2025",0/0 approved ⏳,002240,002240,,"By SmartSuite Automation on 19 Feb, 2025",,,
"MUNCHIES SPICY RICE AND  PEANUTS 400GR, Shufersal- Maas Intersales, Netherlands, 19 Feb, 2025",0,New,Not Started,New,Not Started,0.1,,,,"MUNCHIES SPICY RICE AND  PEANUTS 400GR, Shufersal- Maas Intersales, Netherlands",,,,Kosher:, ⚠️ KOSHER EXPIRED  days ago,"MUNCHIES SPICY RICE AND  PEANUTS 400GR, Shufersal",,,,,,,,#221,0/0 approved ⏳,0,0,"By SmartSuite Automation on 19 Feb, 2025",0/0 approved ⏳,002277,002277,,"By SmartSuite Automation on 19 Feb, 2025",,,
"Sultanas Organic 250 and 500  gr., Shufersal- Ozgur, Turkey, 19 Feb, 2025",0,New,Not Started,New,Not Started,0.1,,,,"Sultanas Organic 250 and 500  gr., Shufersal- Ozgur, Turkey",,,,Kosher:, ⚠️ KOSHER EXPIRED  days ago,"Sultanas Organic 250 and 500  gr., Shufersal",,,,,,,,#222,0/0 approved ⏳,0,0,"By SmartSuite Automation on 19 Feb, 2025",0/0 approved ⏳,002225,002225,,"By SmartSuite Automation on 19 Feb, 2025",,,
"organic chestnuts, Shufersal- Maas Intersales, Netherlands, 19 Feb, 2025",0,New,Not Started,New,Not Started,0.1,,,,"organic chestnuts, Shufersal- Maas Intersales, Netherlands",,,,Kosher:, ⚠️ KOSHER EXPIRED  days ago,"organic chestnuts, Shufersal",,,,,,,,#223,0/0 approved ⏳,0,0,"By SmartSuite Automation on 19 Feb, 2025",0/0 approved ⏳,002215,002215,,"By SmartSuite Automation on 19 Feb, 2025",,,
"Pasta - gluten-free 400 gr, Shufersal- Pastificio Mennucci S.P.A, Italy, 19 Feb, 2025",0,New,Not Started,New,Not Started,0.1,,,,"Pasta - gluten-free 400 gr, Shufersal- Pastificio Mennucci S.P.A, Italy",,,,Kosher:, ⚠️ KOSHER EXPIRED  days ago,"Pasta - gluten-free 400 gr, Shufersal",,,,,,,,#224,0/0 approved ⏳,0,0,"By SmartSuite Automation on 19 Feb, 2025",0/0 approved ⏳,002228,002228,,"By SmartSuite Automation on 19 Feb, 2025",,,
"EXTRA VIRGIN OLIVE OIL 750 & 500 ML, Shufersal- Poyraz, Turkey, 19 Feb, 2025",0,New,Not Started,New,Not Started,0.1,,,,"EXTRA VIRGIN OLIVE OIL 750 & 500 ML, Shufersal- Poyraz, Turkey",,,,Kosher:, ⚠️ KOSHER EXPIRED  days ago,"EXTRA VIRGIN OLIVE OIL 750 & 500 ML, Shufersal",,,,,,,,#225,0/0 approved ⏳,0,0,"By SmartSuite Automation on 19 Feb, 2025",0/0 approved ⏳,002259,002259,,"By SmartSuite Automation on 19 Feb, 2025",,,
"Vegetable chips 85gr, Shufersal- Viube/Grupo Apex/ Mikso, Spain, 19 Feb, 2025",0,New,Not Started,New,Not Started,0.1,,,,"Vegetable chips 85gr, Shufersal- Viube/Grupo Apex/ Mikso, Spain",,,,Kosher:, ⚠️ KOSHER EXPIRED  days ago,"Vegetable chips 85gr, Shufersal",,,,,,,,#227,0/0 approved ⏳,0,0,"By SmartSuite Automation on 19 Feb, 2025",0/0 approved ⏳,002190,002190,,"By SmartSuite Automation on 19 Feb, 2025",,,
"Potato Chips Snacks, Schestowitz- Pata S.P.A, Italy, 19 Feb, 2025",0,New,Not Started,New,Not Started,0.1,,,,"Potato Chips Snacks, Schestowitz- Pata S.P.A, Italy",,,,Kosher:, ⚠️ KOSHER EXPIRED  days ago,"Potato Chips Snacks, Schestowitz",,,,,,,,#228,0/0 approved ⏳,0,0,"By SmartSuite Automation on 19 Feb, 2025",0/0 approved ⏳,002180,002180,,"By Operation Manager on 26 Mar, 2025","rony from shastowitz want to know if he want to change the packaging design for our products.  To proceed,  how long it would take to print the new packaging,",,
"sunflower oil in 5-liter PET bottles., ProPlus- Abalıoğlu Yağ Sanayi ve Ticaret A.Ş., Turkey, 19 Feb, 2025",0,New,Not Started,New,Not Started,0.1,,,,"sunflower oil in 5-liter PET bottles., ProPlus- Abalıoğlu Yağ Sanayi ve Ticaret A.Ş., Turkey",,,,Kosher:, ⚠️ KOSHER EXPIRED  days ago,"sunflower oil in 5-liter PET bottles., ProPlus",,,,,,,,#229,0/0 approved ⏳,0,0,"By SmartSuite Automation on 19 Feb, 2025",0/0 approved ⏳,002297,002297,,"By SmartSuite Automation on 19 Feb, 2025",,,
"Finely chopped tomatoes crop 2022, ProPlus- Solana, Italy, 19 Feb, 2025",0,New,Not Started,New,Not Started,0.1,,,,"Finely chopped tomatoes crop 2022, ProPlus- Solana, Italy",,,,Kosher:, ⚠️ KOSHER EXPIRED  days ago,"Finely chopped tomatoes crop 2022, ProPlus",,,,,,,,#230,0/0 approved ⏳,0,0,"By SmartSuite Automation on 19 Feb, 2025",0/0 approved ⏳,002250,002250,,"By SmartSuite Automation on 19 Feb, 2025",,,
"750ML EXTRA VIRGIN OLIVE OIL, Marav Mazonkol (Osher Ad)- Poyraz, Turkey, 19 Feb, 2025",0,New,Not Started,New,Not Started,0.1,,,,"750ML EXTRA VIRGIN OLIVE OIL, Marav Mazonkol (Osher Ad)- Poyraz, Turkey",,,,Kosher:, ⚠️ KOSHER EXPIRED  days ago,"750ML EXTRA VIRGIN OLIVE OIL, Marav Mazonkol (Osher Ad)",,,,,,,,#231,0/0 approved ⏳,0,0,"By SmartSuite Automation on 19 Feb, 2025",0/0 approved ⏳,002206,002206,,"By SmartSuite Automation on 19 Feb, 2025",,,
"Organic frozen vegetables , Harduf - All Organics- GreenYard, Belgium, 20 Feb, 2025",0,New,Not Started,New,Not Started,0.1,,,,"Organic frozen vegetables , Harduf - All Organics- GreenYard, Belgium",,,,Kosher:, ⚠️ KOSHER EXPIRED  days ago,"Organic frozen vegetables , Harduf - All Organics",,,,,,,,#232,0/0 approved ⏳,0,0,"By SmartSuite SCIM on 20 Feb, 2025",0/0 approved ⏳,002258,002258,,"By SmartSuite SCIM on 20 Feb, 2025",,,
"Organic Whole Rice and Legumes Snack, Harduf - All Organics- Castelfood srl, Italy, 20 Feb, 2025",0,New,Not Started,New,Not Started,0.1,,,,"Organic Whole Rice and Legumes Snack, Harduf - All Organics- Castelfood srl, Italy",,,,Kosher:, ⚠️ KOSHER EXPIRED  days ago,"Organic Whole Rice and Legumes Snack, Harduf - All Organics",,,,,,,,#233,0/0 approved ⏳,0,0,"By SmartSuite SCIM on 20 Feb, 2025",0/0 approved ⏳,002243,002243,,"By SmartSuite SCIM on 20 Feb, 2025",,,
"750 ml. Olive oil to H. Cohen (Yesh P.L), H. Cohen Import Marketing & Logistics Ltd- Poyraz, Turkey, 20 Feb, 2025",0,New,Not Started,New,Not Started,0.1,,,,"750 ml. Olive oil to H. Cohen (Yesh P.L), H. Cohen Import Marketing & Logistics Ltd- Poyraz, Turkey",,,,Kosher:, ⚠️ KOSHER EXPIRED  days ago,"750 ml. Olive oil to H. Cohen (Yesh P.L), H. Cohen Import Marketing & Logistics Ltd",,,,,,,,#234,0/0 approved ⏳,0,0,"By SmartSuite Automation on 20 Feb, 2025",0/0 approved ⏳,002269,002269,,"By SmartSuite Automation on 20 Feb, 2025",,,
"Frozen french- fries, proplus, ProPlus- Bergia frites, Netherlands, 05 Mar, 2025",0,New,Not Started,New,Not Started,0.1,,,,"Frozen french- fries, proplus, ProPlus- Bergia frites, Netherlands",,,,Kosher:, ⚠️ KOSHER EXPIRED  days ago,"Frozen french- fries, proplus, ProPlus",,,,,,,,#235,0/0 approved ⏳,0,0,"By SmartSuite Automation on 5 Mar, 2025",0/0 approved ⏳,002296,002296,,"By SmartSuite Automation on 5 Mar, 2025",,,
"Frozen Vegetables, Shufersal- Ardo, Belgium, 19 Jan, 2025",0,In Process,Not Started,Has Kosher,Not Started,1,,Approved | Approved | Approved | Approved,New,"Frozen Vegetables, Shufersal- Ardo, Belgium","Ardo, Belgium",Shufersal,"Compliance: 000059 - REGUIAR GREEN BEANS BH3(800G) [Ardo, Belgium][Shufersal], Compliance: 000035 - CUT GREEN BEANS BG4(800G) [Ardo, Belgium][Shufersal], Compliance: 000033 - EXTRA FINE GREEN BEANS BH1(600G) [Ardo, Belgium][Shufersal], Compliance: 000057 - MIX PEAS AND CARROT [Ardo, Belgium][Shufersal]","Kosher: 000032 - EXTRA FINE GARDEN PEAS EK1(600G) [Ardo, Belgium][Shufersal]000033 - EXTRA FINE GREEN BEANS BH1(600G) [Ardo, Belgium][Shufersal]000035 - CUT GREEN BEANS BG4(800G) [Ardo, Belgium][Shufersal]000057 - MIX PEAS AND CARROT [Ardo, Belgium][Shufersal]000059 - REGUIAR GREEN BEANS BH3(800G) [Ardo, Belgium][Shufersal]000054 - GREEN PEAS [Ardo, Belgium][Shufersal]", ⚠️ KOSHER EXPIRED 192 days ago,"Frozen Vegetables, Shufersal","Graphics: 000059 - REGUIAR GREEN BEANS BH3(800G) [Ardo, Belgium][Shufersal], Graphics: 000057 - MIX PEAS AND CARROT [Ardo, Belgium][Shufersal], Graphics: 000032 - EXTRA FINE GARDEN PEAS EK1(600G) [Ardo, Belgium][Shufersal], Graphics: 000035 - CUT GREEN BEANS BG4(800G) [Ardo, Belgium][Shufersal]","Mrs. Meirav Markel, Food Technologist,Shufersal",,,COA - Shufersal - 26251000967 (1) beans fine --.pdf | VGM container 26050076498.pdf | COA - Shufersal - 26251000967 cut green beans (2).pdf | COA - Shufersal - 26251003546 Beans extra fine  (3).pdf | COA_Peas and carrot mix_SO25-002009.pdf,,ARDO -CERT -Mix peas and carrots (1).pdf | ARDO -CERT -extra fine green beans 600gr (1).pdf | ARDO-CER -Regular green beans 800g (1).pdf | ARDO -CERT -Extra Fine Garden Peas 600g (1).pdf,#166,4/4 approved ✅ ,4,0,"By Udi Stryk on 19 Jan, 2025",0/4 approved ⏳,002216,002216,,"By Udi Stryk on 24 Jan, 2025",,,
"Frozen Vegetables, Shufersal- Ardo, Belgium, 24 Jan, 2025",0,Complete,Approved,Has Kosher,Approval,0.1,,New  | New  | New ,,"Frozen Vegetables, Shufersal- Ardo, Belgium","Ardo, Belgium",Shufersal,"Compliance: 000059 - REGUIAR GREEN BEANS BH3(800G) [Ardo, Belgium][Shufersal], Compliance: 000054 - GREEN PEAS [Ardo, Belgium][Shufersal], Compliance: 000032 - EXTRA FINE GARDEN PEAS EK1(600G) [Ardo, Belgium][Shufersal]",Kosher:, ⚠️ KOSHER EXPIRED  days ago,"Frozen Vegetables, Shufersal","Graphics: 000054 - GREEN PEAS [Ardo, Belgium][Shufersal], Graphics: 000059 - REGUIAR GREEN BEANS BH3(800G) [Ardo, Belgium][Shufersal], Graphics: 000032 - EXTRA FINE GARDEN PEAS EK1(600G) [Ardo, Belgium][Shufersal]",,,,,,,#200,0/3 approved ⏳,0,0,"By SmartSuite Automation on 24 Jan, 2025",0/3 approved ⏳,002216,002216,,"By Operation Manager on 19 Feb, 2025",,,
"Frozen Vegetables, Shufersal- Ardo, Belgium, 27 Jan, 2025",0,New,Not Started,New,Not Started,0.1,,New  | New ,,"Frozen Vegetables, Shufersal- Ardo, Belgium","Ardo, Belgium",Shufersal,"Compliance: 000059 - REGUIAR GREEN BEANS BH3(800G) [Ardo, Belgium][Shufersal], Compliance: 000035 - CUT GREEN BEANS BG4(800G) [Ardo, Belgium][Shufersal]",Kosher:, ⚠️ KOSHER EXPIRED  days ago,"Frozen Vegetables, Shufersal","Graphics: 000059 - REGUIAR GREEN BEANS BH3(800G) [Ardo, Belgium][Shufersal], Graphics: 000035 - CUT GREEN BEANS BG4(800G) [Ardo, Belgium][Shufersal]",,,,,,,#204,0/2 approved ⏳,0,0,"By SmartSuite Automation on 27 Jan, 2025",0/2 approved ⏳,002216,002216,,"By Operation Manager on 19 Feb, 2025",,,
"wafer cubes, balconi, Yochananof- Balconi, Italy, 19 Jan, 2025",0,,Not Started,New,Not Started,1,,Approved | Approved | Approved | Approved,,"wafer cubes, balconi, Yochananof- Balconi, Italy","Balconi, Italy",Shufersal,"Compliance: 000040 - wafer cubes chocolate 250 gr [Balconi, Italy][Shufersal], Compliance: 000039 - wafer cubes hazel nuts 250 gr [Balconi, Italy][Shufersal], Compliance: 000327 - wafers cocoa 175g [Balconi, Italy][Shufersal], Compliance: 000328 - wafers hazelnut 175g [Balconi, Italy][Shufersal]","Kosher: 000039 - wafer cubes hazel nuts 250 gr [Balconi, Italy][Shufersal]000040 - wafer cubes chocolate 250 gr [Balconi, Italy][Shufersal]000327 - wafers cocoa 175g [Balconi, Italy][Shufersal]000328 - wafers hazelnut 175g [Balconi, Italy][Shufersal]",448 days remaining,"wafer cubes, balconi, Yochananof","Graphics: 000328 - wafers hazelnut 175g [Balconi, Italy][Shufersal], Graphics: 000327 - wafers cocoa 175g [Balconi, Italy][Shufersal], Graphics: 000039 - wafer cubes hazel nuts 250 gr [Balconi, Italy][Shufersal], Graphics: 000040 - wafer cubes chocolate 250 gr [Balconi, Italy][Shufersal]","Mrs. Meirav Markel, Food Technologist,Shufersal","Mrs. Arabella Meggiolaro, Balconi, Italy, Export manager/ department, Mr. Alfredo Portanova, Balconi, Italy, Export manager/ department","Rabbi Moshe Malki, Kosher Manager",Certificate of Analysis Cocoa.pdf | CERTIFICATE OF ANALYSIS.pdf | Certificate of Analysis hazelnut.pdf | certificate of analysis 924000938.pdf | Certificate of Analysis Cocoa.pdf | Certificate of Analysis hazelnut.pdf,240887 WAFERS NOCCIOLA SHUFERSAL 175g v1.pdf | Cutter guide wafers 175g.pdf | S011_WaferCubes_Chocolate_250g_226529.pdf | Cutter guide wafers 175g.pdf | S011_WaferCubes_HazelNut_250g_226536.pdf | S011_WaferCubes_Chocolate_250g_226529.pdf,Rabbanut Special Report January 2024 Shuffersal.pdf | Letter of Certification.pdf,#184,4/4 approved ✅ ,4,4,"By Udi Stryk on 19 Jan, 2025",4/4 approved ✅ ,002270,002270,,"By SmartSuite Automation on 23 Jan, 2025",,,
"Organic Whole Rice and Legumes Snack, Harduf - All Organics- Castelfood srl, Italy, 19 Jan, 2025",0,Complete,Approved,Has Kosher,Approval,1,,Approved | Approved | New  | Approved,,"Organic Whole Rice and Legumes Snack, Harduf - All Organics- Castelfood srl, Italy","Castelfood srl, Italy",Harduf - All Organics,"Compliance: 000245 - Red Lentil and Organic Black Rice Snack [Castelfood srl, Italy][Harduf - All Organics], Compliance: 000246 - Organic corn and buckwheat snack [Castelfood srl, Italy][Harduf - All Organics], Compliance: 000244 - Organic corn and black rice snack [Castelfood srl, Italy][Harduf - All Organics], Compliance: 000359 - organic corn cakes [Castelfood srl, Italy][Harduf - All Organics]","Kosher: 000239 - Corn, whole rice, and buckwheat crispy snack 60 grams Harduf [Castelfood srl, Italy][Harduf - All Organics]000247 - Corn Cakes Snack with Legumes
60 grams Harduf [Castelfood srl, Italy][Harduf - All Organics]000246 - Organic corn and buckwheat snack [Castelfood srl, Italy][Harduf - All Organics]000245 - Red Lentil and Organic Black Rice Snack [Castelfood srl, Italy][Harduf - All Organics]000244 - Organic corn and black rice snack [Castelfood srl, Italy][Harduf - All Organics]000243 - Whole rice and pea crisp snack [Castelfood srl, Italy][Harduf - All Organics]",479 days remaining,"Organic Whole Rice and Legumes Snack, Harduf - All Organics","Graphics: 000359 - organic corn cakes [Castelfood srl, Italy][Harduf - All Organics], Graphics: 000245 - Red Lentil and Organic Black Rice Snack [Castelfood srl, Italy][Harduf - All Organics], Graphics: 000244 - Organic corn and black rice snack [Castelfood srl, Italy][Harduf - All Organics], Graphics: 000243 - Whole rice and pea crisp snack [Castelfood srl, Italy][Harduf - All Organics], Graphics: 000246 - Organic corn and buckwheat snack [Castelfood srl, Italy][Harduf - All Organics], Graphics: 000247 - Corn Cakes Snack with Legumes
60 grams Harduf [Castelfood srl, Italy][Harduf - All Organics]","Mrs. Liat Ben- Haim, Import & Regulation,Harduf - All Organics",,,BRC certificate  scad. 2024.pdf | Cert. FDA 2023.pdf | Certificato VEGAN OK 2023_scad. 31.12.2023.pdf | IFS certificate_357351_en scad. 2023.pdf | 2024.10.29_All Organic_Organic buckwheat cakes 120g rev.1.0.pdf | 2024.10.29_All Organic_ Organic Corn cakes 130g rev 1.0.pdf,55536 Snacks_Perhiyot_CORN and WHOLE RICE and BUCKWHEAT_60g.pdf | 55535 Snacks_Perhiyot_RED LENTILS and BLACK RICE_60g.pdf | 55533 Snacks_Perhiyot_CORN and BLACK RICE_60g.pdf | 55532 Snacks_Perhiyot_RICE and PEAS_60g.pdf | 55537 Snacks_Perhiyot_CORN and BUCKWHEATS_60g.pdf | 55534 Snacks_Perhiyot_LEGUMES_60g (1).pdf,Kosher certificato - Kcert 2023_1.pdf,#188,3/4 approved ⏳,3,6,"By Udi Stryk on 19 Jan, 2025",6/6 approved ✅ ,002243,002243,,"By SmartSuite Automation on 24 Jan, 2025",,,
", 19 Jan, 2025",0,,Not Started,New,Not Started,1,,Approved,,,"Chocolitaly , Italy",Shufersal,"Compliance: 000278 - Chocolate Eggs 3*60 gr. cluster packaging  [Chocolitaly , Italy][Yochananof]","Kosher: 000278 - Chocolate Eggs 3*60 gr. cluster packaging  [Chocolitaly , Italy][Yochananof]",295 days remaining,,"Graphics: 000278 - Chocolate Eggs 3*60 gr. cluster packaging  [Chocolitaly , Italy][Yochananof]","Mrs. Meirav Markel, Food Technologist,Shufersal",,,00057 CE conformità.pdf | 00024 CE conformità.pdf | DECLARATION CAPSULE 2022.pdf | 2020-12-16 Certificato Accredia IISG 17025 rev 10.pdf | Tech sheet Callebaut milk choco CHM-S8260-000.pdf | Tech sheet Callebaut CHM-U7690-000.pdf,084 db - Yohananof - Surprise Chocolate eggs x3 Pack PRESS 191224.pdf | 084 db - Yohananof - Surprise Chocolate eggs Wrap 20g PRESS 191224.pdf | fustella foil AL 2020 egg 20g.pdf,Kosher Certificate Barry Callebaut.pdf,#158,1/1 approved ✅ ,1,1,"By Udi Stryk on 19 Jan, 2025",1/1 approved ✅ ,#158,,,"By Operation Manager on 20 Feb, 2025",,,
"Potato Gnocchi - with/ without gluten, Shufersal- Ciemme, Italy, 19 Jan, 2025",0,,Not Started,New,Not Started,,,Approved | Approved | Approved | Approved | Approved | Approved,,"Potato Gnocchi - with/ without gluten, Shufersal- Ciemme, Italy","Ciemme, Italy",Shufersal,"Compliance: 000076 - Gluten-free gnocchi, 500 gr (KOSHER FOR PASSOVER) [Ciemme, Italy][Shufersal], Compliance: 000101 - Potato gnocchi 500gr [Ciemme, Italy][Shufersal], Compliance: 000099 - gnocchi tri-color gluten-free 400(KOSHER FOR PASSOVER) [Ciemme, Italy][Shufersal], Compliance: 000101 - Potato gnocchi 500gr [Ciemme, Italy][Shufersal], Compliance: 000068 - tomatoes
  gnocchi 500gr [Ciemme, Italy][Shufersal], Compliance: 000069 - spinach
  gnocchi 500gr [Ciemme, Italy][Shufersal]","Kosher: 000099 - gnocchi tri-color gluten-free 400(KOSHER FOR PASSOVER) [Ciemme, Italy][Shufersal]000076 - Gluten-free gnocchi, 500 gr (KOSHER FOR PASSOVER) [Ciemme, Italy][Shufersal]000101 - Potato gnocchi 500gr [Ciemme, Italy][Shufersal]000068 - tomatoes
  gnocchi 500gr [Ciemme, Italy][Shufersal]000069 - spinach
  gnocchi 500gr [Ciemme, Italy][Shufersal]000071 - mini
  potato gnocchi 500gr [Ciemme, Italy][Shufersal]", ⚠️ KOSHER EXPIRED  days ago,"Potato Gnocchi - with/ without gluten, Shufersal","Graphics: 000071 - mini
  potato gnocchi 500gr [Ciemme, Italy][Shufersal], Graphics: 000101 - Potato gnocchi 500gr [Ciemme, Italy][Shufersal], Graphics: 000068 - tomatoes
  gnocchi 500gr [Ciemme, Italy][Shufersal]","Mrs. Meirav Markel, Food Technologist,Shufersal",,,CoAs Green 24.07.2023.pdf | CoAs Shufersal + Green 11.09.2023.pdf | Ingredients statement for Green 31.07.2024.pdf | CoAs Shufersal + Green 11.09.2023 (1).pdf | CoAs Shufersal 11.08.2023.pdf | CoAs Shufersal 03.07.2023.pdf,,Kosher certificate Green 18.09.2024.pdf | Kosher report Green 18.09.2024.pdf,#171,6/6 approved ✅ ,6,0,"By Udi Stryk on 19 Jan, 2025",0/3 approved ⏳,002212,002212,,"By Udi Stryk on 21 Jan, 2025",,,
"double cookey gluten free, Shufersal- Coppenrath Feingebäck GmbH, Germany, 19 Jan, 2025",0,,Not Started,New,Not Started,,,Approved,,"double cookey gluten free, Shufersal- Coppenrath Feingebäck GmbH, Germany","Coppenrath Feingebäck GmbH, Germany",Shufersal,"Compliance: 000100 - double cookey gluten free / Green Sandwich Cookie [Coppenrath Feingebäck GmbH, Germany][Shufersal]","Kosher: 000100 - double cookey gluten free / Green Sandwich Cookie [Coppenrath Feingebäck GmbH, Germany][Shufersal]",173 days remaining,"double cookey gluten free, Shufersal","Graphics: 000100 - double cookey gluten free / Green Sandwich Cookie [Coppenrath Feingebäck GmbH, Germany][Shufersal]","Mrs. Meirav Markel, Food Technologist,Shufersal",,,S30C-0i24070405320.pdf | 57795_Spez05_Shufersal_GREEN COOKIES_Zusatzwünsche_KOU_Lieferungsbezogen_03.07.2024.pdf,,57795_Rabbanut report coppenrath June 2024 Signed_18.09.2024.pdf | KOU-Zertifikat_LEH_Shufersal LTD. dba Supersol LTD_31.12.2024_Stand_06.12.2023. (1).pdf | Rabbanut report 12112023.pdf | 57795 Green Sandwich Cookie 300g GF+LF KOU_C072308281_01.09.2023 (1).pdf | 57795_Rabbanut report coppenrath June 2024 Signed_11.06.2024.pdf,#139,1/1 approved ✅ ,1,0,"By Udi Stryk on 19 Jan, 2025",0/1 approved ⏳,002192,002192,,"By Udi Stryk on 21 Jan, 2025",,,
", 19 Jan, 2025",0,,Not Started,New,Not Started,0.1,,Approved | Approved | Approved | Approved,,,"Crich, Italy",,"Compliance: 000333 - Crackers extra virgin olive oil & rosemary 250 gr [Crich, Italy][Shufersal], Compliance: 000143 - Wafers 250g cocoa
 [Crich, Italy][Shufersal], Compliance: 000142 - Wafers 250g Hazelnut [Crich, Italy][Shufersal], Compliance: 000334 - Crackers with cereal & sesame 250 gr [Crich, Italy][Shufersal]","Kosher: 000142 - Wafers 250g Hazelnut [Crich, Italy][Shufersal]000143 - Wafers 250g cocoa
 [Crich, Italy][Shufersal]000144 - Wafers 250g Vanilla [Crich, Italy][Shufersal]000331 - Wafers cappuccino 250 gr crich
 [Crich, Italy][Shufersal]000332 - Salted crackers  250 gr  [Crich, Italy][Shufersal]000333 - Crackers extra virgin olive oil & rosemary 250 gr [Crich, Italy][Shufersal]000334 - Crackers with cereal & sesame 250 gr [Crich, Italy][Shufersal]000335 - Gran petit plain biscuits 250 gr [Crich, Italy][Shufersal]", ⚠️ KOSHER EXPIRED  days ago,,"Graphics: 000142 - Wafers 250g Hazelnut [Crich, Italy][Shufersal]","Mrs. Meirav Markel, Food Technologist,Shufersal",,,STP_CRACKERS G 250_UK.pdf | STP - WAFERS CACAO BAG ICA 250g_UK.pdf | STP - WAFERS NOCCIOLA BAG ICA 250g_UK.pdf | STP_CRACKERS WITH CEREALS AND SESAME 250G K.pdf,,,#151,4/4 approved ✅ ,4,0,"By Udi Stryk on 19 Jan, 2025",0/1 approved ⏳,#151,,,"By Operation Manager on 19 Feb, 2025",,,
", 23 Jan, 2025",0,,Not Started,New,Not Started,,,Approved | Approved,,,"Crich, Italy",Shufersal,"Compliance: 000333 - Crackers extra virgin olive oil & rosemary 250 gr [Crich, Italy][Shufersal], Compliance: 000334 - Crackers with cereal & sesame 250 gr [Crich, Italy][Shufersal]",,,,"Graphics: 000332 - Salted crackers  250 gr  [Crich, Italy][Shufersal]",,,,STP_CRACKERS G 250_UK.pdf | STP_CRACKERS WITH CEREALS AND SESAME 250G K.pdf,K492_Crackers_Salt_8Pac_250g_000000.pdf,,#197,2/2 approved ✅ ,2,1,"By Operation Manager on 23 Jan, 2025",1/1 approved ✅ ,#197,,,"By Operation Manager on 20 Feb, 2025",,,
"CORNFLAKES SHUFERSAL 750 GR., Shufersal- Crispy food, Denmark, 19 Jan, 2025",1,,Not Started,New,Not Started,0.1,,Approved,,"CORNFLAKES SHUFERSAL 750 GR., Shufersal- Crispy food, Denmark","Crispy food, Denmark",Shufersal,"Compliance: 000093 - CORNFLAKES SHUFERSAL 750 GR. [Crispy food, Denmark][Shufersal]","Kosher: 000093 - CORNFLAKES SHUFERSAL 750 GR. [Crispy food, Denmark][Shufersal]", ⚠️ KOSHER EXPIRED  days ago,"CORNFLAKES SHUFERSAL 750 GR., Shufersal","Graphics: 000093 - CORNFLAKES SHUFERSAL 750 GR. [Crispy food, Denmark][Shufersal]","Mrs. Meirav Markel, Food Technologist,Shufersal",,,1102992- 2024.04.05- Yearly monitoring analyse.pdf | CoC rec. 202 - MSDU 793099-2.pdf,,,#168,1/1 approved ✅ ,1,0,"By Udi Stryk on 19 Jan, 2025",0/1 approved ⏳,002198,002198,,"By SmartSuite Automation on 23 Jan, 2025",,,
"Dutch Butter Cookies, Shufersal- Daelmans, Netherlands, 22 Jan, 2025",0,,Not Started,Has Kosher,Not Started,1,,New  | New ,Has Kosher,"Dutch Butter Cookies, Shufersal- Daelmans, Netherlands","Daelmans, Netherlands",Shufersal,"Compliance: 000086 - Dutch Caramel Wafers [Daelmans, Netherlands][Shufersal], Compliance: 000085 - Dutch Butter Cookies [Daelmans, Netherlands][Shufersal]","Kosher: 000085 - Dutch Butter Cookies [Daelmans, Netherlands][Shufersal]000086 - Dutch Caramel Wafers [Daelmans, Netherlands][Shufersal]",166 days remaining,"Dutch Butter Cookies, Shufersal","Graphics: 000086 - Dutch Caramel Wafers [Daelmans, Netherlands][Shufersal], Graphics: 000085 - Dutch Butter Cookies [Daelmans, Netherlands][Shufersal]",,,,,,Daelmans- kosher certificate 01-07-2025.pdf,#195,0/2 approved ⏳,0,0,"By Success Management on 22 Jan, 2025",0/2 approved ⏳,002205,002205,,"By SmartSuite Automation on 23 Jan, 2025",,,
", 19 Jan, 2025",0,,Not Started,New,Not Started,,,Approved | Approved | Approved,Has Kosher,,"EuroSnacks/ FornoDamiani, Italy",,"Compliance: 000088 - SFOGLIETTE ROSEMARY [EuroSnacks/ FornoDamiani, Italy][Shufersal], Compliance: 000078 - sfogliette pizza 180 gr [EuroSnacks/ FornoDamiani, Italy][Shufersal], Compliance: 000079 - sfogliette
  with olives 180 gr [EuroSnacks/ FornoDamiani, Italy][Shufersal]","Kosher: 000079 - sfogliette
  with olives 180 gr [EuroSnacks/ FornoDamiani, Italy][Shufersal]000078 - sfogliette pizza 180 gr [EuroSnacks/ FornoDamiani, Italy][Shufersal]000088 - SFOGLIETTE ROSEMARY [EuroSnacks/ FornoDamiani, Italy][Shufersal]",600 days remaining,,"Graphics: 000078 - sfogliette pizza 180 gr [EuroSnacks/ FornoDamiani, Italy][Shufersal], Graphics: 000088 - SFOGLIETTE ROSEMARY [EuroSnacks/ FornoDamiani, Italy][Shufersal], Graphics: 000079 - sfogliette
  with olives 180 gr [EuroSnacks/ FornoDamiani, Italy][Shufersal]","Mrs. Meirav Markel, Food Technologist,Shufersal",,,Cert. of Analysis SHUFERSAL SFOGLIETTE ROSEMARY 180g.pdf | Cert. of Analysis SHUFERSAL SFOGLIETTE PIZZA 180g.pdf | Cert. of Analysis SHUFERSAL SFOGLIETTE OLIVES 180g.pdf,,KOEUROSNACK-4896034949.pdf,#154,3/3 approved ✅ ,3,0,"By Udi Stryk on 19 Jan, 2025",0/3 approved ⏳,#154,,,"By Operation Manager on 20 Feb, 2025",,,
"Organic frozen vegetables , Harduf - All Organics- GreenYard, Belgium, 19 Jan, 2025",0,,Not Started,New,Not Started,0.1,,Approved | Approved | Approved | Approved,New,"Organic frozen vegetables , Harduf - All Organics- GreenYard, Belgium","GreenYard, Belgium",Harduf - All Organics,"Compliance: 000231 - Organic frozen corn kernels 800 g Harduf [GreenYard, Belgium][Harduf - All Organics], Compliance: 000234 - Organic frozen vegetable mix, Harduf 800 grams [GreenYard, Belgium][Harduf - All Organics], Compliance: 000232 - Organic Frozen Fine Peas Harduf 800 grams [GreenYard, Belgium][Harduf - All Organics], Compliance: 000233 - Organic frozen whole beans, Harduf 800 grams [GreenYard, Belgium][Harduf - All Organics]","Kosher: 000234 - Organic frozen vegetable mix, Harduf 800 grams [GreenYard, Belgium][Harduf - All Organics]000233 - Organic frozen whole beans, Harduf 800 grams [GreenYard, Belgium][Harduf - All Organics]000232 - Organic Frozen Fine Peas Harduf 800 grams [GreenYard, Belgium][Harduf - All Organics]000231 - Organic frozen corn kernels 800 g Harduf [GreenYard, Belgium][Harduf - All Organics]", ⚠️ KOSHER EXPIRED  days ago,"Organic frozen vegetables , Harduf - All Organics","Graphics: 000234 - Organic frozen vegetable mix, Harduf 800 grams [GreenYard, Belgium][Harduf - All Organics], Graphics: 000231 - Organic frozen corn kernels 800 g Harduf [GreenYard, Belgium][Harduf - All Organics], Graphics: 000233 - Organic frozen whole beans, Harduf 800 grams [GreenYard, Belgium][Harduf - All Organics], Graphics: 000232 - Organic Frozen Fine Peas Harduf 800 grams [GreenYard, Belgium][Harduf - All Organics]","Mrs. Meirav Markel, Food Technologist,Shufersal",,,All Organic - 2-24 B - F91521299-6.pdf | All Organic - 2-24 B - F91521299-7.pdf | All Organic - 2-24 B - F91521299-8.pdf | All Organic - 2-24 B - F91521299-9.pdf,,,#149,4/4 approved ✅ ,4,0,"By Udi Stryk on 19 Jan, 2025",0/4 approved ⏳,002258,002258,,"By SmartSuite Automation on 23 Jan, 2025",,,
"No-added sugar Chocolate-covered wafers, Shufersal- Helwa, Netherlands, 19 Jan, 2025",0,,Not Started,New,Not Started,,,Approved | Approved | Approved,,"No-added sugar Chocolate-covered wafers, Shufersal- Helwa, Netherlands","Helwa, Netherlands",Shufersal,"Compliance: 000326 - wafers gluten free 21.5g*3 [Helwa, Netherlands][Shufersal], Compliance: 000104 - wafers no added sugar 21.5g*3 [Helwa, Netherlands][Shufersal], Compliance: 000105 - No added sugar, 150 gr. Chocolate wafer [Helwa, Netherlands][Shufersal]","Kosher: 000104 - wafers no added sugar 21.5g*3 [Helwa, Netherlands][Shufersal]000105 - No added sugar, 150 gr. Chocolate wafer [Helwa, Netherlands][Shufersal]000326 - wafers gluten free 21.5g*3 [Helwa, Netherlands][Shufersal]", ⚠️ KOSHER EXPIRED  days ago,"No-added sugar Chocolate-covered wafers, Shufersal","Graphics: 000326 - wafers gluten free 21.5g*3 [Helwa, Netherlands][Shufersal], Graphics: 000104 - wafers no added sugar 21.5g*3 [Helwa, Netherlands][Shufersal], Graphics: 000105 - No added sugar, 150 gr. Chocolate wafer [Helwa, Netherlands][Shufersal]","Mrs. Meirav Markel, Food Technologist,Shufersal, Mrs. Shirin Elabk, Quality and Regulation Manager,Shufersal",,,Specification Shufersal Enjoy Gluten free - 240222.pdf | IFS certificate valid untill 250114.pdf | Specification Shufersal Enjoy Maltitol Gluten free - 240222.pdf | 533110 Specification Shufersal Chocosticks Maltitol 150g - 230512.pdf | IFS certificate valid untill 250114.pdf,,Koshercertificate 115166.pdf,#138,3/3 approved ✅ ,3,0,"By Udi Stryk on 19 Jan, 2025",0/3 approved ⏳,002189,002189,,"By Udi Stryk on 10 Mar, 2025",,,
"Chocolate Tablets, 100Gr. Sugar-Free, Shufersal- Icam, Italy, 19 Jan, 2025",0,,Not Started,New,Not Started,0.1,,Approved | Approved | Approved,,"Chocolate Tablets, 100Gr. Sugar-Free, Shufersal- Icam, Italy","Icam, Italy",Shufersal,"Compliance: 000089 - Dark Chocolate 72% Sugar-Free [Icam, Italy][Shufersal], Compliance: 000091 - Milk Chocolate 32% Sugar-Free [Icam, Italy][Shufersal], Compliance: 000090 - Milk Chocolate 32% Sugar-Free with Hazelnuts [Icam, Italy][Shufersal]",Kosher:, ⚠️ KOSHER EXPIRED  days ago,"Chocolate Tablets, 100Gr. Sugar-Free, Shufersal","Graphics: 000089 - Dark Chocolate 72% Sugar-Free [Icam, Italy][Shufersal], Graphics: 000091 - Milk Chocolate 32% Sugar-Free [Icam, Italy][Shufersal], Graphics: 000090 - Milk Chocolate 32% Sugar-Free with Hazelnuts [Icam, Italy][Shufersal]","Mrs. Meirav Markel, Food Technologist,Shufersal",,,Cod. 3968 Lotto 3142.pdf | Cod. 3969 Lotto 3142.pdf | Cod. 3970 Lotto 3143.pdf,K202c_SF_DarkChocolate_100gr_295662.pdf | K202b_SF_MilkChocolate_100gr_295655.pdf | K202a_SF_MilkChocolate+Nuts_100gr_295679.pdf,,#156,3/3 approved ✅ ,3,3,"By Udi Stryk on 19 Jan, 2025",3/3 approved ✅ ,002202,002202,,"By SmartSuite Automation on 23 Jan, 2025",,,
", 19 Jan, 2025",0,,Not Started,New,Not Started,,,New ,,,"Kadoogu Yag san ve Tic As, Turkey",Shufersal,"Compliance: 000275 - 5L Sunflower oil [Kadoogu Yag san ve Tic As, Turkey][Shufersal]","Kosher: 000275 - 5L Sunflower oil [Kadoogu Yag san ve Tic As, Turkey][Shufersal]",326 days remaining,,"Graphics: 000275 - 5L Sunflower oil [Kadoogu Yag san ve Tic As, Turkey][Shufersal]","Mrs. Meirav Markel, Food Technologist,Shufersal",,,,,OU KOSHER.pdf,#150,0/1 approved ⏳,0,0,"By Udi Stryk on 19 Jan, 2025",0/1 approved ⏳,#150,,,"By Operation Manager on 20 Feb, 2025",,,
"Legumes in Conerves, Shufersal- La Doria, Italy, 19 Jan, 2025",0,Complete,Approved,Has Kosher,Approval,,,New  | New  | New  | New ,,"Legumes in Conerves, Shufersal- La Doria, Italy","La Doria, Italy",Shufersal,"Compliance: 000340 - blake beans in brine 380 gr [La Doria, Italy][Shufersal], Compliance: 000307 - Cannellini beans,No Uniqe nutritional attributes,380 [La Doria, Italy][Shufersal], Compliance: 000310 - Red kidney beans ,No Uniqe nutritional attributes,380 [La Doria, Italy][Shufersal], Compliance: 000297 - chickpeas ,No Uniqe nutritional attributes,380 [La Doria, Italy][Shufersal]","Kosher: 000340 - blake beans in brine 380 gr [La Doria, Italy][Shufersal]000310 - Red kidney beans ,No Uniqe nutritional attributes,380 [La Doria, Italy][Shufersal]000307 - Cannellini beans,No Uniqe nutritional attributes,380 [La Doria, Italy][Shufersal]000297 - chickpeas ,No Uniqe nutritional attributes,380 [La Doria, Italy][Shufersal], Kosher: 000307 - Cannellini beans,No Uniqe nutritional attributes,380 [La Doria, Italy][Shufersal]000310 - Red kidney beans ,No Uniqe nutritional attributes,380 [La Doria, Italy][Shufersal]000340 - blake beans in brine 380 gr [La Doria, Italy][Shufersal]", ⚠️ KOSHER EXPIRED 50 days ago |  ⚠️ KOSHER EXPIRED  days ago,"Legumes in Conerves, Shufersal","Graphics: 000307 - Cannellini beans,No Uniqe nutritional attributes,380 [La Doria, Italy][Shufersal], Graphics: 000310 - Red kidney beans ,No Uniqe nutritional attributes,380 [La Doria, Italy][Shufersal], Graphics: 000340 - blake beans in brine 380 gr [La Doria, Italy][Shufersal], Graphics: 000297 - chickpeas ,No Uniqe nutritional attributes,380 [La Doria, Italy][Shufersal]","Mrs. Meirav Markel, Food Technologist,Shufersal",,,,K417a_Puleses_CannelliniBeans_380ml_497219.pdf | 1_APP.pdf | K417d_Puleses_RedKidneyBeans_380ml_497196.pdf | 4_APP.pdf | K417c_Puleses_BlackBeans_380ml_497226.pdf | 3_APP.pdf | K417b_Puleses_Chickpeas_380ml_497189.pdf | 5_APP.pdf,טופס שאלון דוח ייצור La Doria Fisciano 06-08.11.2023 (1).pdf | 755169463 batch.pdf | 846422012 batch.pdf | טופס שאלון דוח ייצור La Doria Sarno 23-24.10.2023 (1).pdf | טופס שאלון דוח ייצור La Doria Fisciano 06-08.11.2023 (1).pdf | טופס שאלון דוח ייצור La Doria Sarno 23-24.10.2023 (1).pdf | 904861792 batch certificate (1).pdf | 484402286 batch (1).pdf,#137,0/4 approved ⏳,0,4,"By Udi Stryk on 19 Jan, 2025",4/4 approved ✅ ,002262,002262,,"By Operation Manager on 6 Apr, 2025","Kosher certificate for Tetra Pak for Shufersal, Gilad wanted to change the sodium to 300 instead of 320 in the chickpeas — I sent him an email and am waiting for a response.",,
"Finely Chopped Tomatoes 3x400, Shufersal- La Doria, Italy, 19 Jan, 2025",0,,Not Started,New,Not Started,,,Approved,Has Kosher,"Finely Chopped Tomatoes 3x400, Shufersal- La Doria, Italy","La Doria, Italy",Shufersal,"Compliance: 000042 - Finely Chopped Tomatoes 3x400 [La Doria, Italy][Shufersal]","Kosher: 000340 - blake beans in brine 380 gr [La Doria, Italy][Shufersal]000310 - Red kidney beans ,No Uniqe nutritional attributes,380 [La Doria, Italy][Shufersal]000307 - Cannellini beans,No Uniqe nutritional attributes,380 [La Doria, Italy][Shufersal]000297 - chickpeas ,No Uniqe nutritional attributes,380 [La Doria, Italy][Shufersal]", ⚠️ KOSHER EXPIRED 41 days ago,"Finely Chopped Tomatoes 3x400, Shufersal","Graphics: 000042 - Finely Chopped Tomatoes 3x400 [La Doria, Italy][Shufersal]","Mrs. Meirav Markel, Food Technologist,Shufersal",,,SFC144.70. Finely Chopped tomatoes in tomato juice - can 425 ml.pdf,Shufersal Polpa Fine 3x400g cluster in cartoncino - Tonygraf _48C10824AU5__1.pdf,909890685 renewal Eugea TOMATO.pdf,#144,1/1 approved ✅ ,1,1,"By Udi Stryk on 19 Jan, 2025",1/1 approved ✅ ,002219,002219,,"By Operation Manager on 23 Jan, 2025",,,
"Tomato based Paste sauces, 350 gr, Shufersal- La Doria, Italy, 20 Jan, 2025",0,,Not Started,New,Not Started,1,,New  | New  | New  | New ,,"Tomato based Paste sauces, 350 gr, Shufersal- La Doria, Italy","La Doria, Italy",Shufersal,"Compliance: 000097 - TOMATO PASTA SAUCE BASE FOR BOLOGNSE [La Doria, Italy][Shufersal], Compliance: 000107 - TOMATO PASTA SAUCE GARLIC 350 GR. [La Doria, Italy][Shufersal], Compliance: 000098 - Neapolitan sauce 350 gr [La Doria, Italy][Shufersal], Compliance: 000106 - TOMATO PASTA SAUCE WITH BASILICO 350 G [La Doria, Italy][Shufersal]","Kosher: 000107 - TOMATO PASTA SAUCE GARLIC 350 GR. [La Doria, Italy][Shufersal]000097 - TOMATO PASTA SAUCE BASE FOR BOLOGNSE [La Doria, Italy][Shufersal]000106 - TOMATO PASTA SAUCE WITH BASILICO 350 G [La Doria, Italy][Shufersal]000098 - Neapolitan sauce 350 gr [La Doria, Italy][Shufersal]", ⚠️ KOSHER EXPIRED  days ago,"Tomato based Paste sauces, 350 gr, Shufersal","Graphics: 000106 - TOMATO PASTA SAUCE WITH BASILICO 350 G [La Doria, Italy][Shufersal], Graphics: 000107 - TOMATO PASTA SAUCE GARLIC 350 GR. [La Doria, Italy][Shufersal], Graphics: 000098 - Neapolitan sauce 350 gr [La Doria, Italy][Shufersal]","Mrs. Meirav Markel, Food Technologist,Shufersal",,,,Supersol Green (K) Sugo Bio Basilico 350g etichetta v6 - GAM (49B1F100AY9V00).pdf | Supersol Green (K) Sugo Bio Origano 350g etichetta v6 - GAM (49NAF100AY9V00).pdf,doch La Doria 24-10-23.pdf,#192,0/4 approved ⏳,0,2,"By Udi Stryk on 20 Jan, 2025",2/3 approved ⏳,002194,002194,,"By Operation Manager on 19 Feb, 2025",,,
"Pita Chips & Grissini, Shufersal- La Mole, Italy, 19 Jan, 2025",0,,Approved,New,Not Started,0.1,,Approved | New ,,"Pita Chips & Grissini, Shufersal- La Mole, Italy","La Mole, Italy",Shufersal,"Compliance: 000227 - Sfornatini 140g [La Mole, Italy][Shufersal], Compliance: 000228 - Pita Chips (Natural, Pizza, Paprika, Garlic, Herbs) [La Mole, Italy][Shufersal]",Kosher:, ⚠️ KOSHER EXPIRED  days ago,"Pita Chips & Grissini, Shufersal","Graphics: 000227 - Sfornatini 140g [La Mole, Italy][Shufersal], Graphics: 000228 - Pita Chips (Natural, Pizza, Paprika, Garlic, Herbs) [La Mole, Italy][Shufersal]","Mrs. Meirav Markel, Food Technologist,Shufersal",,,2023 SFORNATINI OlioOliva MLBOXOLIO REV 10_ITA_ENG-5.pdf | SFORNATINI Sesamo MLBOXSES REV 10_ITA_ENGolio di girasole (1).pdf | SFORNATINI Sesamo MLBOXSES REV 10_ITA_ENGolio di girasole.pdf,tracciato box Sfornatini (1).pdf,,#186,1/2 approved ⏳,1,0,"By Udi Stryk on 19 Jan, 2025",0/2 approved ⏳,002240,002240,,"By SmartSuite Automation on 23 Jan, 2025",,,
"organic chestnuts, Shufersal- Maas Intersales, Netherlands, 19 Jan, 2025",0,,Not Started,New,Not Started,1,,New ,,"organic chestnuts, Shufersal- Maas Intersales, Netherlands","Maas Intersales, Netherlands",,"Compliance: 000060 - organic chestnuts [Maas Intersales, Netherlands][Shufersal]","Kosher: 000060 - organic chestnuts [Maas Intersales, Netherlands][Shufersal]",83 days remaining,"organic chestnuts, Shufersal","Graphics: 000060 - organic chestnuts [Maas Intersales, Netherlands][Shufersal]","Mrs. Meirav Markel, Food Technologist,Shufersal",,,,new design2023_APP.pdf,"Tangshan City Meikeduo Food Co., Ltd._Star-K_03_13_2024 3132024  100055 A (2).pdf",#161,0/1 approved ⏳,0,1,"By Udi Stryk on 19 Jan, 2025",1/1 approved ✅ ,002215,002215,,"By SmartSuite Automation on 23 Jan, 2025",,,
", 19 Jan, 2025",0,,Not Started,New,Not Started,1,,Approved | New ,,,"Maas Intersales, Netherlands",Leiman Schlussel Ltd,"Compliance: 000075 - MUNCHIES SPICY RICE AND PEANUTS 200GR [Maas Intersales, Netherlands][Shufersal], Compliance: 000229 - Flavored coated peanuts [Maas Intersales, Netherlands][Leiman Schlussel Ltd]","Kosher: 000074 - MUNCHIES SPICY RICE AND PEANUTS 400GR [Maas Intersales, Netherlands][Shufersal]000075 - MUNCHIES SPICY RICE AND PEANUTS 200GR [Maas Intersales, Netherlands][Shufersal]000229 - Flavored coated peanuts [Maas Intersales, Netherlands][Leiman Schlussel Ltd]",570 days remaining,,"Graphics: 000074 - MUNCHIES SPICY RICE AND PEANUTS 400GR [Maas Intersales, Netherlands][Shufersal], Graphics: 000075 - MUNCHIES SPICY RICE AND PEANUTS 200GR [Maas Intersales, Netherlands][Shufersal]","Mrs. Meirav Markel, Food Technologist,Shufersal",,,2025-01-07 MI_Product description Rice Cracker Nut_H17960900 .pdf,,Shufersal LTD. dba Supersol LTD..pdf,#187,1/2 approved ⏳,1,0,"By Udi Stryk on 19 Jan, 2025",0/2 approved ⏳,#187,,,"By Udi Stryk on 22 Apr, 2025",,,
", 19 Jan, 2025",0,,Not Started,New,Not Started,,,Approved,,,"Mueloliva , Spain",Shufersal,"Compliance: 000081 - 750ML EXTRA VIRGIN OLIVE OIL [Mueloliva , Spain][Marav Mazonkol (Osher Ad)]","Kosher: 000081 - 750ML EXTRA VIRGIN OLIVE OIL [Mueloliva , Spain][Marav Mazonkol (Osher Ad)]000360 - Extra virgin olive oil 750 ml- Meuloliva [Mueloliva , Spain][Dor Alon]", ⚠️ KOSHER EXPIRED 161 days ago,,"Graphics: 000081 - 750ML EXTRA VIRGIN OLIVE OIL [Mueloliva , Spain][Marav Mazonkol (Osher Ad)]","Mrs. Meirav Markel, Food Technologist,Shufersal",,,Meuloliva olive oil technical data 2025_1.pdf,K459_OliveOil_750ml_MuelOliva_659891.pdf | 750 back.pdf | 750 front.pdf,CERTIFICADO KOSHER-MARCAS PROPIAS (Hasta 30112025) (3).pdf,#140,1/1 approved ✅ ,1,1,"By Udi Stryk on 19 Jan, 2025",1/1 approved ✅ ,#140,,,"By Operation Manager on 20 Feb, 2025",,,
"Sultanas Organic 250 and 500  gr., Shufersal- Ozgur, Turkey, 19 Jan, 2025",0,,Not Started,New,Not Started,0.1,,Approved | Approved,,"Sultanas Organic 250 and 500  gr., Shufersal- Ozgur, Turkey","Ozgur, Turkey",Shufersal,"Compliance: 000031 - Sultana raisins, Organic 250 gr, Shufersal [Ozgur, Turkey][Shufersal], Compliance: 000266 - Sultana raisins, Organic 500 gr. Shufersal [Ozgur, Turkey][Shufersal]","Kosher: 000031 - Sultana raisins, Organic 250 gr, Shufersal [Ozgur, Turkey][Shufersal]000266 - Sultana raisins, Organic 500 gr. Shufersal [Ozgur, Turkey][Shufersal]", ⚠️ KOSHER EXPIRED  days ago,"Sultanas Organic 250 and 500  gr., Shufersal","Graphics: 000031 - Sultana raisins, Organic 250 gr, Shufersal [Ozgur, Turkey][Shufersal], Graphics: 000266 - Sultana raisins, Organic 500 gr. Shufersal [Ozgur, Turkey][Shufersal]","Mrs. Meirav Markel, Food Technologist,Shufersal",,,FN-01 Özgür Final Product Specification.pdf | FN-01 Özgür Final Product Specification.pdf,,,#157,2/2 approved ✅ ,2,0,"By Udi Stryk on 19 Jan, 2025",0/2 approved ⏳,002225,002225,,"By SmartSuite Automation on 23 Jan, 2025",,,
"Pasta, Shufersal- Pasta Di- Martino, Italy, 19 Jan, 2025",0,,Not Started,New,Not Started,,,,,"Pasta, Shufersal- Pasta Di- Martino, Italy","Pasta Di- Martino, Italy",Shufersal,,,,"Pasta, Shufersal",,"Mrs. Meirav Markel, Food Technologist,Shufersal",,,,,,#143,0/0 approved ⏳,0,0,"By Udi Stryk on 19 Jan, 2025",0/0 approved ⏳,002252,002252,,"By Udi Stryk on 21 Jan, 2025",,,
", 19 Jan, 2025",0,,Not Started,New,Not Started,,,Approved | Approved | Approved,,,"Pastificio Mennucci S.P.A, Italy",Shufersal,"Compliance: 000028 - Gluten free fusilli [Pastificio Mennucci S.P.A, Italy][], Compliance: 000027 - Gluten free spaghetti [Pastificio Mennucci S.P.A, Italy][], Compliance: 000026 - penne gluten free 400 gr [Pastificio Mennucci S.P.A, Italy][Shufersal]","Kosher: 000028 - Gluten free fusilli [Pastificio Mennucci S.P.A, Italy][]000027 - Gluten free spaghetti [Pastificio Mennucci S.P.A, Italy][]000026 - penne gluten free 400 gr [Pastificio Mennucci S.P.A, Italy][Shufersal]",234 days remaining,,"Graphics: 000026 - penne gluten free 400 gr [Pastificio Mennucci S.P.A, Italy][Shufersal], Graphics: 000027 - Gluten free spaghetti [Pastificio Mennucci S.P.A, Italy][], Graphics: 000028 - Gluten free fusilli [Pastificio Mennucci S.P.A, Italy][]","Mrs. Meirav Markel, Food Technologist,Shufersal",,,CoA PO114911 INV.12063-4.pdf | CoA PO114911 INV.12063-2.pdf | CoA PO114911 INV.12063-3.pdf | CoA PO114911 INV.12063-5.pdf | CoA PO114911 INV.12063-6.pdf | CoA PO114911 INV.12063-7.pdf | CoA PO114911 INV.12063-8.pdf | CoA PO114911 INV.12063-10.pdf | CoA PO114911 INV.12063-9.pdf,Penne-VARIATION LOT-01.pdf | Fusilli-VARIATION LOT.pdf,kosher 31-10-2024.pdf | כשר פרווה בלינוב- חדד.docx | 2023 KCB Cellino (1).pdf | Kosher Pastificio Di Martino Gaetano and F.lli spa.pdf,#185,3/3 approved ✅ ,3,0,"By Udi Stryk on 19 Jan, 2025",0/3 approved ⏳,#185,,,"By Operation Manager on 19 Feb, 2025",,,
", 19 Jan, 2025",0,,Not Started,New,Not Started,,,Approved,,,"Pata S.P.A, Italy",Schestowitz,"Compliance: 000342 - PATA NACHOS TORTILLA WHITE CORN [Pata S.P.A, Italy][Schestowitz]","Kosher: 000136 - TORTILLA
  CHIPS ""PAQUITA"" 50 gr [Pata S.P.A, Italy][Schestowitz]000342 - PATA NACHOS TORTILLA WHITE CORN [Pata S.P.A, Italy][Schestowitz]000341 - PATA NACHOS TORTILLA 200G KFP [Pata S.P.A, Italy][Schestowitz]000137 - CORN CHIPS
  ""PAQUITA"" 50 gr [Pata S.P.A, Italy][Schestowitz]000138 - RIPPLED
  CHIPS (GRIGLIATA) 50 gr [Pata S.P.A, Italy][Schestowitz]000139 - Law Fat and Clories chips [Pata S.P.A, Italy][Schestowitz]000140 - CORN CHIPS ""PAQUITA"" 200 gr., White corn flour [Pata S.P.A, Italy][Schestowitz]000230 - CHIPS
  SALTED 50 gr [Pata S.P.A, Italy][Schestowitz]",535 days remaining,,"Graphics: 000136 - TORTILLA
  CHIPS ""PAQUITA"" 50 gr [Pata S.P.A, Italy][Schestowitz], Graphics: 000137 - CORN CHIPS
  ""PAQUITA"" 50 gr [Pata S.P.A, Italy][Schestowitz], Graphics: 000138 - RIPPLED
  CHIPS (GRIGLIATA) 50 gr [Pata S.P.A, Italy][Schestowitz], Graphics: 000139 - Law Fat and Clories chips [Pata S.P.A, Italy][Schestowitz], Graphics: 000140 - CORN CHIPS ""PAQUITA"" 200 gr., White corn flour [Pata S.P.A, Italy][Schestowitz], Graphics: 000230 - CHIPS
  SALTED 50 gr [Pata S.P.A, Italy][Schestowitz], Graphics: 000342 - PATA NACHOS TORTILLA WHITE CORN [Pata S.P.A, Italy][Schestowitz]","Mrs. Meirav Markel, Food Technologist,Shufersal",,,analysis 181223.pdf | gluten free certification 181223.pdf,,Certificato Kosher 2023_2024.pdf,#146,1/1 approved ✅ ,1,0,"By Udi Stryk on 19 Jan, 2025",0/7 approved ⏳,#146,,,"By Operation Manager on 19 Feb, 2025",,,
"Lemon Juice for salads, Shufersal- Polenghi, Italy, Lemon Juice for salads, Ta'aman- Polenghi, Italy, 19 Jan, 2025",0,Complete,Approved,Has Kosher,Approval,,,Approved | Approved | Approved | Approved,Has Kosher,"Lemon Juice for salads, Shufersal- Polenghi, Italy, Lemon Juice for salads, Ta'aman- Polenghi, Italy","Polenghi, Italy",Shufersal,"Compliance: 000023 - PRESERVED LEMON JUICE 500 ML. [Polenghi, Italy][Ta'aman], Compliance: 000024 - Natural Lemon Juice 250ml. [Polenghi, Italy][Ta'aman], Compliance: 000025 - PRESERVED LEMON JUICE 200 ML [Polenghi, Italy][Ta'aman], Compliance: 000323 - LEMON JUICE 1L. TAAMAN [Polenghi, Italy][Ta'aman]","Kosher: 000025 - PRESERVED LEMON JUICE 200 ML [Polenghi, Italy][Ta'aman]000023 - PRESERVED LEMON JUICE 500 ML. [Polenghi, Italy][Ta'aman]000024 - Natural Lemon Juice 250ml. [Polenghi, Italy][Ta'aman], Kosher: 000399 - Preserved Lemon Juice 200ml [Polenghi, Italy][Shufersal]000400 - Preserved Lemon Juice 500ml [Polenghi, Italy][Shufersal]000401 - Natural Lemon Juice 250ml - Preservative Free [Polenghi, Italy][Shufersal]", ⚠️ KOSHER EXPIRED 161 days ago |  ⚠️ KOSHER EXPIRED 161 days ago,"Lemon Juice for salads, Shufersal | Lemon Juice for salads, Ta'aman","Graphics: 000024 - Natural Lemon Juice 250ml. [Polenghi, Italy][Ta'aman], Graphics: 000323 - LEMON JUICE 1L. TAAMAN [Polenghi, Italy][Ta'aman], Graphics: 000023 - PRESERVED LEMON JUICE 500 ML. [Polenghi, Italy][Ta'aman]","Mrs. Meirav Markel, Food Technologist,Shufersal",,,COC 500 ml  24.06.03 SU0319 L4026 (1).pdf | COC 200 ml  24.03.06 SU1074 L4037.pdf | ST040_000005_L02_REV0_12_SUPERSOL.pdf | COC 200 ml  24.03.06 SU1074 L4037.pdf | ST019_000112_L45_REV1_12 (1).pdf,K306_lemon_juice_250ml_LABEL_404903.pdf | Etichetta  90 X 135.pdf | FUSTELLA 160x67 - 500ML.pdf | Etichetta  90 X 135 (1).pdf | FUSTELLA 160x67 - 500ML (1).pdf | Etichetta  90 X 135.pdf | FUSTELLA 160x67 - 500ML.pdf,כשרות לפסח ספק איטלקי.pdf | Kosher 2025 (1).pdf | Shufersal KC (1).pdf,#177,4/4 approved ✅ ,4,0,"By Udi Stryk on 19 Jan, 2025",0/3 approved ⏳,002285002231,002285 | 002231,,"By Operation Manager on 6 Apr, 2025","Kosher certificate for lemon juice for Shufersal, kosher certification Pelonghi",,
"Lemon Juice for salads, Ta'aman- Polenghi, Italy, 30 Mar, 2025",0,New,Not Started,New,Not Started,,New,,,"Lemon Juice for salads, Ta'aman- Polenghi, Italy","Polenghi, Italy",Ta'aman,,,,"Lemon Juice for salads, Ta'aman","Graphics: 000023 - PRESERVED LEMON JUICE 500 ML. [Polenghi, Italy][Ta'aman], Graphics: 000323 - LEMON JUICE 1L. TAAMAN [Polenghi, Italy][Ta'aman]","Tali   Niakan, ,Ta'aman",,,,doc01586320250330094520.pdf | doc01560520250320124648.pdf,,#236,0/0 approved ⏳,0,2,"By Operation Manager on 30 Mar, 2025",2/2 approved ✅ ,002231,002231,,"By Operation Manager on 30 Mar, 2025",,"Lemon Juice for salads, Ta'aman",1
"750 ml. Olive oil to H. Cohen (Yesh P.L), H. Cohen Import Marketing & Logistics Ltd- Poyraz, Turkey, 22 Jan, 2025",0,,Not Started,New,Not Started,,,Approved,,"750 ml. Olive oil to H. Cohen (Yesh P.L), H. Cohen Import Marketing & Logistics Ltd- Poyraz, Turkey","Poyraz, Turkey",H. Cohen Import Marketing & Logistics Ltd,"Compliance: 000325 - Poyraz, 750 ml. Extra Virgin Olive Oil, H. cohen (Yesh Private label) [Poyraz, Turkey][Shufersal]","Kosher: 000325 - Poyraz, 750 ml. Extra Virgin Olive Oil, H. cohen (Yesh Private label) [Poyraz, Turkey][Shufersal]",326 days remaining,"750 ml. Olive oil to H. Cohen (Yesh P.L), H. Cohen Import Marketing & Logistics Ltd","Graphics: 000325 - Poyraz, 750 ml. Extra Virgin Olive Oil, H. cohen (Yesh Private label) [Poyraz, Turkey][Shufersal]","Mrs. Meirav Markel, Food Technologist,Shufersal",,,Lot 1144 Analysis Certificate.pdf | Specification.pdf,image (2).png,Poyraz Zeytinyagi LOC 2023(1).pdf,#193,1/1 approved ✅ ,1,1,"By Operation Manager on 22 Jan, 2025",1/1 approved ✅ ,002269,002269,,"By Operation Manager on 22 Jan, 2025",,,
"750ML EXTRA VIRGIN OLIVE OIL, Marav Mazonkol (Osher Ad)- Poyraz, Turkey, 22 Jan, 2025",0,,Not Started,New,Not Started,,,Approved,,"750ML EXTRA VIRGIN OLIVE OIL, Marav Mazonkol (Osher Ad)- Poyraz, Turkey","Poyraz, Turkey",Marav Mazonkol (Osher Ad),"Compliance: 000259 - Poyraz Extra Virgin Olive Oil, Ohser- Ad [Poyraz, Turkey][Shufersal]","Kosher: 000259 - Poyraz Extra Virgin Olive Oil, Ohser- Ad [Poyraz, Turkey][Shufersal]",326 days remaining,"750ML EXTRA VIRGIN OLIVE OIL, Marav Mazonkol (Osher Ad)","Graphics: 000259 - Poyraz Extra Virgin Olive Oil, Ohser- Ad [Poyraz, Turkey][Shufersal]","Mrs. Meirav Markel, Food Technologist,Shufersal",,,SU.SP.01 Extra Virgin Olive Oil Specification Rev.01.pdf,,Poyraz Zeytinyagi LOC 2023(1).pdf,#194,1/1 approved ✅ ,1,0,"By Operation Manager on 22 Jan, 2025",0/1 approved ⏳,002206,002206,,"By Operation Manager on 23 Jan, 2025",,,
"EXTRA VIRGIN OLIVE OIL 750 & 500 ML, Shufersal- Poyraz, Turkey, 19 Jan, 2025",0,,Not Started,New,Not Started,,,Approved,,"EXTRA VIRGIN OLIVE OIL 750 & 500 ML, Shufersal- Poyraz, Turkey","Poyraz, Turkey",Shufersal,"Compliance: 000288 - Poyraz Extra Virgin Olive Oil, Shufersal [Poyraz, Turkey][Shufersal]","Kosher: 000288 - Poyraz Extra Virgin Olive Oil, Shufersal [Poyraz, Turkey][Shufersal]",326 days remaining,"EXTRA VIRGIN OLIVE OIL 750 & 500 ML, Shufersal","Graphics: 000288 - Poyraz Extra Virgin Olive Oil, Shufersal [Poyraz, Turkey][Shufersal]","Mrs. Meirav Markel, Food Technologist,Shufersal",,,Lot 1144 Analysis Certificate.pdf | Specification 1144.pdf,,Poyraz Zeytinyagi LOC 2023(1).pdf,#145,1/1 approved ✅ ,1,1,"By Udi Stryk on 19 Jan, 2025",1/1 approved ✅ ,002259,002259,,"By Operation Manager on 22 Jan, 2025",,,
"Finely chopped tomatoes crop 2022, ProPlus- Solana, Italy, 19 Jan, 2025",0,,Not Started,New,Not Started,1,,Approved,,"Finely chopped tomatoes crop 2022, ProPlus- Solana, Italy","Solana, Italy",ProPlus,"Compliance: 000277 - Finely chopped tomatoes crop 2022 [Solana, Italy][ProPlus]","Kosher: 000277 - Finely chopped tomatoes crop 2022 [Solana, Italy][ProPlus]",326 days remaining,"Finely chopped tomatoes crop 2022, ProPlus","Graphics: 000277 - Finely chopped tomatoes crop 2022 [Solana, Italy][ProPlus]","Mrs. Meirav Markel, Food Technologist,Shufersal",,,SAC PROPLUS - Polpa Estrusa 4.1Kg_F229_F230_anl2022.pdf,Etichetta - solona crushed tomatoes - proplus4.4.22.pdf,KOSHER Gariga exp31 07 2024.pdf,#136,1/1 approved ✅ ,1,1,"By Udi Stryk on 19 Jan, 2025",1/1 approved ✅ ,002250,002250,,"By SmartSuite Automation on 23 Jan, 2025",,,
"Cookies from Vicenzi, Shufersal- Vicenzi, Italy, 19 Jan, 2025",0,Complete,Approved,Has Kosher,Approval,1,,New  | Approved | Approved | Approved,,"Cookies from Vicenzi, Shufersal- Vicenzi, Italy","Vicenzi, Italy",Shufersal,"Compliance: 000276 - vanila filled cookies 150 gr [Vicenzi, Italy][Shufersal], Compliance: 000018 - CHOCOLATE CREAM FILLED COOKIES 150 GR
 [Vicenzi, Italy][Shufersal], Compliance: 000019 - HAZELNUT CREAM FILLED COOKIES 150 GR [Vicenzi, Italy][Shufersal], Compliance: 000092 - Ladyfingers ""Shufersal"" 200g [Vicenzi, Italy][Shufersal]","Kosher: 000018 - CHOCOLATE CREAM FILLED COOKIES 150 GR
 [Vicenzi, Italy][Shufersal]000019 - HAZELNUT CREAM FILLED COOKIES 150 GR [Vicenzi, Italy][Shufersal]000020 - Gluten free cookies chocolate filled [Vicenzi, Italy][Shufersal]000021 - Gluten free cookies lemon filled [Vicenzi, Italy][Shufersal]000022 - Gluten Free BISCUITS 125 G [Vicenzi, Italy][Shufersal]000276 - vanila filled cookies 150 gr [Vicenzi, Italy][Shufersal], Kosher: 000092 - Ladyfingers ""Shufersal"" 200g [Vicenzi, Italy][Shufersal]",83 days remaining | 117 days remaining,"Cookies from Vicenzi, Shufersal","Graphics: 000018 - CHOCOLATE CREAM FILLED COOKIES 150 GR
 [Vicenzi, Italy][Shufersal], Graphics: 000092 - Ladyfingers ""Shufersal"" 200g [Vicenzi, Italy][Shufersal], Graphics: 000019 - HAZELNUT CREAM FILLED COOKIES 150 GR [Vicenzi, Italy][Shufersal], Graphics: 000276 - vanila filled cookies 150 gr [Vicenzi, Italy][Shufersal], Graphics: 000092 - Ladyfingers ""Shufersal"" 200g [Vicenzi, Italy][Shufersal], Graphics: 000018 - CHOCOLATE CREAM FILLED COOKIES 150 GR
 [Vicenzi, Italy][Shufersal], Graphics: 000019 - HAZELNUT CREAM FILLED COOKIES 150 GR [Vicenzi, Italy][Shufersal]","Mrs. Meirav Markel, Food Technologist,Shufersal",,,2102_Shufersal_ Chocolate 150g_2024 Vicenzi Technical sheet.pdf | 2103_Shufersal_ Hazelnut 150g_2024 Vicenzi Technical sheet.pdf | 5212 Ladyfingers 200g Vicenzi Technical sheet.pdf,S010_FilledCookies_150g_161981_2.pdf | S023_Biscotti_200g_218807.pdf | S010_FilledCookies_Hazelnut_150g_162001_1.pdf | S010_FilledCookies_Vanilla_150g_526407.pdf | S023_Biscotti_200g_218807 (2).pdf | S010_FilledCookies_150g_161981 (2).pdf | S010_FilledCookies_Hazelnut_150g_162001 (2).pdf,kosher certificate vicenzi shufersal 3454 GF.pdf | Vicenzi Report Dec. 2024.pdf | Vicenzi report gluten free 10-12-24.pdf | LOC.pdf | Vicenzi report shufersal 0565.pdf,#135,3/4 approved ⏳,3,7,"By Udi Stryk on 19 Jan, 2025",7/7 approved ✅ ,002199,002199,,"By Operation Manager on 6 Apr, 2025","Update lable, Shufersal update the logo for vicenzi cookies, Kosher certification for vicenzi, Update on the gluten-free cream-filled cookies –Vicenzi","Cookies from Vicenzi, Shufersal",1
"Vegetable chips 85gr, Shufersal- Viube/Grupo Apex/ Mikso, Spain, 19 Jan, 2025",0,,Not Started,Has Kosher,Not Started,,,Approved | Approved | Approved,,"Vegetable chips 85gr, Shufersal- Viube/Grupo Apex/ Mikso, Spain","Viube/Grupo Apex/ Mikso, Spain",Shufersal,"Compliance: 000094 - striped beetroot&white potato chips 85gr(KOSHER FOR PASSOVER) [Viube/Grupo Apex/ Mikso, Spain][Shufersal], Compliance: 000095 - orange sweet potato&purple sweet chips85(KOSHER FOR PASSOVER) [Viube/Grupo Apex/ Mikso, Spain][Shufersal], Compliance: 000102 - Parsnip sweet potato&beetroot chips 85gr(KOSHER FOR PASSOVER) [Viube/Grupo Apex/ Mikso, Spain][Shufersal]","Kosher: 000348 - Parsnip sweet potato&beetroot chips 85gr [Viube/Grupo Apex/ Mikso, Spain][Shufersal]000350 - orange sweet potato&purple sweet chips85 [Viube/Grupo Apex/ Mikso, Spain][Shufersal]000351 - striped beetroot&white potato chips 85gr [Viube/Grupo Apex/ Mikso, Spain][Shufersal]",265 days remaining,"Vegetable chips 85gr, Shufersal","Graphics: 000348 - Parsnip sweet potato&beetroot chips 85gr [Viube/Grupo Apex/ Mikso, Spain][Shufersal], Graphics: 000350 - orange sweet potato&purple sweet chips85 [Viube/Grupo Apex/ Mikso, Spain][Shufersal], Graphics: 000351 - striped beetroot&white potato chips 85gr [Viube/Grupo Apex/ Mikso, Spain][Shufersal]","Mrs. Meirav Markel, Food Technologist,Shufersal",,,"114392 Certificate of analysis and statement check list - Parsnip, sweet potato, beetroot with a pinch of black pepper 85g.docx | 114392 Certificate of analysis and statement check list - Purple and orange sweet potato chips, 85g.docx | 114392 Certificate of analysis and statement check list -White sweet potato and striped beetroot chips 85g.docx",,KOVIUBE-5176103814 (1).pdf,#173,3/3 approved ✅ ,3,0,"By Udi Stryk on 19 Jan, 2025",0/3 approved ⏳,002190,002190,,"By Operation Manager on 23 Jan, 2025",,,
