KosherProcessID,Open Comments,Buyer,Supplier,Product,Link to Proposals,Country,Kosher Documentation,Kosher Contractors,Kosher logo,Kosher Symbol Usage Approved,Certification Issue Date,Certification Experation date,Kosher writings - Heb.,Kosher Category,Kosher sub Category,Kosher for Passover?,Kosher Certification Type Required?,Chief Rabbinate Application Status?,First Created,Last Updated,Certificate Number,Days till Kosher Expiry,Kosher Expiry Message,Status,Single Select,Kosher Progress,Adaptation Process,Auto Number
"Kosher: 000278 - Chocolate Eggs 3*60 gr. cluster packaging  [Chocolitaly , Italy][Yochananof]",0,,,"000278 - Chocolate Eggs 3*60 gr. cluster packaging  [Chocolitaly , Italy][Yochananof]",,,Kosher Certificate Barry Callebaut.pdf,"Ok Kosher, USA",convert.png,Yes,30/8/2023,31/8/2024,חלב סתם,Dairy,,No,Standard,Approved,"By Udi Stryk on 19 Sep, 2024","By Udi Stryk on 24 Jan, 2025",KC# 9017504 - 1,296,296 days remaining,Has Kosher,,100,", 19 Jan, 2025",#001
"Kosher: 000107 - TOMATO PASTA SAUCE GARLIC 350 GR. [La Doria, Italy][Shufersal]000097 - TOMATO PASTA SAUCE BASE FOR BOLOGNSE [La Doria, Italy][Shufersal]000106 - TOMATO PASTA SAUCE WITH BASILICO 350 G [La Doria, Italy][Shufersal]000098 - Neapolitan sauce 350 gr [La Doria, Italy][Shufersal]",1,,,"000107 - TOMATO PASTA SAUCE GARLIC 350 GR. [La Doria, Italy][Shufersal], 000097 - TOMATO PASTA SAUCE BASE FOR BOLOGNSE [La Doria, Italy][Shufersal], 000106 - TOMATO PASTA SAUCE WITH BASILICO 350 G [La Doria, Italy][Shufersal], 000098 - Neapolitan sauce 350 gr [La Doria, Italy][Shufersal]",,,doch La Doria 24-10-23.pdf,"הרב יצחק בעלינאוו, Italy",convert.png,Yes,24/10/2023,, כשר לפסח פרווה בהשגחת רב בלינוב ,Parve (Non- Dairy),,Yes,Standard,Approved,"By Udi Stryk on 21 Oct, 2024","By Operation Manager on 22 Jan, 2025",,, ⚠️ KOSHER EXPIRED  days ago,Has Kosher,,100,"Tomato based Paste sauces, 350 gr, Shufersal- La Doria, Italy, 20 Jan, 2025",#005
"Kosher: 000081 - 750ML EXTRA VIRGIN OLIVE OIL [Mueloliva , Spain][Marav Mazonkol (Osher Ad)]000360 - Extra virgin olive oil 750 ml- Meuloliva [Mueloliva , Spain][Dor Alon]",0,,,"000081 - 750ML EXTRA VIRGIN OLIVE OIL [Mueloliva , Spain][Marav Mazonkol (Osher Ad)], 000360 - Extra virgin olive oil 750 ml- Meuloliva [Mueloliva , Spain][Dor Alon]",,,CERTIFICADO KOSHER-MARCAS PROPIAS (Hasta 30112025) (3).pdf,"OU israel, Israel",convert.png | convert.png,Yes,4/11/2024,30/11/2025,"כשר בהשגחת רבנות ראשית לישראל וכשר בהשגחת 
OU
כשר פרווה",Parve (Non- Dairy),,No,Standard,Approved,"By SmartSuite Automation on 13 Nov, 2024","By Operation Manager on 22 Jan, 2025",,-160, ⚠️ KOSHER EXPIRED 160 days ago,Has Kosher,,100,", 19 Jan, 2025",#140
"Kosher: 000279 - Refined Sunflower Oil, 5 Litters. [Abalıoğlu Yağ Sanayi ve Ticaret A.Ş., Turkey][ProPlus]",0,,,"000279 - Refined Sunflower Oil, 5 Litters. [Abalıoğlu Yağ Sanayi ve Ticaret A.Ş., Turkey][ProPlus]",,,2023 Kosher Sertifikası (1).pdf,"Badatz Beit Yosef, Israel",unnamed.png,Yes,8/5/2023,5/10/2024,Kosher and Parve end for Passover kitniot.,Parve (Non- Dairy),Afiyat Israel (Baking) ,Yes,Mehadrin,Approved,"By SmartSuite Automation on 13 Nov, 2024","By Udi Stryk on 23 Jan, 2025",009,261,261 days remaining,Has Kosher,Has Kosher,100,", 19 Jan, 2025",#141
"Kosher: 000136 - TORTILLA
  CHIPS ""PAQUITA"" 50 gr [Pata S.P.A, Italy][Schestowitz]000342 - PATA NACHOS TORTILLA WHITE CORN [Pata S.P.A, Italy][Schestowitz]000341 - PATA NACHOS TORTILLA 200G KFP [Pata S.P.A, Italy][Schestowitz]000137 - CORN CHIPS
  ""PAQUITA"" 50 gr [Pata S.P.A, Italy][Schestowitz]000138 - RIPPLED
  CHIPS (GRIGLIATA) 50 gr [Pata S.P.A, Italy][Schestowitz]000139 - Law Fat and Clories chips [Pata S.P.A, Italy][Schestowitz]000140 - CORN CHIPS ""PAQUITA"" 200 gr., White corn flour [Pata S.P.A, Italy][Schestowitz]000230 - CHIPS
  SALTED 50 gr [Pata S.P.A, Italy][Schestowitz]",0,,,"000136 - TORTILLA
  CHIPS ""PAQUITA"" 50 gr [Pata S.P.A, Italy][Schestowitz], 000342 - PATA NACHOS TORTILLA WHITE CORN [Pata S.P.A, Italy][Schestowitz], 000341 - PATA NACHOS TORTILLA 200G KFP [Pata S.P.A, Italy][Schestowitz], 000137 - CORN CHIPS
  ""PAQUITA"" 50 gr [Pata S.P.A, Italy][Schestowitz], 000138 - RIPPLED
  CHIPS (GRIGLIATA) 50 gr [Pata S.P.A, Italy][Schestowitz], 000139 - Law Fat and Clories chips [Pata S.P.A, Italy][Schestowitz], 000140 - CORN CHIPS ""PAQUITA"" 200 gr., White corn flour [Pata S.P.A, Italy][Schestowitz], 000230 - CHIPS
  SALTED 50 gr [Pata S.P.A, Italy][Schestowitz]",,,Certificato Kosher 2023_2024.pdf,"KF Kosher (Kosher federation), UK",convert.jpg,Yes,4/4/2023,4/1/2024,"כשר בהשגחת הרבנות הראשית לישראל וכשר בהשגחת 
KF
כשר פרווה וכשר לפסח, בישול ישראל",Parve (Non- Dairy),Bishul Israel (Cooking) ,Yes,Standard,Approved,"By SmartSuite Automation on 13 Nov, 2024","By Operation Manager on 22 Jan, 2025",,536,536 days remaining,Has Kosher,,100,", 19 Jan, 2025",#146
"Kosher: 000275 - 5L Sunflower oil [Kadoogu Yag san ve Tic As, Turkey][Shufersal]",0,,,"000275 - 5L Sunflower oil [Kadoogu Yag san ve Tic As, Turkey][Shufersal]",,,OU KOSHER.pdf,"OU israel, Israel",convert.png | convert.png,Yes,31/7/2023,31/7/2024,Kosher writings need to be approved by the Israeli chief rabbinate ,Parve (Non- Dairy),,No,Standard,Approved,"By SmartSuite Automation on 13 Nov, 2024","By Operation Manager on 22 Jan, 2025",,327,327 days remaining,Has Kosher,,100,", 19 Jan, 2025",#150
"Kosher: 000079 - sfogliette
  with olives 180 gr [EuroSnacks/ FornoDamiani, Italy][Shufersal]000078 - sfogliette pizza 180 gr [EuroSnacks/ FornoDamiani, Italy][Shufersal]000088 - SFOGLIETTE ROSEMARY [EuroSnacks/ FornoDamiani, Italy][Shufersal]",0,,,"000079 - sfogliette
  with olives 180 gr [EuroSnacks/ FornoDamiani, Italy][Shufersal], 000078 - sfogliette pizza 180 gr [EuroSnacks/ FornoDamiani, Italy][Shufersal], 000088 - SFOGLIETTE ROSEMARY [EuroSnacks/ FornoDamiani, Italy][Shufersal]",,,KOEUROSNACK-4896034949.pdf,"Kosher-Maor, Israel",convert.png,Yes,30/7/2023,31/10/2023,Kosher writings need to be approved by the Israeli chief rabbinate ,Parve (Non- Dairy),Afiyat Israel (Baking) ,No,Standard,Approved,"By SmartSuite Automation on 13 Nov, 2024","By Operation Manager on 23 Jan, 2025",KOEUROSNACK-4896034949,601,601 days remaining,Has Kosher,Has Kosher,100,", 19 Jan, 2025",#154
"Kosher: 000142 - Wafers 250g Hazelnut [Crich, Italy][Shufersal]000143 - Wafers 250g cocoa
 [Crich, Italy][Shufersal]000144 - Wafers 250g Vanilla [Crich, Italy][Shufersal]000331 - Wafers cappuccino 250 gr crich
 [Crich, Italy][Shufersal]000332 - Salted crackers  250 gr  [Crich, Italy][Shufersal]000333 - Crackers extra virgin olive oil & rosemary 250 gr [Crich, Italy][Shufersal]000334 - Crackers with cereal & sesame 250 gr [Crich, Italy][Shufersal]000335 - Gran petit plain biscuits 250 gr [Crich, Italy][Shufersal]",1,,,"000142 - Wafers 250g Hazelnut [Crich, Italy][Shufersal], 000143 - Wafers 250g cocoa
 [Crich, Italy][Shufersal], 000144 - Wafers 250g Vanilla [Crich, Italy][Shufersal], 000331 - Wafers cappuccino 250 gr crich
 [Crich, Italy][Shufersal], 000332 - Salted crackers  250 gr  [Crich, Italy][Shufersal], 000333 - Crackers extra virgin olive oil & rosemary 250 gr [Crich, Italy][Shufersal], 000334 - Crackers with cereal & sesame 250 gr [Crich, Italy][Shufersal], 000335 - Gran petit plain biscuits 250 gr [Crich, Italy][Shufersal]",,,,,,No,,,Kosher writings need to be approved by the Israeli chief rabbinate ,Parve (Non- Dairy),,No,Standard,,"By SmartSuite Automation on 13 Nov, 2024","By Operation Manager on 23 Jan, 2025",,, ⚠️ KOSHER EXPIRED  days ago,New,,10,", 19 Jan, 2025",#151
"Kosher: 000074 - MUNCHIES SPICY RICE AND PEANUTS 400GR [Maas Intersales, Netherlands][Shufersal]000075 - MUNCHIES SPICY RICE AND PEANUTS 200GR [Maas Intersales, Netherlands][Shufersal]000229 - Flavored coated peanuts [Maas Intersales, Netherlands][Leiman Schlussel Ltd]",0,,,"000074 - MUNCHIES SPICY RICE AND PEANUTS 400GR [Maas Intersales, Netherlands][Shufersal], 000075 - MUNCHIES SPICY RICE AND PEANUTS 200GR [Maas Intersales, Netherlands][Shufersal], 000229 - Flavored coated peanuts [Maas Intersales, Netherlands][Leiman Schlussel Ltd]",,,Shufersal LTD. dba Supersol LTD. (1).pdf,"OU israel, Israel",convert.png | convert.png,Yes,17/11/2022,30/11/2023,"כשר בהשגחת רבנות ראשית לישראל ובהשגחת 
OU
כשר פרווה",Parve (Non- Dairy),,No,Standard,Approved,"By SmartSuite Automation on 13 Nov, 2024","By Operation Manager on 23 Jan, 2025",,571,571 days remaining,Has Kosher,,100,,#187
Kosher:,0,,,,,,,,,No,,,Kosher writings need to be approved by the Israeli chief rabbinate ,,,No,Standard,,"By SmartSuite Automation on 24 Jan, 2025","By Udi Stryk on 24 Jan, 2025",,, ⚠️ KOSHER EXPIRED  days ago,New,,10,,#192
Kosher:,0,,,,,,,,,No,,,Kosher writings need to be approved by the Israeli chief rabbinate ,,,No,Standard,,"By SmartSuite Automation on 24 Jan, 2025","By SmartSuite Automation on 24 Jan, 2025",,, ⚠️ KOSHER EXPIRED  days ago,New,,10,"Frozen Vegetables, Shufersal- Ardo, Belgium, 24 Jan, 2025",#194
Kosher:,0,,,,,,,,,No,,,Kosher writings need to be approved by the Israeli chief rabbinate ,,,No,Standard,,"By SmartSuite Automation on 27 Jan, 2025","By Udi Stryk on 27 Jan, 2025",,, ⚠️ KOSHER EXPIRED  days ago,New,,10,,#195
Kosher:,0,,,,,,,,,No,,,Kosher writings need to be approved by the Israeli chief rabbinate ,,,No,Standard,,"By SmartSuite Automation on 27 Jan, 2025","By Udi Stryk on 27 Jan, 2025",,, ⚠️ KOSHER EXPIRED  days ago,New,,10,,#196
Kosher:,0,,,,,,,,,No,,,Kosher writings need to be approved by the Israeli chief rabbinate ,,,No,Standard,,"By SmartSuite Automation on 27 Jan, 2025","By Udi Stryk on 27 Jan, 2025",,, ⚠️ KOSHER EXPIRED  days ago,New,,10,,#197
Kosher:,0,,,,,,,,,No,,,Kosher writings need to be approved by the Israeli chief rabbinate ,,,No,Standard,,"By SmartSuite Automation on 27 Jan, 2025","By SmartSuite Automation on 27 Jan, 2025",,, ⚠️ KOSHER EXPIRED  days ago,New,,10,"Frozen Vegetables, Shufersal- Ardo, Belgium, 27 Jan, 2025",#198
Kosher:,0,,,,,,,,,No,,,Kosher writings need to be approved by the Israeli chief rabbinate ,,,No,Standard,,"By SmartSuite Automation on 30 Jan, 2025","By SmartSuite Automation on 30 Jan, 2025",,, ⚠️ KOSHER EXPIRED  days ago,New,,10,"Organic Whole Rice and Legumes Snack, Harduf - All Organics- Castelfood srl, Italy, 30 Jan, 2025",#199
Kosher:,0,,,,,,,,,No,,,Kosher writings need to be approved by the Israeli chief rabbinate ,,,No,Standard,,"By SmartSuite Automation on 19 Feb, 2025","By SmartSuite Automation on 19 Feb, 2025",,, ⚠️ KOSHER EXPIRED  days ago,New,,10,"Serena, organic dry fruits, Shufersal-, 19 Feb, 2025",#200
Kosher:,0,,,,,,,,,No,,,Kosher writings need to be approved by the Israeli chief rabbinate ,,,No,Standard,,"By SmartSuite Automation on 19 Feb, 2025","By SmartSuite Automation on 19 Feb, 2025",,, ⚠️ KOSHER EXPIRED  days ago,New,,10,"Wafers 250g , Shufersal- Crich, Italy, 19 Feb, 2025",#201
Kosher:,0,,,,,,,,,No,,,Kosher writings need to be approved by the Israeli chief rabbinate ,,,No,Standard,,"By SmartSuite Automation on 19 Feb, 2025","By SmartSuite Automation on 19 Feb, 2025",,, ⚠️ KOSHER EXPIRED  days ago,New,,10,"Frozen Vegetables, Shufersal- Ardo, Belgium, 19 Feb, 2025",#202
Kosher:,0,,,,,,,,,No,,,Kosher writings need to be approved by the Israeli chief rabbinate ,,,No,Standard,,"By SmartSuite Automation on 19 Feb, 2025","By SmartSuite Automation on 19 Feb, 2025",,, ⚠️ KOSHER EXPIRED  days ago,New,,10,"Potato Gnocchi - with/ without gluten, Shufersal- Ciemme, Italy, 19 Feb, 2025",#203
Kosher:,0,,,,,,,,,No,,,Kosher writings need to be approved by the Israeli chief rabbinate ,,,No,Standard,,"By SmartSuite Automation on 19 Feb, 2025","By SmartSuite Automation on 19 Feb, 2025",,, ⚠️ KOSHER EXPIRED  days ago,New,,10,"double cookey gluten free, Shufersal- Coppenrath Feingebäck GmbH, Germany, 19 Feb, 2025",#204
Kosher:,0,,,,,,,,,No,,,Kosher writings need to be approved by the Israeli chief rabbinate ,,,No,Standard,,"By SmartSuite Automation on 19 Feb, 2025","By SmartSuite Automation on 19 Feb, 2025",,, ⚠️ KOSHER EXPIRED  days ago,New,,10,"CORNFLAKES SHUFERSAL 750 GR., Shufersal- Crispy food, Denmark, 19 Feb, 2025",#205
Kosher:,0,,,,,,,,,No,,,Kosher writings need to be approved by the Israeli chief rabbinate ,,,No,Standard,,"By SmartSuite Automation on 19 Feb, 2025","By SmartSuite Automation on 19 Feb, 2025",,, ⚠️ KOSHER EXPIRED  days ago,New,,10,"Dutch Butter Cookies, Shufersal- Daelmans, Netherlands, 19 Feb, 2025",#206
Kosher:,0,,,,,,,,,No,,,Kosher writings need to be approved by the Israeli chief rabbinate ,,,No,Standard,,"By SmartSuite Automation on 19 Feb, 2025","By SmartSuite Automation on 19 Feb, 2025",,, ⚠️ KOSHER EXPIRED  days ago,New,,10,"sfogliette salty snacks, 180 gr, Shufersal- EuroSnacks/ FornoDamiani, Italy, 19 Feb, 2025",#207
Kosher:,0,,,,,,,,,No,,,Kosher writings need to be approved by the Israeli chief rabbinate ,,,No,Standard,,"By SmartSuite Automation on 19 Feb, 2025","By SmartSuite Automation on 19 Feb, 2025",,, ⚠️ KOSHER EXPIRED  days ago,New,,10,"No-added sugar Chocolate-covered wafers, Shufersal- Helwa, Netherlands, 19 Feb, 2025",#208
Kosher:,0,,,,,,,,,No,,,Kosher writings need to be approved by the Israeli chief rabbinate ,,,No,Standard,,"By SmartSuite Automation on 19 Feb, 2025","By SmartSuite Automation on 19 Feb, 2025",,, ⚠️ KOSHER EXPIRED  days ago,New,,10,"Chocolate Tablets, 100Gr. Sugar-Free, Shufersal- Icam, Italy, 19 Feb, 2025",#209
Kosher:,0,,,,,,,,,No,,,Kosher writings need to be approved by the Israeli chief rabbinate ,,,No,Standard,,"By SmartSuite Automation on 19 Feb, 2025","By SmartSuite Automation on 19 Feb, 2025",,, ⚠️ KOSHER EXPIRED  days ago,New,,10,"Finely Chopped Tomatoes 3x400, Shufersal- La Doria, Italy, 19 Feb, 2025",#210
Kosher:,0,,,,,,,,,No,,,Kosher writings need to be approved by the Israeli chief rabbinate ,,,No,Standard,,"By SmartSuite Automation on 19 Feb, 2025","By SmartSuite Automation on 19 Feb, 2025",,, ⚠️ KOSHER EXPIRED  days ago,New,,10,"Legumes in Conerves, Shufersal- La Doria, Italy, 19 Feb, 2025",#211
Kosher:,0,,,,,,,,,No,,,Kosher writings need to be approved by the Israeli chief rabbinate ,,,No,Standard,,"By SmartSuite Automation on 19 Feb, 2025","By SmartSuite Automation on 19 Feb, 2025",,, ⚠️ KOSHER EXPIRED  days ago,New,,10,"Tomato based Paste sauces, 350 gr, Shufersal- La Doria, Italy, 19 Feb, 2025",#212
Kosher:,0,,,,,,,,,No,,,Kosher writings need to be approved by the Israeli chief rabbinate ,,,No,Standard,,"By SmartSuite Automation on 19 Feb, 2025","By SmartSuite Automation on 19 Feb, 2025",,, ⚠️ KOSHER EXPIRED  days ago,New,,10,"Tomato products, Shufersal- La Doria, Italy, 19 Feb, 2025",#213
Kosher:,0,,,,,,,,,No,,,Kosher writings need to be approved by the Israeli chief rabbinate ,,,No,Standard,,"By SmartSuite Automation on 19 Feb, 2025","By SmartSuite Automation on 19 Feb, 2025",,, ⚠️ KOSHER EXPIRED  days ago,New,,10,"Pita Chips & Grissini, Shufersal- La Mole, Italy, 19 Feb, 2025",#214
Kosher:,0,,,,,,,,,No,,,Kosher writings need to be approved by the Israeli chief rabbinate ,,,No,Standard,,"By SmartSuite Automation on 19 Feb, 2025","By SmartSuite Automation on 19 Feb, 2025",,, ⚠️ KOSHER EXPIRED  days ago,New,,10,"MUNCHIES SPICY RICE AND  PEANUTS 400GR, Shufersal- Maas Intersales, Netherlands, 19 Feb, 2025",#215
Kosher:,0,,,,,,,,,No,,,Kosher writings need to be approved by the Israeli chief rabbinate ,,,No,Standard,,"By SmartSuite Automation on 19 Feb, 2025","By SmartSuite Automation on 19 Feb, 2025",,, ⚠️ KOSHER EXPIRED  days ago,New,,10,"Sultanas Organic 250 and 500  gr., Shufersal- Ozgur, Turkey, 19 Feb, 2025",#216
Kosher:,0,,,,,,,,,No,,,Kosher writings need to be approved by the Israeli chief rabbinate ,,,No,Standard,,"By SmartSuite Automation on 19 Feb, 2025","By SmartSuite Automation on 19 Feb, 2025",,, ⚠️ KOSHER EXPIRED  days ago,New,,10,"organic chestnuts, Shufersal- Maas Intersales, Netherlands, 19 Feb, 2025",#217
Kosher:,0,,,,,,,,,No,,,Kosher writings need to be approved by the Israeli chief rabbinate ,,,No,Standard,,"By SmartSuite Automation on 19 Feb, 2025","By SmartSuite Automation on 19 Feb, 2025",,, ⚠️ KOSHER EXPIRED  days ago,New,,10,"Pasta - gluten-free 400 gr, Shufersal- Pastificio Mennucci S.P.A, Italy, 19 Feb, 2025",#218
Kosher:,0,,,,,,,,,No,,,Kosher writings need to be approved by the Israeli chief rabbinate ,,,No,Standard,,"By SmartSuite Automation on 19 Feb, 2025","By SmartSuite Automation on 19 Feb, 2025",,, ⚠️ KOSHER EXPIRED  days ago,New,,10,"EXTRA VIRGIN OLIVE OIL 750 & 500 ML, Shufersal- Poyraz, Turkey, 19 Feb, 2025",#219
Kosher:,0,,,,,,,,,No,,,Kosher writings need to be approved by the Israeli chief rabbinate ,,,No,Standard,,"By SmartSuite Automation on 19 Feb, 2025","By Operation Manager on 10 Mar, 2025",,, ⚠️ KOSHER EXPIRED  days ago,New,,10,,#220
Kosher:,0,,,,,,,,,No,,,Kosher writings need to be approved by the Israeli chief rabbinate ,,,No,Standard,,"By SmartSuite Automation on 19 Feb, 2025","By SmartSuite Automation on 19 Feb, 2025",,, ⚠️ KOSHER EXPIRED  days ago,New,,10,"Vegetable chips 85gr, Shufersal- Viube/Grupo Apex/ Mikso, Spain, 19 Feb, 2025",#221
Kosher:,0,,,,,,,,,No,,,Kosher writings need to be approved by the Israeli chief rabbinate ,,,No,Standard,,"By SmartSuite Automation on 19 Feb, 2025","By SmartSuite Automation on 19 Feb, 2025",,, ⚠️ KOSHER EXPIRED  days ago,New,,10,"Potato Chips Snacks, Schestowitz- Pata S.P.A, Italy, 19 Feb, 2025",#222
Kosher:,0,,,,,,,,,No,,,Kosher writings need to be approved by the Israeli chief rabbinate ,,,No,Standard,,"By SmartSuite Automation on 19 Feb, 2025","By SmartSuite Automation on 19 Feb, 2025",,, ⚠️ KOSHER EXPIRED  days ago,New,,10,"sunflower oil in 5-liter PET bottles., ProPlus- Abalıoğlu Yağ Sanayi ve Ticaret A.Ş., Turkey, 19 Feb, 2025",#223
Kosher:,0,,,,,,,,,No,,,Kosher writings need to be approved by the Israeli chief rabbinate ,,,No,Standard,,"By SmartSuite Automation on 19 Feb, 2025","By SmartSuite Automation on 19 Feb, 2025",,, ⚠️ KOSHER EXPIRED  days ago,New,,10,"Finely chopped tomatoes crop 2022, ProPlus- Solana, Italy, 19 Feb, 2025",#224
Kosher:,0,,,,,,,,,No,,,Kosher writings need to be approved by the Israeli chief rabbinate ,,,No,Standard,,"By SmartSuite Automation on 19 Feb, 2025","By SmartSuite Automation on 19 Feb, 2025",,, ⚠️ KOSHER EXPIRED  days ago,New,,10,"750ML EXTRA VIRGIN OLIVE OIL, Marav Mazonkol (Osher Ad)- Poyraz, Turkey, 19 Feb, 2025",#225
Kosher:,0,,,,,,,,,No,,,Kosher writings need to be approved by the Israeli chief rabbinate ,,,No,Standard,,"By SmartSuite SCIM on 20 Feb, 2025","By SmartSuite SCIM on 20 Feb, 2025",,, ⚠️ KOSHER EXPIRED  days ago,New,,10,"Organic frozen vegetables , Harduf - All Organics- GreenYard, Belgium, 20 Feb, 2025",#226
Kosher:,0,,,,,,,,,No,,,Kosher writings need to be approved by the Israeli chief rabbinate ,,,No,Standard,,"By SmartSuite SCIM on 20 Feb, 2025","By SmartSuite SCIM on 20 Feb, 2025",,, ⚠️ KOSHER EXPIRED  days ago,New,,10,"Organic Whole Rice and Legumes Snack, Harduf - All Organics- Castelfood srl, Italy, 20 Feb, 2025",#227
Kosher:,0,,,,,,,,,No,,,Kosher writings need to be approved by the Israeli chief rabbinate ,,,No,Standard,,"By SmartSuite Automation on 20 Feb, 2025","By SmartSuite Automation on 20 Feb, 2025",,, ⚠️ KOSHER EXPIRED  days ago,New,,10,"750 ml. Olive oil to H. Cohen (Yesh P.L), H. Cohen Import Marketing & Logistics Ltd- Poyraz, Turkey, 20 Feb, 2025",#228
Kosher:,0,,,,,,,,,No,,,Kosher writings need to be approved by the Israeli chief rabbinate ,,,No,Standard,,"By SmartSuite Automation on 5 Mar, 2025","By SmartSuite Automation on 5 Mar, 2025",,, ⚠️ KOSHER EXPIRED  days ago,New,,10,"Frozen french- fries, proplus, ProPlus- Bergia frites, Netherlands, 05 Mar, 2025",#229
"Kosher: 000032 - EXTRA FINE GARDEN PEAS EK1(600G) [Ardo, Belgium][Shufersal]000033 - EXTRA FINE GREEN BEANS BH1(600G) [Ardo, Belgium][Shufersal]000035 - CUT GREEN BEANS BG4(800G) [Ardo, Belgium][Shufersal]000057 - MIX PEAS AND CARROT [Ardo, Belgium][Shufersal]000059 - REGUIAR GREEN BEANS BH3(800G) [Ardo, Belgium][Shufersal]000054 - GREEN PEAS [Ardo, Belgium][Shufersal]",0,Shufersal,"Ardo, Belgium","000032 - EXTRA FINE GARDEN PEAS EK1(600G) [Ardo, Belgium][Shufersal], 000033 - EXTRA FINE GREEN BEANS BH1(600G) [Ardo, Belgium][Shufersal], 000035 - CUT GREEN BEANS BG4(800G) [Ardo, Belgium][Shufersal], 000057 - MIX PEAS AND CARROT [Ardo, Belgium][Shufersal], 000059 - REGUIAR GREEN BEANS BH3(800G) [Ardo, Belgium][Shufersal], 000054 - GREEN PEAS [Ardo, Belgium][Shufersal]","Frozen Vegetables, Shufersal- Ardo, Belgium",Belgium,"ARDO -CERT -Mix peas and carrots (1).pdf, ARDO -CERT -extra fine green beans 600gr (1).pdf, ARDO-CER -Regular green beans 800g (1).pdf, ARDO -CERT -Extra Fine Garden Peas 600g (1).pdf","European Kosher (EU), Italy",convert.png,Yes,17/12/2024,31/12/2025," בהכשר הרבנות הראשית לישראל ובהכשר 
EK
בישול ישראל קטניות וכשר לפסח

",Parve (Non- Dairy),Bishul Israel (Cooking) ,Yes,Standard,Approved,"By SmartSuite Automation on 13 Nov, 2024","By Operation Manager on 23 Jan, 2025",KC#26102-1,-191, ⚠️ KOSHER EXPIRED 191 days ago,Has Kosher,New,100,"Frozen Vegetables, Shufersal- Ardo, Belgium, 19 Jan, 2025",#166
"Kosher: 000039 - wafer cubes hazel nuts 250 gr [Balconi, Italy][Shufersal]000040 - wafer cubes chocolate 250 gr [Balconi, Italy][Shufersal]000327 - wafers cocoa 175g [Balconi, Italy][Shufersal]000328 - wafers hazelnut 175g [Balconi, Italy][Shufersal]",0,Yochananof,"Balconi, Italy","000039 - wafer cubes hazel nuts 250 gr [Balconi, Italy][Shufersal], 000040 - wafer cubes chocolate 250 gr [Balconi, Italy][Shufersal], 000327 - wafers cocoa 175g [Balconi, Italy][Shufersal], 000328 - wafers hazelnut 175g [Balconi, Italy][Shufersal]","wafer cubes, balconi, Yochananof- Balconi, Italy",Italy,"Rabbanut Special Report January 2024 Shuffersal.pdf, Letter of Certification.pdf","OU israel, Israel",convert.png | convert.png,Yes,7/2/2024,31/3/2024,"בהשגחת הרבנות
OUD
Pas Yisroel-Rabbi Turns on Fire
 ללא חשש חדש",Dairy,Afiyat Israel (Baking) ,No,Standard,Approved,"By SmartSuite Automation on 13 Nov, 2024","By Operation Manager on 23 Jan, 2025",,449,449 days remaining,Has Kosher,,100,"wafer cubes, balconi, Yochananof- Balconi, Italy, 19 Jan, 2025",#184
"Kosher: 000239 - Corn, whole rice, and buckwheat crispy snack 60 grams Harduf [Castelfood srl, Italy][Harduf - All Organics]000247 - Corn Cakes Snack with Legumes
60 grams Harduf [Castelfood srl, Italy][Harduf - All Organics]000246 - Organic corn and buckwheat snack [Castelfood srl, Italy][Harduf - All Organics]000245 - Red Lentil and Organic Black Rice Snack [Castelfood srl, Italy][Harduf - All Organics]000244 - Organic corn and black rice snack [Castelfood srl, Italy][Harduf - All Organics]000243 - Whole rice and pea crisp snack [Castelfood srl, Italy][Harduf - All Organics]",0,Harduf - All Organics,"Castelfood srl, Italy","000239 - Corn, whole rice, and buckwheat crispy snack 60 grams Harduf [Castelfood srl, Italy][Harduf - All Organics], 000247 - Corn Cakes Snack with Legumes
60 grams Harduf [Castelfood srl, Italy][Harduf - All Organics], 000246 - Organic corn and buckwheat snack [Castelfood srl, Italy][Harduf - All Organics], 000245 - Red Lentil and Organic Black Rice Snack [Castelfood srl, Italy][Harduf - All Organics], 000244 - Organic corn and black rice snack [Castelfood srl, Italy][Harduf - All Organics], 000243 - Whole rice and pea crisp snack [Castelfood srl, Italy][Harduf - All Organics]","Organic Whole Rice and Legumes Snack, Harduf - All Organics- Castelfood srl, Italy",Italy,Kosher certificato - Kcert 2023_1.pdf,"European Kosher (EU), Italy",convert.png,Yes,25/1/2023,29/2/2024,"כשר פרווה למהדרין, בהשגחת רבנות 
EUK
ובאישור הרבנות הראשית לישראל",Parve (Non- Dairy),,Yes,Mehadrin,Approved,"By Udi Stryk on 24 Oct, 2024","By Operation Manager on 23 Jan, 2025",,480,480 days remaining,Has Kosher,,100,"Organic Whole Rice and Legumes Snack, Harduf - All Organics- Castelfood srl, Italy, 19 Jan, 2025",#014
"Kosher: 000099 - gnocchi tri-color gluten-free 400(KOSHER FOR PASSOVER) [Ciemme, Italy][Shufersal]000076 - Gluten-free gnocchi, 500 gr (KOSHER FOR PASSOVER) [Ciemme, Italy][Shufersal]000101 - Potato gnocchi 500gr [Ciemme, Italy][Shufersal]000068 - tomatoes
  gnocchi 500gr [Ciemme, Italy][Shufersal]000069 - spinach
  gnocchi 500gr [Ciemme, Italy][Shufersal]000071 - mini
  potato gnocchi 500gr [Ciemme, Italy][Shufersal]",1,Shufersal,"Ciemme, Italy","000099 - gnocchi tri-color gluten-free 400(KOSHER FOR PASSOVER) [Ciemme, Italy][Shufersal], 000076 - Gluten-free gnocchi, 500 gr (KOSHER FOR PASSOVER) [Ciemme, Italy][Shufersal], 000101 - Potato gnocchi 500gr [Ciemme, Italy][Shufersal], 000068 - tomatoes
  gnocchi 500gr [Ciemme, Italy][Shufersal], 000069 - spinach
  gnocchi 500gr [Ciemme, Italy][Shufersal], 000071 - mini
  potato gnocchi 500gr [Ciemme, Italy][Shufersal]","Potato Gnocchi - with/ without gluten, Shufersal- Ciemme, Italy",Italy,"Kosher certificate Green 18.09.2024.pdf, Kosher report Green 18.09.2024.pdf","הרב יצחק בעלינאוו, Italy",convert.png,No,30/10/2024,," ללא חשש חדש בד""ץ איגוד הרבנים ובאישור הרבנות הראשית לישראל
 ובהשגחת הרב יצחק בעלינאוו 
כשר פרווה",Parve (Non- Dairy),Bishul Israel (Cooking) ,No,Standard,Approved,"By SmartSuite Automation on 13 Nov, 2024","By Operation Manager on 22 Jan, 2025",,, ⚠️ KOSHER EXPIRED  days ago,Has Kosher,,100,"Potato Gnocchi - with/ without gluten, Shufersal- Ciemme, Italy, 19 Jan, 2025",#171
"Kosher: 000100 - double cookey gluten free / Green Sandwich Cookie [Coppenrath Feingebäck GmbH, Germany][Shufersal]",0,Shufersal,"Coppenrath Feingebäck GmbH, Germany","000100 - double cookey gluten free / Green Sandwich Cookie [Coppenrath Feingebäck GmbH, Germany][Shufersal]","double cookey gluten free, Shufersal- Coppenrath Feingebäck GmbH, Germany",Germany,"57795_Rabbanut report coppenrath June 2024 Signed_18.09.2024.pdf, KOU-Zertifikat_LEH_Shufersal LTD. dba Supersol LTD_31.12.2024_Stand_06.12.2023. (1).pdf, Rabbanut report 12112023.pdf, 57795 Green Sandwich Cookie 300g GF+LF KOU_C072308281_01.09.2023 (1).pdf, 57795_Rabbanut report coppenrath June 2024 Signed_11.06.2024.pdf","OU israel, Israel",convert.png | convert.png,No,6/12/2023,31/12/2024,"כשר בהשגחת הרבנות הראשית לישראל 
כשר בהשגחת OU
פרווה",Parve (Non- Dairy),Afiyat Israel (Baking) ,No,Mehadrin,Approved,"By SmartSuite Automation on 13 Nov, 2024","By Success Management on 22 Jan, 2025",,174,174 days remaining,Has Kosher,,100,"double cookey gluten free, Shufersal- Coppenrath Feingebäck GmbH, Germany, 19 Jan, 2025",#139
"Kosher: 000093 - CORNFLAKES SHUFERSAL 750 GR. [Crispy food, Denmark][Shufersal]",1,Shufersal,"Crispy food, Denmark","000093 - CORNFLAKES SHUFERSAL 750 GR. [Crispy food, Denmark][Shufersal]","CORNFLAKES SHUFERSAL 750 GR., Shufersal- Crispy food, Denmark",Denmark,,,,No,,,Kosher writings need to be approved by the Israeli chief rabbinate ,Parve (Non- Dairy),,No,Standard,,"By SmartSuite Automation on 13 Nov, 2024","By Operation Manager on 23 Jan, 2025",,, ⚠️ KOSHER EXPIRED  days ago,New,,10,"CORNFLAKES SHUFERSAL 750 GR., Shufersal- Crispy food, Denmark, 19 Jan, 2025",#168
"Kosher: 000085 - Dutch Butter Cookies [Daelmans, Netherlands][Shufersal]000086 - Dutch Caramel Wafers [Daelmans, Netherlands][Shufersal]",2,Shufersal,"Daelmans, Netherlands","000085 - Dutch Butter Cookies [Daelmans, Netherlands][Shufersal], 000086 - Dutch Caramel Wafers [Daelmans, Netherlands][Shufersal]","Dutch Butter Cookies, Shufersal- Daelmans, Netherlands",Netherlands,Daelmans- kosher certificate 01-07-2025.pdf,"K MESHULASH / TRIANGLE K INC., USA",K MESHULASH  TRIANGLE  logo 2.jpeg | K MESHULASH  TRIANGLE  logo.png,Yes,7/1/2025,7/1/2025,"KOSHER – DAIRY, Non-supervised Milk Powder
(CHOLOV STAM)",Dairy,Afiyat Israel (Baking) ,No,Standard,Approved,"By SmartSuite Automation on 13 Nov, 2024","By Operation Manager on 23 Jan, 2025",,167,167 days remaining,Has Kosher,Has Kosher,100,"Dutch Butter Cookies, Shufersal- Daelmans, Netherlands, 22 Jan, 2025",#179
"Kosher: 000234 - Organic frozen vegetable mix, Harduf 800 grams [GreenYard, Belgium][Harduf - All Organics]000233 - Organic frozen whole beans, Harduf 800 grams [GreenYard, Belgium][Harduf - All Organics]000232 - Organic Frozen Fine Peas Harduf 800 grams [GreenYard, Belgium][Harduf - All Organics]000231 - Organic frozen corn kernels 800 g Harduf [GreenYard, Belgium][Harduf - All Organics]",1,Harduf - All Organics,"GreenYard, Belgium","000234 - Organic frozen vegetable mix, Harduf 800 grams [GreenYard, Belgium][Harduf - All Organics], 000233 - Organic frozen whole beans, Harduf 800 grams [GreenYard, Belgium][Harduf - All Organics], 000232 - Organic Frozen Fine Peas Harduf 800 grams [GreenYard, Belgium][Harduf - All Organics], 000231 - Organic frozen corn kernels 800 g Harduf [GreenYard, Belgium][Harduf - All Organics]","Organic frozen vegetables , Harduf - All Organics- GreenYard, Belgium",Belgium,,,,No,,,Kosher writings need to be approved by the Israeli chief rabbinate ,Parve (Non- Dairy),,No,Standard,,"By SmartSuite Automation on 13 Nov, 2024","By Operation Manager on 23 Jan, 2025",,, ⚠️ KOSHER EXPIRED  days ago,New,New,10,"Organic frozen vegetables , Harduf - All Organics- GreenYard, Belgium, 19 Jan, 2025",#149
"Kosher: 000104 - wafers no added sugar 21.5g*3 [Helwa, Netherlands][Shufersal]000105 - No added sugar, 150 gr. Chocolate wafer [Helwa, Netherlands][Shufersal]000326 - wafers gluten free 21.5g*3 [Helwa, Netherlands][Shufersal]",1,Shufersal,"Helwa, Netherlands","000104 - wafers no added sugar 21.5g*3 [Helwa, Netherlands][Shufersal], 000105 - No added sugar, 150 gr. Chocolate wafer [Helwa, Netherlands][Shufersal], 000326 - wafers gluten free 21.5g*3 [Helwa, Netherlands][Shufersal]","No-added sugar Chocolate-covered wafers, Shufersal- Helwa, Netherlands",Netherlands,Koshercertificate 115166.pdf,"Kosher Holland, Netherlands",image.png,Yes,29/7/2024,,"כשר-חלבי-לאכלי אבקת נכרי 
ללא חשש חדש",Dairy - Cholov Stam,Afiyat Israel (Baking) ,No,Standard,Approved,"By SmartSuite Automation on 13 Nov, 2024","By Operation Manager on 23 Jan, 2025",,, ⚠️ KOSHER EXPIRED  days ago,Has Kosher,,100,"No-added sugar Chocolate-covered wafers, Shufersal- Helwa, Netherlands, 19 Jan, 2025",#138
Kosher:,1,Shufersal,"Icam, Italy",,"Chocolate Tablets, 100Gr. Sugar-Free, Shufersal- Icam, Italy",Italy,,,,No,,,Kosher writings need to be approved by the Israeli chief rabbinate ,Parve (Non- Dairy),,No,Standard,,"By SmartSuite Automation on 13 Nov, 2024","By Operation Manager on 23 Jan, 2025",,, ⚠️ KOSHER EXPIRED  days ago,New,,10,"Chocolate Tablets, 100Gr. Sugar-Free, Shufersal- Icam, Italy, 19 Jan, 2025",#156
"Kosher: 000340 - blake beans in brine 380 gr [La Doria, Italy][Shufersal]000310 - Red kidney beans ,No Uniqe nutritional attributes,380 [La Doria, Italy][Shufersal]000307 - Cannellini beans,No Uniqe nutritional attributes,380 [La Doria, Italy][Shufersal]000297 - chickpeas ,No Uniqe nutritional attributes,380 [La Doria, Italy][Shufersal]",0,Shufersal,"La Doria, Italy","000340 - blake beans in brine 380 gr [La Doria, Italy][Shufersal], 000310 - Red kidney beans ,No Uniqe nutritional attributes,380 [La Doria, Italy][Shufersal], 000307 - Cannellini beans,No Uniqe nutritional attributes,380 [La Doria, Italy][Shufersal], 000297 - chickpeas ,No Uniqe nutritional attributes,380 [La Doria, Italy][Shufersal]","Finely Chopped Tomatoes 3x400, Shufersal- La Doria, Italy",Italy,909890685 renewal Eugea TOMATO.pdf,"KLBD, UK",convert.png,Yes,22/10/2024,2/8/2025,"כשר בהשגחת הרבנות הראשית לישראל
 כשר בהשגחת בד""צ לונדון KLBD
פרווה",Parve (Non- Dairy),Bishul Israel (Cooking) ,No,Standard,Approved,"By SmartSuite Automation on 13 Nov, 2024","By Success Management on 23 Jan, 2025",909890685,-40, ⚠️ KOSHER EXPIRED 40 days ago,Has Kosher,Has Kosher,100,"Finely Chopped Tomatoes 3x400, Shufersal- La Doria, Italy, 19 Jan, 2025",#137
"Kosher: 000340 - blake beans in brine 380 gr [La Doria, Italy][Shufersal]000310 - Red kidney beans ,No Uniqe nutritional attributes,380 [La Doria, Italy][Shufersal]000307 - Cannellini beans,No Uniqe nutritional attributes,380 [La Doria, Italy][Shufersal]000297 - chickpeas ,No Uniqe nutritional attributes,380 [La Doria, Italy][Shufersal]",0,Shufersal,"La Doria, Italy","000340 - blake beans in brine 380 gr [La Doria, Italy][Shufersal], 000310 - Red kidney beans ,No Uniqe nutritional attributes,380 [La Doria, Italy][Shufersal], 000307 - Cannellini beans,No Uniqe nutritional attributes,380 [La Doria, Italy][Shufersal], 000297 - chickpeas ,No Uniqe nutritional attributes,380 [La Doria, Italy][Shufersal]","Legumes in Conerves, Shufersal- La Doria, Italy",Italy,"טופס שאלון דוח ייצור La Doria Fisciano 06-08.11.2023 (1).pdf, 755169463 batch.pdf, 846422012 batch.pdf, טופס שאלון דוח ייצור La Doria Sarno 23-24.10.2023 (1).pdf","KLBD, UK",convert.png,Yes,5/2/2024,11/8/2025,"כשר בהשגחת רבנות ראשית לישראל ובהשגחת
KLBD
כשר פרווה בישול ישראל, כשר לפסח לאוכלי קטניות",Parve (Non- Dairy),Bishul Israel (Cooking) ,No,Standard,Approved,"By Operation Manager on 23 Jan, 2025","By Operation Manager on 23 Jan, 2025",755169463,-49, ⚠️ KOSHER EXPIRED 49 days ago,Has Kosher,,100,"Legumes in Conerves, Shufersal- La Doria, Italy, 19 Jan, 2025",#190
"Kosher: 000307 - Cannellini beans,No Uniqe nutritional attributes,380 [La Doria, Italy][Shufersal]000310 - Red kidney beans ,No Uniqe nutritional attributes,380 [La Doria, Italy][Shufersal]000340 - blake beans in brine 380 gr [La Doria, Italy][Shufersal]",0,Shufersal,"La Doria, Italy","000307 - Cannellini beans,No Uniqe nutritional attributes,380 [La Doria, Italy][Shufersal], 000310 - Red kidney beans ,No Uniqe nutritional attributes,380 [La Doria, Italy][Shufersal], 000340 - blake beans in brine 380 gr [La Doria, Italy][Shufersal]","Legumes in Conerves, Shufersal- La Doria, Italy",Italy,"טופס שאלון דוח ייצור La Doria Fisciano 06-08.11.2023 (1).pdf, טופס שאלון דוח ייצור La Doria Sarno 23-24.10.2023 (1).pdf, 904861792 batch certificate (1).pdf, 484402286 batch (1).pdf","KLBD, UK",convert.png,No,,,,,Bishul Israel (Cooking) ,No,Standard,,"By Operation Manager on 10 Mar, 2025","By Operation Manager on 20 Mar, 2025",,, ⚠️ KOSHER EXPIRED  days ago,Has Kosher,,100,"Legumes in Conerves, Shufersal- La Doria, Italy, 19 Jan, 2025",#230
Kosher:,1,Shufersal,"La Mole, Italy",,"Pita Chips & Grissini, Shufersal- La Mole, Italy",Italy,,,,No,,,Kosher writings need to be approved by the Israeli chief rabbinate ,Parve (Non- Dairy),,No,Standard,,"By SmartSuite Automation on 13 Nov, 2024","By Operation Manager on 23 Jan, 2025",,, ⚠️ KOSHER EXPIRED  days ago,New,,10,"Pita Chips & Grissini, Shufersal- La Mole, Italy, 19 Jan, 2025",#186
"Kosher: 000074 - MUNCHIES SPICY RICE AND PEANUTS 400GR [Maas Intersales, Netherlands][Shufersal]000075 - MUNCHIES SPICY RICE AND PEANUTS 200GR [Maas Intersales, Netherlands][Shufersal]000229 - Flavored coated peanuts [Maas Intersales, Netherlands][Leiman Schlussel Ltd]",1,Shufersal,"Maas Intersales, Netherlands","000074 - MUNCHIES SPICY RICE AND PEANUTS 400GR [Maas Intersales, Netherlands][Shufersal], 000075 - MUNCHIES SPICY RICE AND PEANUTS 200GR [Maas Intersales, Netherlands][Shufersal], 000229 - Flavored coated peanuts [Maas Intersales, Netherlands][Leiman Schlussel Ltd]","MUNCHIES SPICY RICE AND  PEANUTS 400GR, Shufersal- Maas Intersales, Netherlands",Netherlands,Shufersal LTD. dba Supersol LTD..pdf,"OU israel, Israel",convert.png | convert.png,Yes,17/11/2022,30/11/2023,"כשר בהשגחת רבנות ראשית לישראל ובהשגחת
OU
כשר פרווה",Parve (Non- Dairy),,No,Standard,Approved,"By SmartSuite Automation on 13 Nov, 2024","By Operation Manager on 23 Jan, 2025",,571,571 days remaining,Has Kosher,,100,", 19 Jan, 2025",#161
"Kosher: 000060 - organic chestnuts [Maas Intersales, Netherlands][Shufersal]",0,Shufersal,"Maas Intersales, Netherlands","000060 - organic chestnuts [Maas Intersales, Netherlands][Shufersal]","organic chestnuts, Shufersal- Maas Intersales, Netherlands",Netherlands,"Tangshan City Meikeduo Food Co., Ltd._Star-K_03_13_2024 3132024  100055 A (2).pdf","Star k kosher, USA",convert.jpg,Yes,13/3/2024,31/3/2025,"כשר בהשגחת רבנות ראשית לישראל ובהשגחת 
star- k kosher
כשר פרווה",Parve (Non- Dairy),,No,Standard,Approved,"By Operation Manager on 23 Jan, 2025","By Operation Manager on 23 Jan, 2025",R115H1IA,84,84 days remaining,Has Kosher,,100,"organic chestnuts, Shufersal- Maas Intersales, Netherlands, 19 Jan, 2025",#191
"Kosher: 000031 - Sultana raisins, Organic 250 gr, Shufersal [Ozgur, Turkey][Shufersal]000266 - Sultana raisins, Organic 500 gr. Shufersal [Ozgur, Turkey][Shufersal]",1,Shufersal,"Ozgur, Turkey","000031 - Sultana raisins, Organic 250 gr, Shufersal [Ozgur, Turkey][Shufersal], 000266 - Sultana raisins, Organic 500 gr. Shufersal [Ozgur, Turkey][Shufersal]","Sultanas Organic 250 and 500  gr., Shufersal- Ozgur, Turkey",Turkey,,,,No,,,Kosher writings need to be approved by the Israeli chief rabbinate ,Parve (Non- Dairy),,No,Standard,,"By SmartSuite Automation on 13 Nov, 2024","By Operation Manager on 23 Jan, 2025",,, ⚠️ KOSHER EXPIRED  days ago,New,,10,"Sultanas Organic 250 and 500  gr., Shufersal- Ozgur, Turkey, 19 Jan, 2025",#157
Kosher:,1,Shufersal,"Pasta Di- Martino, Italy",,"Pasta, Shufersal- Pasta Di- Martino, Italy",Italy,,,,No,,,Kosher writings need to be approved by the Israeli chief rabbinate ,Parve (Non- Dairy),,No,Standard,,"By SmartSuite Automation on 13 Nov, 2024","By Udi Stryk on 22 Jan, 2025",,, ⚠️ KOSHER EXPIRED  days ago,New,,10,,#143
"Kosher: 000028 - Gluten free fusilli [Pastificio Mennucci S.P.A, Italy][]000027 - Gluten free spaghetti [Pastificio Mennucci S.P.A, Italy][]000026 - penne gluten free 400 gr [Pastificio Mennucci S.P.A, Italy][Shufersal]",0,Shufersal,"Pastificio Mennucci S.P.A, Italy","000028 - Gluten free fusilli [Pastificio Mennucci S.P.A, Italy][], 000027 - Gluten free spaghetti [Pastificio Mennucci S.P.A, Italy][], 000026 - penne gluten free 400 gr [Pastificio Mennucci S.P.A, Italy][Shufersal]","Pasta - gluten-free 400 gr, Shufersal- Pastificio Mennucci S.P.A, Italy",Italy,"kosher 31-10-2024.pdf, כשר פרווה בלינוב- חדד.docx, 2023 KCB Cellino (1).pdf, Kosher Pastificio Di Martino Gaetano and F.lli spa.pdf","1kosher, Belgium",1k-uai-258x260.png,Yes,31/10/2023,31/10/2024,"בהשגחת הרב מנחם חדאד, בריסל בלגיה
בהשגחת הרב י. בלינוב, מילאנו איטליא
ובאישור הרבנות הראשית לישראל",Parve (Non- Dairy),,No,Standard,Approved,"By SmartSuite Automation on 13 Nov, 2024","By Operation Manager on 22 Jan, 2025",KC#132424-1,235,235 days remaining,Has Kosher,,100,", 19 Jan, 2025",#180
"Kosher: 000025 - PRESERVED LEMON JUICE 200 ML [Polenghi, Italy][Ta'aman]000023 - PRESERVED LEMON JUICE 500 ML. [Polenghi, Italy][Ta'aman]000024 - Natural Lemon Juice 250ml. [Polenghi, Italy][Ta'aman]",0,Shufersal,"Polenghi, Italy","000025 - PRESERVED LEMON JUICE 200 ML [Polenghi, Italy][Ta'aman], 000023 - PRESERVED LEMON JUICE 500 ML. [Polenghi, Italy][Ta'aman], 000024 - Natural Lemon Juice 250ml. [Polenghi, Italy][Ta'aman]","Lemon Juice for salads, Shufersal- Polenghi, Italy",Italy,"כשרות לפסח ספק איטלקי.pdf, Kosher 2025 (1).pdf","Ok Kosher, USA",convert.png,Yes,3/12/2024,30/11/2025,"כשר בהשגחת הרבנות הראשית לישראל 
ובהשגחת 
OK
כשר פרווה",Parve (Non- Dairy),Bishul Israel (Cooking) ,Yes,Standard,Approved,"By Udi Stryk on 23 Oct, 2024","By Success Management on 27 Jan, 2025",KC# 9775561 - 1,-160, ⚠️ KOSHER EXPIRED 160 days ago,Has Kosher,,100,"Lemon Juice for salads, Shufersal- Polenghi, Italy, Lemon Juice for salads, Ta'aman- Polenghi, Italy, 19 Jan, 2025",#009
"Kosher: 000399 - Preserved Lemon Juice 200ml [Polenghi, Italy][Shufersal]000400 - Preserved Lemon Juice 500ml [Polenghi, Italy][Shufersal]000401 - Natural Lemon Juice 250ml - Preservative Free [Polenghi, Italy][Shufersal]",0,Shufersal,"Polenghi, Italy","000399 - Preserved Lemon Juice 200ml [Polenghi, Italy][Shufersal], 000400 - Preserved Lemon Juice 500ml [Polenghi, Italy][Shufersal], 000401 - Natural Lemon Juice 250ml - Preservative Free [Polenghi, Italy][Shufersal]","Lemon Juice for salads, Shufersal- Polenghi, Italy",Italy,Shufersal KC (1).pdf,"Ok Kosher, USA",convert.png,No,5/3/2025,30/11/2025,"כשר בהשגחת הרבנות הראשית לישראל וכשר בהשגחת
 OK
כשר פרווה

",Parve (Non- Dairy),,No,Standard,Approved,"By Operation Manager on 10 Mar, 2025","By Operation Manager on 10 Mar, 2025",KC#10056843-1,-160, ⚠️ KOSHER EXPIRED 160 days ago,Has Kosher,Has Kosher,100,"Lemon Juice for salads, Shufersal- Polenghi, Italy, Lemon Juice for salads, Ta'aman- Polenghi, Italy, 19 Jan, 2025",#231
"Kosher: 000325 - Poyraz, 750 ml. Extra Virgin Olive Oil, H. cohen (Yesh Private label) [Poyraz, Turkey][Shufersal]",0,H. Cohen Import Marketing & Logistics Ltd,"Poyraz, Turkey","000325 - Poyraz, 750 ml. Extra Virgin Olive Oil, H. cohen (Yesh Private label) [Poyraz, Turkey][Shufersal]","750 ml. Olive oil to H. Cohen (Yesh P.L), H. Cohen Import Marketing & Logistics Ltd- Poyraz, Turkey",Turkey,Poyraz Zeytinyagi LOC 2023(1).pdf,"Star k kosher, USA",convert.jpg,Yes,31/7/2023,31/7/2024,"כשר בהשגחת רבנות ישראל ובהשגחת 
Star k kosher
כשר פרווה",Parve (Non- Dairy),Bishul Israel (Cooking) ,No,Standard,Approved,"By SmartSuite Automation on 13 Nov, 2024","By Operation Manager on 22 Jan, 2025",VEJGYYOI,327,327 days remaining,Has Kosher,,100,"750 ml. Olive oil to H. Cohen (Yesh P.L), H. Cohen Import Marketing & Logistics Ltd- Poyraz, Turkey, 22 Jan, 2025",#145
"Kosher: 000259 - Poyraz Extra Virgin Olive Oil, Ohser- Ad [Poyraz, Turkey][Shufersal]",0,Marav Mazonkol (Osher Ad),"Poyraz, Turkey","000259 - Poyraz Extra Virgin Olive Oil, Ohser- Ad [Poyraz, Turkey][Shufersal]","750ML EXTRA VIRGIN OLIVE OIL, Marav Mazonkol (Osher Ad)- Poyraz, Turkey",Turkey,Poyraz Zeytinyagi LOC 2023(1).pdf,"Star k kosher, USA",convert.jpg,Yes,31/7/2023,31/7/2024,"כשר בהשגחת רבנות ישראל ובהשגחת 
Star k kosher
כשר פרווה",Parve (Non- Dairy),Bishul Israel (Cooking) ,No,Standard,Approved,"By SmartSuite Automation on 13 Nov, 2024","By Operation Manager on 22 Jan, 2025",VEJGYYOI,327,327 days remaining,Has Kosher,,100,"750ML EXTRA VIRGIN OLIVE OIL, Marav Mazonkol (Osher Ad)- Poyraz, Turkey, 22 Jan, 2025",#159
"Kosher: 000288 - Poyraz Extra Virgin Olive Oil, Shufersal [Poyraz, Turkey][Shufersal]",0,Shufersal,"Poyraz, Turkey","000288 - Poyraz Extra Virgin Olive Oil, Shufersal [Poyraz, Turkey][Shufersal]","EXTRA VIRGIN OLIVE OIL 750 & 500 ML, Shufersal- Poyraz, Turkey",Turkey,Poyraz Zeytinyagi LOC 2023(1).pdf,"Star k kosher, USA",convert.jpg,Yes,31/7/2023,31/7/2024,"כשר בהשגחת רבנות ישראל ובהשגחת 
Star k kosher
כשר פרווה",Parve (Non- Dairy),Bishul Israel (Cooking) ,No,Standard,Approved,"By SmartSuite Automation on 13 Nov, 2024","By Operation Manager on 22 Jan, 2025",VEJGYYOI,327,327 days remaining,Has Kosher,,100,"EXTRA VIRGIN OLIVE OIL 750 & 500 ML, Shufersal- Poyraz, Turkey, 19 Jan, 2025",#172
"Kosher: 000277 - Finely chopped tomatoes crop 2022 [Solana, Italy][ProPlus]",0,ProPlus,"Solana, Italy","000277 - Finely chopped tomatoes crop 2022 [Solana, Italy][ProPlus]","Finely chopped tomatoes crop 2022, ProPlus- Solana, Italy",Italy,KOSHER Gariga exp31 07 2024.pdf,"1kosher, Belgium",1k-uai-258x260.png,Yes,1/8/2023,31/7/2024,"כשר בהשגחת הרבנות הראשית לישראל ובהשגחת 
1 kosher
כשר פרווה",Parve (Non- Dairy),,No,Standard,Approved,"By Udi Stryk on 13 Oct, 2024","By Operation Manager on 23 Jan, 2025",KC# 132695 - 1,327,327 days remaining,Has Kosher,,100,"Finely chopped tomatoes crop 2022, ProPlus- Solana, Italy, 19 Jan, 2025",#002
"Kosher: 000018 - CHOCOLATE CREAM FILLED COOKIES 150 GR
 [Vicenzi, Italy][Shufersal]000019 - HAZELNUT CREAM FILLED COOKIES 150 GR [Vicenzi, Italy][Shufersal]000020 - Gluten free cookies chocolate filled [Vicenzi, Italy][Shufersal]000021 - Gluten free cookies lemon filled [Vicenzi, Italy][Shufersal]000022 - Gluten Free BISCUITS 125 G [Vicenzi, Italy][Shufersal]000276 - vanila filled cookies 150 gr [Vicenzi, Italy][Shufersal]",0,Shufersal,"Vicenzi, Italy","000018 - CHOCOLATE CREAM FILLED COOKIES 150 GR
 [Vicenzi, Italy][Shufersal], 000019 - HAZELNUT CREAM FILLED COOKIES 150 GR [Vicenzi, Italy][Shufersal], 000020 - Gluten free cookies chocolate filled [Vicenzi, Italy][Shufersal], 000021 - Gluten free cookies lemon filled [Vicenzi, Italy][Shufersal], 000022 - Gluten Free BISCUITS 125 G [Vicenzi, Italy][Shufersal], 000276 - vanila filled cookies 150 gr [Vicenzi, Italy][Shufersal]","Cookies from Vicenzi, Shufersal- Vicenzi, Italy",Italy,"kosher certificate vicenzi shufersal 3454 GF.pdf, Vicenzi Report Dec. 2024.pdf, Vicenzi report gluten free 10-12-24.pdf, LOC.pdf","OU israel, Israel",convert.png | convert.png,Yes,7/1/2025,31/3/2025,"כשר פרווה אפיית ישראל 
בהשגחת הרבנות 
OU 
ארה""ב ובאישור הרבנות הראשית לישראל
",Dairy,Afiyat Israel (Baking) ,No,Standard,Approved,"By SmartSuite Automation on 11 Nov, 2024","By Operation Manager on 23 Jan, 2025",,84,84 days remaining,Has Kosher,,100,"Cookies from Vicenzi, Shufersal- Vicenzi, Italy, 19 Jan, 2025",#135
"Kosher: 000092 - Ladyfingers ""Shufersal"" 200g [Vicenzi, Italy][Shufersal]",0,Shufersal,"Vicenzi, Italy","000092 - Ladyfingers ""Shufersal"" 200g [Vicenzi, Italy][Shufersal]","Cookies from Vicenzi, Shufersal- Vicenzi, Italy",Italy,Vicenzi report shufersal 0565.pdf,"הרב יצחק בעלינאוו, Italy",convert.png,Yes,24/3/2025,25/2/2025,Kosher writings need to be approved by the Israeli chief rabbinate ,,Afiyat Israel (Baking) ,No,Standard,Approved,"By Operation Manager on 24 Mar, 2025","By Operation Manager on 24 Mar, 2025",,118,118 days remaining,Has Kosher,,100,"Cookies from Vicenzi, Shufersal- Vicenzi, Italy, 19 Jan, 2025",#232
"Kosher: 000348 - Parsnip sweet potato&beetroot chips 85gr [Viube/Grupo Apex/ Mikso, Spain][Shufersal]000350 - orange sweet potato&purple sweet chips85 [Viube/Grupo Apex/ Mikso, Spain][Shufersal]000351 - striped beetroot&white potato chips 85gr [Viube/Grupo Apex/ Mikso, Spain][Shufersal]",0,Shufersal,"Viube/Grupo Apex/ Mikso, Spain","000348 - Parsnip sweet potato&beetroot chips 85gr [Viube/Grupo Apex/ Mikso, Spain][Shufersal], 000350 - orange sweet potato&purple sweet chips85 [Viube/Grupo Apex/ Mikso, Spain][Shufersal], 000351 - striped beetroot&white potato chips 85gr [Viube/Grupo Apex/ Mikso, Spain][Shufersal]","Vegetable chips 85gr, Shufersal- Viube/Grupo Apex/ Mikso, Spain",Spain,KOVIUBE-5176103814 (1).pdf,"Kosher-Maor, Israel",convert.png,Yes,30/9/2023,30/9/2024," כשר בהשגחת הרבנות הראשית לישראל
 ובהשגחת מאור הכשרות 
כשר פרווה",Parve (Non- Dairy),,No,Standard,Approved,"By SmartSuite Automation on 13 Nov, 2024","By Operation Manager on 22 Jan, 2025",KOVIUBE-5176103814,266,266 days remaining,Has Kosher,,100,"Vegetable chips 85gr, Shufersal- Viube/Grupo Apex/ Mikso, Spain, 19 Jan, 2025",#173
