Title,Open Comments,Product,Date,Incoterms,Currency,Auto Number,Description,First Created,Last Updated,Unit price (Purchase/Base price) $/€
__10/12/2024,0,,10/12/2024,EXW (Ex Works),Euro,#023,,"By SmartSuite Automation on 10 Dec, 2024","By Udi Stryk on 17 Jan, 2025",
__10/12/2024,0,,10/12/2024,EXW (Ex Works),Euro,#027,,"By SmartSuite Automation on 10 Dec, 2024","By Udi Stryk on 10 Dec, 2024",
__10/12/2024,0,,10/12/2024,FOB (Free On Board),Euro,#074,,"By SmartSuite Automation on 10 Dec, 2024","By Udi Stryk on 17 Jan, 2025",
__10/12/2024,0,,10/12/2024,FOB (Free On Board),Euro,#085,,"By SmartSuite Automation on 10 Dec, 2024","By Success Management on 16 Jan, 2025",
__10/12/2024,0,,10/12/2024,EXW (Ex Works),Euro,#106,,"By SmartSuite Automation on 10 Dec, 2024","By Udi Stryk on 10 Dec, 2024",
__10/12/2024,0,,10/12/2024,,Euro,#110,,"By SmartSuite Automation on 10 Dec, 2024","By Udi Stryk on 10 Dec, 2024",
__10/12/2024,0,,10/12/2024,EXW (Ex Works),Euro,#135,,"By SmartSuite Automation on 10 Dec, 2024","By Udi Stryk on 17 Jan, 2025",
__17/2/2025,0,,17/2/2025,FOB (Free On Board),Euro,#156,sweetcorn supersweet kernel no cutting size,"By Operation Manager on 17 Feb, 2025","By Operation Manager on 17 Feb, 2025",
__17/2/2025,0,,17/2/2025,FOB (Free On Board),Euro,#161,"Ardo broccolimix 4x2,5kg","By Operation Manager on 17 Feb, 2025","By Operation Manager on 17 Feb, 2025",1.42
__22/2/2025,0,,22/2/2025,FCA (Free Carrier),Euro,#194,Sunflower oil,"By Operation Manager on 22 Feb, 2025","By Operation Manager on 22 Feb, 2025",6.75
__27/2/2025,0,,27/2/2025,FOB (Free On Board),USD,#207,750 ml. Olive oil - mueloliva,"By Operation Manager on 27 Feb, 2025","By Operation Manager on 27 Feb, 2025",3.87
__27/2/2025,0,,27/2/2025,FOB (Free On Board),USD,#208,750 ml. Olive oil - mueloliva,"By Operation Manager on 27 Feb, 2025","By Operation Manager on 27 Feb, 2025",4.08
__22/4/2025,0,,22/4/2025,FOB (Free On Board),Euro,#232,"Munchies- Rice Crackers & Nut Mix 
","By Operation Manager on 22 Apr, 2025","By Operation Manager on 22 Apr, 2025",2.88
__22/4/2025,0,,22/4/2025,FOB (Free On Board),USD,#233,"Coated Peanuts Mix 10 kg
","By Operation Manager on 22 Apr, 2025","By Operation Manager on 22 Apr, 2025",2.88
"000018 - CHOCOLATE CREAM FILLED COOKIES 150 GR
 [Vicenzi, Italy][Shufersal]__10/12/2024",0,"000018 - CHOCOLATE CREAM FILLED COOKIES 150 GR
 [Vicenzi, Italy][Shufersal]",10/12/2024,FOB (Free On Board),Euro,#041,,"By SmartSuite Automation on 10 Dec, 2024","By Udi Stryk on 10 Dec, 2024",
"000019 - HAZELNUT CREAM FILLED COOKIES 150 GR [Vicenzi, Italy][Shufersal]__10/12/2024",0,"000019 - HAZELNUT CREAM FILLED COOKIES 150 GR [Vicenzi, Italy][Shufersal]",10/12/2024,FOB (Free On Board),Euro,#118,,"By SmartSuite Automation on 10 Dec, 2024","By Udi Stryk on 10 Dec, 2024",
"000020 - Gluten free cookies chocolate filled [Vicenzi, Italy][Shufersal]__10/12/2024",0,"000020 - Gluten free cookies chocolate filled [Vicenzi, Italy][Shufersal]",10/12/2024,FOB (Free On Board),Euro,#083,,"By SmartSuite Automation on 10 Dec, 2024","By Udi Stryk on 10 Dec, 2024",
"000021 - Gluten free cookies lemon filled [Vicenzi, Italy][Shufersal]__10/12/2024",0,"000021 - Gluten free cookies lemon filled [Vicenzi, Italy][Shufersal]",10/12/2024,FOB (Free On Board),Euro,#097,,"By SmartSuite Automation on 10 Dec, 2024","By Success Management on 3 Apr, 2025",1.22
"000022 - Gluten Free BISCUITS 125 G [Vicenzi, Italy][Shufersal]__10/12/2024",0,"000022 - Gluten Free BISCUITS 125 G [Vicenzi, Italy][Shufersal]",10/12/2024,FOB (Free On Board),Euro,#017,,"By SmartSuite Automation on 10 Dec, 2024","By Udi Stryk on 10 Dec, 2024",
"000023 - PRESERVED LEMON JUICE 500 ML. [Polenghi, Italy][Ta'aman]__10/12/2024",0,"000023 - PRESERVED LEMON JUICE 500 ML. [Polenghi, Italy][Ta'aman]",10/12/2024,FOB (Free On Board),Euro,#129,,"By SmartSuite Automation on 10 Dec, 2024","By Success Management on 23 Mar, 2025",
"000024 - Natural Lemon Juice 250ml. [Polenghi, Italy][Ta'aman]__10/12/2024",0,"000024 - Natural Lemon Juice 250ml. [Polenghi, Italy][Ta'aman]",10/12/2024,EXW (Ex Works),Euro,#102,,"By SmartSuite Automation on 10 Dec, 2024","By Udi Stryk on 10 Dec, 2024",
"000025 - PRESERVED LEMON JUICE 200 ML [Polenghi, Italy][Ta'aman]__10/12/2024",0,"000025 - PRESERVED LEMON JUICE 200 ML [Polenghi, Italy][Ta'aman]",10/12/2024,FOB (Free On Board),Euro,#048,,"By SmartSuite Automation on 10 Dec, 2024","By Udi Stryk on 10 Dec, 2024",
"000026 - penne gluten free 400 gr [Pastificio Mennucci S.P.A, Italy][Shufersal]__10/12/2024",0,"000026 - penne gluten free 400 gr [Pastificio Mennucci S.P.A, Italy][Shufersal]",10/12/2024,EXW (Ex Works),Euro,#038,,"By SmartSuite Automation on 10 Dec, 2024","By Success Management on 3 Mar, 2025",0.89
"000027 - Gluten free spaghetti [Pastificio Mennucci S.P.A, Italy][]__17/2/2025",0,"000027 - Gluten free spaghetti [Pastificio Mennucci S.P.A, Italy][]",17/2/2025,EXW (Ex Works),Euro,#059,,"By SmartSuite Automation on 10 Dec, 2024","By Success Management on 3 Mar, 2025",0.89
"000028 - Gluten free fusilli [Pastificio Mennucci S.P.A, Italy][]__17/2/2025",0,"000028 - Gluten free fusilli [Pastificio Mennucci S.P.A, Italy][]",17/2/2025,EXW (Ex Works),Euro,#012,,"By SmartSuite Automation on 10 Dec, 2024","By Success Management on 3 Mar, 2025",0.89
"000031 - Sultana raisins, Organic 250 gr, Shufersal [Ozgur, Turkey][Shufersal]__10/12/2024",0,"000031 - Sultana raisins, Organic 250 gr, Shufersal [Ozgur, Turkey][Shufersal]",10/12/2024,FOB (Free On Board),Euro,#134,,"By SmartSuite Automation on 10 Dec, 2024","By Udi Stryk on 10 Dec, 2024",
"000032 - EXTRA FINE GARDEN PEAS EK1(600G) [Ardo, Belgium][Shufersal]__10/12/2024",0,"000032 - EXTRA FINE GARDEN PEAS EK1(600G) [Ardo, Belgium][Shufersal]",10/12/2024,FOB (Free On Board),Euro,#033,,"By SmartSuite Automation on 10 Dec, 2024","By Udi Stryk on 10 Dec, 2024",
"000033 - EXTRA FINE GREEN BEANS BH1(600G) [Ardo, Belgium][Shufersal]__10/12/2024",0,"000033 - EXTRA FINE GREEN BEANS BH1(600G) [Ardo, Belgium][Shufersal]",10/12/2024,FOB (Free On Board),Euro,#116,,"By SmartSuite Automation on 10 Dec, 2024","By Udi Stryk on 10 Dec, 2024",
"000035 - CUT GREEN BEANS BG4(800G) [Ardo, Belgium][Shufersal]__10/12/2024",0,"000035 - CUT GREEN BEANS BG4(800G) [Ardo, Belgium][Shufersal]",10/12/2024,FOB (Free On Board),Euro,#060,,"By SmartSuite Automation on 10 Dec, 2024","By Udi Stryk on 10 Dec, 2024",
"000039 - wafer cubes hazel nuts 250 gr [Balconi, Italy][Shufersal]__10/12/2024",0,"000039 - wafer cubes hazel nuts 250 gr [Balconi, Italy][Shufersal]",10/12/2024,FOB (Free On Board),Euro,#101,,"By SmartSuite Automation on 10 Dec, 2024","By Udi Stryk on 10 Dec, 2024",
"000040 - wafer cubes chocolate 250 gr [Balconi, Italy][Shufersal]__10/12/2024",0,"000040 - wafer cubes chocolate 250 gr [Balconi, Italy][Shufersal]",10/12/2024,FOB (Free On Board),Euro,#029,,"By SmartSuite Automation on 10 Dec, 2024","By Udi Stryk on 10 Dec, 2024",
"000042 - Finely Chopped Tomatoes 3x400 [La Doria, Italy][Shufersal]__10/12/2024",0,"000042 - Finely Chopped Tomatoes 3x400 [La Doria, Italy][Shufersal]",10/12/2024,FOB (Free On Board),Euro,#064,,"By SmartSuite Automation on 10 Dec, 2024","By Udi Stryk on 10 Dec, 2024",
"000054 - GREEN PEAS [Ardo, Belgium][Shufersal]__10/12/2024",0,"000054 - GREEN PEAS [Ardo, Belgium][Shufersal]",10/12/2024,FOB (Free On Board),Euro,#120,,"By SmartSuite Automation on 10 Dec, 2024","By Udi Stryk on 10 Dec, 2024",
"000057 - MIX PEAS AND CARROT [Ardo, Belgium][Shufersal]__10/12/2024",0,"000057 - MIX PEAS AND CARROT [Ardo, Belgium][Shufersal]",10/12/2024,FOB (Free On Board),Euro,#111,,"By SmartSuite Automation on 10 Dec, 2024","By Udi Stryk on 10 Dec, 2024",
"000059 - REGUIAR GREEN BEANS BH3(800G) [Ardo, Belgium][Shufersal]__10/12/2024",0,"000059 - REGUIAR GREEN BEANS BH3(800G) [Ardo, Belgium][Shufersal]",10/12/2024,FOB (Free On Board),Euro,#032,,"By SmartSuite Automation on 10 Dec, 2024","By Udi Stryk on 10 Dec, 2024",
"000060 - organic chestnuts [Maas Intersales, Netherlands][Shufersal]__10/12/2024",0,"000060 - organic chestnuts [Maas Intersales, Netherlands][Shufersal]",10/12/2024,FOB (Free On Board),USD,#035,,"By SmartSuite Automation on 10 Dec, 2024","By Udi Stryk on 10 Dec, 2024",
"000068 - tomatoes
  gnocchi 500gr [Ciemme, Italy][Shufersal]__10/12/2024",0,"000068 - tomatoes
  gnocchi 500gr [Ciemme, Italy][Shufersal]",10/12/2024,EXW (Ex Works),Euro,#130,,"By SmartSuite Automation on 10 Dec, 2024","By Udi Stryk on 10 Dec, 2024",
"000069 - spinach
  gnocchi 500gr [Ciemme, Italy][Shufersal]__10/12/2024",0,"000069 - spinach
  gnocchi 500gr [Ciemme, Italy][Shufersal]",10/12/2024,EXW (Ex Works),Euro,#119,,"By SmartSuite Automation on 10 Dec, 2024","By Udi Stryk on 10 Dec, 2024",
"000071 - mini
  potato gnocchi 500gr [Ciemme, Italy][Shufersal]__10/12/2024",0,"000071 - mini
  potato gnocchi 500gr [Ciemme, Italy][Shufersal]",10/12/2024,EXW (Ex Works),Euro,#026,,"By SmartSuite Automation on 10 Dec, 2024","By Udi Stryk on 10 Dec, 2024",
"000074 - MUNCHIES SPICY RICE AND PEANUTS 400GR [Maas Intersales, Netherlands][Shufersal]__10/12/2024",0,"000074 - MUNCHIES SPICY RICE AND PEANUTS 400GR [Maas Intersales, Netherlands][Shufersal]",10/12/2024,FOB (Free On Board),USD,#024,,"By SmartSuite Automation on 10 Dec, 2024","By Udi Stryk on 10 Dec, 2024",
"000075 - MUNCHIES SPICY RICE AND PEANUTS 200GR [Maas Intersales, Netherlands][Shufersal]__10/12/2024",0,"000075 - MUNCHIES SPICY RICE AND PEANUTS 200GR [Maas Intersales, Netherlands][Shufersal]",10/12/2024,FOB (Free On Board),USD,#010,,"By SmartSuite Automation on 10 Dec, 2024","By Udi Stryk on 10 Dec, 2024",
"000076 - Gluten-free gnocchi, 500 gr (KOSHER FOR PASSOVER) [Ciemme, Italy][Shufersal]__10/12/2024",0,"000076 - Gluten-free gnocchi, 500 gr (KOSHER FOR PASSOVER) [Ciemme, Italy][Shufersal]",10/12/2024,EXW (Ex Works),Euro,#015,,"By SmartSuite Automation on 10 Dec, 2024","By Success Management on 17 Jun, 2025",1.01
"000078 - sfogliette pizza 180 gr [EuroSnacks/ FornoDamiani, Italy][Shufersal]__10/12/2024",0,"000078 - sfogliette pizza 180 gr [EuroSnacks/ FornoDamiani, Italy][Shufersal]",10/12/2024,FOB (Free On Board),Euro,#076,,"By SmartSuite Automation on 10 Dec, 2024","By Udi Stryk on 10 Dec, 2024",
"000079 - sfogliette
  with olives 180 gr [EuroSnacks/ FornoDamiani, Italy][Shufersal]__10/12/2024",0,"000079 - sfogliette
  with olives 180 gr [EuroSnacks/ FornoDamiani, Italy][Shufersal]",10/12/2024,FOB (Free On Board),Euro,#068,,"By SmartSuite Automation on 10 Dec, 2024","By Udi Stryk on 10 Dec, 2024",
"000081 - 750ML EXTRA VIRGIN OLIVE OIL [Mueloliva , Spain][Marav Mazonkol (Osher Ad)]__10/12/2024",0,"000081 - 750ML EXTRA VIRGIN OLIVE OIL [Mueloliva , Spain][Marav Mazonkol (Osher Ad)]",10/12/2024,FOB (Free On Board),Euro,#051,,"By SmartSuite Automation on 10 Dec, 2024","By Success Management on 24 Feb, 2025",5.92
"000085 - Dutch Butter Cookies [Daelmans, Netherlands][Shufersal]__10/12/2024",0,"000085 - Dutch Butter Cookies [Daelmans, Netherlands][Shufersal]",10/12/2024,FOB (Free On Board),Euro,#011,,"By SmartSuite Automation on 10 Dec, 2024","By Udi Stryk on 10 Dec, 2024",
"000086 - Dutch Caramel Wafers [Daelmans, Netherlands][Shufersal]__10/12/2024",0,"000086 - Dutch Caramel Wafers [Daelmans, Netherlands][Shufersal]",10/12/2024,FOB (Free On Board),Euro,#094,,"By SmartSuite Automation on 10 Dec, 2024","By Udi Stryk on 10 Dec, 2024",
"000088 - SFOGLIETTE ROSEMARY [EuroSnacks/ FornoDamiani, Italy][Shufersal]__10/12/2024",0,"000088 - SFOGLIETTE ROSEMARY [EuroSnacks/ FornoDamiani, Italy][Shufersal]",10/12/2024,FOB (Free On Board),Euro,#031,,"By SmartSuite Automation on 10 Dec, 2024","By Udi Stryk on 10 Dec, 2024",
"000089 - Dark Chocolate 72% Sugar-Free [Icam, Italy][Shufersal]__10/12/2024",0,"000089 - Dark Chocolate 72% Sugar-Free [Icam, Italy][Shufersal]",10/12/2024,FCA (Free Carrier),Euro,#087,,"By SmartSuite Automation on 10 Dec, 2024","By Operation Manager on 7 Apr, 2025",1.168
"000090 - Milk Chocolate 32% Sugar-Free with Hazelnuts [Icam, Italy][Shufersal]__10/12/2024",0,"000090 - Milk Chocolate 32% Sugar-Free with Hazelnuts [Icam, Italy][Shufersal]",10/12/2024,FCA (Free Carrier),Euro,#139,,"By SmartSuite Automation on 10 Dec, 2024","By Operation Manager on 7 Apr, 2025",1.463
"000091 - Milk Chocolate 32% Sugar-Free [Icam, Italy][Shufersal]__10/12/2024",0,"000091 - Milk Chocolate 32% Sugar-Free [Icam, Italy][Shufersal]",10/12/2024,FCA (Free Carrier),Euro,#099,,"By SmartSuite Automation on 10 Dec, 2024","By Operation Manager on 7 Apr, 2025",1.115
"000092 - Ladyfingers ""Shufersal"" 200g [Vicenzi, Italy][Shufersal]__10/12/2024",0,"000092 - Ladyfingers ""Shufersal"" 200g [Vicenzi, Italy][Shufersal]",10/12/2024,FOB (Free On Board),Euro,#044,,"By SmartSuite Automation on 10 Dec, 2024","By Udi Stryk on 10 Dec, 2024",
"000093 - CORNFLAKES SHUFERSAL 750 GR. [Crispy food, Denmark][Shufersal]__10/12/2024",0,"000093 - CORNFLAKES SHUFERSAL 750 GR. [Crispy food, Denmark][Shufersal]",10/12/2024,FOB (Free On Board),Euro,#042,,"By SmartSuite Automation on 10 Dec, 2024","By Udi Stryk on 10 Dec, 2024",
"000094 - striped beetroot&white potato chips 85gr(KOSHER FOR PASSOVER) [Viube/Grupo Apex/ Mikso, Spain][Shufersal]__10/12/2024",0,"000094 - striped beetroot&white potato chips 85gr(KOSHER FOR PASSOVER) [Viube/Grupo Apex/ Mikso, Spain][Shufersal]",10/12/2024,EXW (Ex Works),Euro,#040,,"By SmartSuite Automation on 10 Dec, 2024","By Udi Stryk on 10 Dec, 2024",
"000095 - orange sweet potato&purple sweet chips85(KOSHER FOR PASSOVER) [Viube/Grupo Apex/ Mikso, Spain][Shufersal]__10/12/2024",0,"000095 - orange sweet potato&purple sweet chips85(KOSHER FOR PASSOVER) [Viube/Grupo Apex/ Mikso, Spain][Shufersal]",10/12/2024,EXW (Ex Works),Euro,#090,,"By SmartSuite Automation on 10 Dec, 2024","By Udi Stryk on 10 Dec, 2024",
"000097 - TOMATO PASTA SAUCE BASE FOR BOLOGNSE [La Doria, Italy][Shufersal]__10/12/2024",0,"000097 - TOMATO PASTA SAUCE BASE FOR BOLOGNSE [La Doria, Italy][Shufersal]",10/12/2024,FOB (Free On Board),Euro,#095,,"By SmartSuite Automation on 10 Dec, 2024","By Operation Manager on 8 Apr, 2025",0.82
"000098 - Neapolitan sauce 350 gr [La Doria, Italy][Shufersal]__10/12/2024",0,"000098 - Neapolitan sauce 350 gr [La Doria, Italy][Shufersal]",10/12/2024,FOB (Free On Board),Euro,#054,,"By SmartSuite Automation on 10 Dec, 2024","By Operation Manager on 8 Apr, 2025",0.82
"000099 - gnocchi tri-color gluten-free 400(KOSHER FOR PASSOVER) [Ciemme, Italy][Shufersal]__10/12/2024",0,"000099 - gnocchi tri-color gluten-free 400(KOSHER FOR PASSOVER) [Ciemme, Italy][Shufersal]",10/12/2024,EXW (Ex Works),Euro,#025,,"By SmartSuite Automation on 10 Dec, 2024","By Udi Stryk on 10 Dec, 2024",
"000100 - double cookey gluten free / Green Sandwich Cookie [Coppenrath Feingebäck GmbH, Germany][Shufersal]__10/12/2024",0,"000100 - double cookey gluten free / Green Sandwich Cookie [Coppenrath Feingebäck GmbH, Germany][Shufersal]",10/12/2024,FOB (Free On Board),Euro,#109,,"By SmartSuite Automation on 10 Dec, 2024","By Udi Stryk on 10 Dec, 2024",
"000100 - double cookey gluten free / Green Sandwich Cookie [Coppenrath Feingebäck GmbH, Germany][Shufersal]__27/4/2025",0,"000100 - double cookey gluten free / Green Sandwich Cookie [Coppenrath Feingebäck GmbH, Germany][Shufersal]",27/4/2025,FOB (Free On Board),Euro,#234,double cookey gluten free,"By Success Management on 8 May, 2025","By Success Management on 8 May, 2025",1.65
"000101 - Potato gnocchi 500gr [Ciemme, Italy][Shufersal]__10/12/2024",0,"000101 - Potato gnocchi 500gr [Ciemme, Italy][Shufersal]",10/12/2024,EXW (Ex Works),,#077,,"By SmartSuite Automation on 10 Dec, 2024","By Udi Stryk on 10 Dec, 2024",
"000102 - Parsnip sweet potato&beetroot chips 85gr(KOSHER FOR PASSOVER) [Viube/Grupo Apex/ Mikso, Spain][Shufersal]__10/12/2024",0,"000102 - Parsnip sweet potato&beetroot chips 85gr(KOSHER FOR PASSOVER) [Viube/Grupo Apex/ Mikso, Spain][Shufersal]",10/12/2024,EXW (Ex Works),Euro,#045,,"By SmartSuite Automation on 10 Dec, 2024","By Udi Stryk on 10 Dec, 2024",
"000104 - wafers no added sugar 21.5g*3 [Helwa, Netherlands][Shufersal]__10/12/2024",0,"000104 - wafers no added sugar 21.5g*3 [Helwa, Netherlands][Shufersal]",10/12/2024,FOB (Free On Board),Euro,#108,,"By SmartSuite Automation on 10 Dec, 2024","By Udi Stryk on 10 Dec, 2024",
"000105 - No added sugar, 150 gr. Chocolate wafer [Helwa, Netherlands][Shufersal]__10/12/2024",0,"000105 - No added sugar, 150 gr. Chocolate wafer [Helwa, Netherlands][Shufersal]",10/12/2024,FOB (Free On Board),Euro,#103,,"By SmartSuite Automation on 10 Dec, 2024","By Udi Stryk on 10 Dec, 2024",
"000106 - TOMATO PASTA SAUCE WITH BASILICO 350 G [La Doria, Italy][Shufersal]__10/12/2024",0,"000106 - TOMATO PASTA SAUCE WITH BASILICO 350 G [La Doria, Italy][Shufersal]",10/12/2024,FOB (Free On Board),Euro,#058,,"By SmartSuite Automation on 10 Dec, 2024","By Operation Manager on 8 Apr, 2025",0.82
"000107 - TOMATO PASTA SAUCE GARLIC 350 GR. [La Doria, Italy][Shufersal]__10/12/2024",0,"000107 - TOMATO PASTA SAUCE GARLIC 350 GR. [La Doria, Italy][Shufersal]",10/12/2024,FOB (Free On Board),Euro,#084,,"By SmartSuite Automation on 10 Dec, 2024","By Operation Manager on 8 Apr, 2025",0.82
"000136 - TORTILLA
  CHIPS ""PAQUITA"" 50 gr [Pata S.P.A, Italy][Schestowitz]__10/12/2024",0,"000136 - TORTILLA
  CHIPS ""PAQUITA"" 50 gr [Pata S.P.A, Italy][Schestowitz]",10/12/2024,EXW (Ex Works),Euro,#078,,"By SmartSuite Automation on 10 Dec, 2024","By Success Management on 9 Jan, 2025",0.255
"000137 - CORN CHIPS
  ""PAQUITA"" 50 gr [Pata S.P.A, Italy][Schestowitz]__10/12/2024",0,"000137 - CORN CHIPS
  ""PAQUITA"" 50 gr [Pata S.P.A, Italy][Schestowitz]",10/12/2024,EXW (Ex Works),Euro,#018,,"By SmartSuite Automation on 10 Dec, 2024","By Udi Stryk on 10 Dec, 2024",
"000138 - RIPPLED
  CHIPS (GRIGLIATA) 50 gr [Pata S.P.A, Italy][Schestowitz]__10/12/2024",0,"000138 - RIPPLED
  CHIPS (GRIGLIATA) 50 gr [Pata S.P.A, Italy][Schestowitz]",10/12/2024,EXW (Ex Works),Euro,#092,,"By SmartSuite Automation on 10 Dec, 2024","By Udi Stryk on 10 Dec, 2024",
"000139 - Law Fat and Clories chips [Pata S.P.A, Italy][Schestowitz]__10/12/2024",0,"000139 - Law Fat and Clories chips [Pata S.P.A, Italy][Schestowitz]",10/12/2024,EXW (Ex Works),Euro,#046,,"By SmartSuite Automation on 10 Dec, 2024","By Udi Stryk on 10 Dec, 2024",
"000140 - CORN CHIPS ""PAQUITA"" 200 gr., White corn flour [Pata S.P.A, Italy][Schestowitz]__10/12/2024",0,"000140 - CORN CHIPS ""PAQUITA"" 200 gr., White corn flour [Pata S.P.A, Italy][Schestowitz]",10/12/2024,EXW (Ex Works),Euro,#047,,"By SmartSuite Automation on 10 Dec, 2024","By Udi Stryk on 10 Dec, 2024",
"000142 - Wafers 250g Hazelnut [Crich, Italy][Shufersal]__10/12/2024",0,"000142 - Wafers 250g Hazelnut [Crich, Italy][Shufersal]",10/12/2024,,,#138,,"By SmartSuite Automation on 10 Dec, 2024","By Udi Stryk on 10 Dec, 2024",
"000143 - Wafers 250g cocoa
 [Crich, Italy][Shufersal]__10/12/2024",0,"000143 - Wafers 250g cocoa
 [Crich, Italy][Shufersal]",10/12/2024,,,#014,,"By SmartSuite Automation on 10 Dec, 2024","By Udi Stryk on 10 Dec, 2024",
"000144 - Wafers 250g Vanilla [Crich, Italy][Shufersal]__10/12/2024",0,"000144 - Wafers 250g Vanilla [Crich, Italy][Shufersal]",10/12/2024,,Euro,#086,,"By SmartSuite Automation on 10 Dec, 2024","By Udi Stryk on 10 Dec, 2024",
"000227 - Sfornatini 140g [La Mole, Italy][Shufersal]__10/12/2024",0,"000227 - Sfornatini 140g [La Mole, Italy][Shufersal]",10/12/2024,,,#105,,"By SmartSuite Automation on 10 Dec, 2024","By Udi Stryk on 10 Dec, 2024",
"000228 - Pita Chips (Natural, Pizza, Paprika, Garlic, Herbs) [La Mole, Italy][Shufersal]__10/12/2024",0,"000228 - Pita Chips (Natural, Pizza, Paprika, Garlic, Herbs) [La Mole, Italy][Shufersal]",10/12/2024,,Euro,#069,,"By SmartSuite Automation on 10 Dec, 2024","By Udi Stryk on 10 Dec, 2024",
"000229 - Flavored coated peanuts [Maas Intersales, Netherlands][Leiman Schlussel Ltd]__10/12/2024",0,"000229 - Flavored coated peanuts [Maas Intersales, Netherlands][Leiman Schlussel Ltd]",10/12/2024,FOB (Free On Board),USD,#098,,"By SmartSuite Automation on 10 Dec, 2024","By Udi Stryk on 10 Dec, 2024",
"000230 - CHIPS
  SALTED 50 gr [Pata S.P.A, Italy][Schestowitz]__10/12/2024",0,"000230 - CHIPS
  SALTED 50 gr [Pata S.P.A, Italy][Schestowitz]",10/12/2024,EXW (Ex Works),Euro,#022,,"By SmartSuite Automation on 10 Dec, 2024","By Udi Stryk on 10 Dec, 2024",
"000231 - Organic frozen corn kernels 800 g Harduf [GreenYard, Belgium][Harduf - All Organics]__10/12/2024",0,"000231 - Organic frozen corn kernels 800 g Harduf [GreenYard, Belgium][Harduf - All Organics]",10/12/2024,FOB (Free On Board),Euro,#057,,"By SmartSuite Automation on 10 Dec, 2024","By Udi Stryk on 10 Dec, 2024",
"000232 - Organic Frozen Fine Peas Harduf 800 grams [GreenYard, Belgium][Harduf - All Organics]__10/12/2024",0,"000232 - Organic Frozen Fine Peas Harduf 800 grams [GreenYard, Belgium][Harduf - All Organics]",10/12/2024,FOB (Free On Board),Euro,#070,,"By SmartSuite Automation on 10 Dec, 2024","By Udi Stryk on 10 Dec, 2024",
"000233 - Organic frozen whole beans, Harduf 800 grams [GreenYard, Belgium][Harduf - All Organics]__10/12/2024",0,"000233 - Organic frozen whole beans, Harduf 800 grams [GreenYard, Belgium][Harduf - All Organics]",10/12/2024,FOB (Free On Board),Euro,#100,,"By SmartSuite Automation on 10 Dec, 2024","By Udi Stryk on 10 Dec, 2024",
"000234 - Organic frozen vegetable mix, Harduf 800 grams [GreenYard, Belgium][Harduf - All Organics]__10/12/2024",0,"000234 - Organic frozen vegetable mix, Harduf 800 grams [GreenYard, Belgium][Harduf - All Organics]",10/12/2024,FOB (Free On Board),Euro,#053,,"By SmartSuite Automation on 10 Dec, 2024","By Udi Stryk on 10 Dec, 2024",
"000235 - Canned sweet corn kernels, 340 gr. [DAF-AL S.r.l. , Italy][]__10/12/2024",0,"000235 - Canned sweet corn kernels, 340 gr. [DAF-AL S.r.l. , Italy][]",10/12/2024,,Euro,#062,,"By SmartSuite Automation on 10 Dec, 2024","By Udi Stryk on 10 Dec, 2024",
"000236 - Organic whole chickpeas, 400 gr. [DAF-AL S.r.l. , Italy][]__10/12/2024",0,"000236 - Organic whole chickpeas, 400 gr. [DAF-AL S.r.l. , Italy][]",10/12/2024,,Euro,#122,,"By SmartSuite Automation on 10 Dec, 2024","By Udi Stryk on 10 Dec, 2024",
"000237 - Organic pea preserves 340 grams Harduf [DAF-AL S.r.l. , Italy][]__10/12/2024",0,"000237 - Organic pea preserves 340 grams Harduf [DAF-AL S.r.l. , Italy][]",10/12/2024,,Euro,#132,,"By SmartSuite Automation on 10 Dec, 2024","By Udi Stryk on 10 Dec, 2024",
"000238 - Sunny Fruit organic apricots 250g [K.F.C. GIDA A.Ş., Turkey][]__10/12/2024",0,"000238 - Sunny Fruit organic apricots 250g [K.F.C. GIDA A.Ş., Turkey][]",10/12/2024,,Euro,#089,,"By SmartSuite Automation on 10 Dec, 2024","By Udi Stryk on 10 Dec, 2024",
"000239 - Corn, whole rice, and buckwheat crispy snack 60 grams Harduf [Castelfood srl, Italy][Harduf - All Organics]__10/12/2024",0,"000239 - Corn, whole rice, and buckwheat crispy snack 60 grams Harduf [Castelfood srl, Italy][Harduf - All Organics]",10/12/2024,FOB (Free On Board),Euro,#039,,"By SmartSuite Automation on 10 Dec, 2024","By Udi Stryk on 10 Dec, 2024",
"000239 - Corn, whole rice, and buckwheat crispy snack 60 grams Harduf [Castelfood srl, Italy][Harduf - All Organics]__19/1/2025",0,"000239 - Corn, whole rice, and buckwheat crispy snack 60 grams Harduf [Castelfood srl, Italy][Harduf - All Organics]",19/1/2025,FOB (Free On Board),Euro,#150,,"By Operation Manager on 19 Jan, 2025","By Operation Manager on 19 Jan, 2025",
"000243 - Whole rice and pea crisp snack [Castelfood srl, Italy][Harduf - All Organics]__10/12/2024",0,"000243 - Whole rice and pea crisp snack [Castelfood srl, Italy][Harduf - All Organics]",10/12/2024,FOB (Free On Board),Euro,#104,,"By SmartSuite Automation on 10 Dec, 2024","By Udi Stryk on 10 Dec, 2024",
"000244 - Organic corn and black rice snack [Castelfood srl, Italy][Harduf - All Organics]__10/12/2024",0,"000244 - Organic corn and black rice snack [Castelfood srl, Italy][Harduf - All Organics]",10/12/2024,FOB (Free On Board),Euro,#133,,"By SmartSuite Automation on 10 Dec, 2024","By Udi Stryk on 10 Dec, 2024",
"000245 - Red Lentil and Organic Black Rice Snack [Castelfood srl, Italy][Harduf - All Organics]__10/12/2024",0,"000245 - Red Lentil and Organic Black Rice Snack [Castelfood srl, Italy][Harduf - All Organics]",10/12/2024,FOB (Free On Board),Euro,#067,,"By SmartSuite Automation on 10 Dec, 2024","By Udi Stryk on 10 Dec, 2024",
"000246 - Organic corn and buckwheat snack [Castelfood srl, Italy][Harduf - All Organics]__10/12/2024",0,"000246 - Organic corn and buckwheat snack [Castelfood srl, Italy][Harduf - All Organics]",10/12/2024,FOB (Free On Board),Euro,#037,,"By SmartSuite Automation on 10 Dec, 2024","By Udi Stryk on 10 Dec, 2024",
"000247 - Corn Cakes Snack with Legumes
60 grams Harduf [Castelfood srl, Italy][Harduf - All Organics]__10/12/2024",0,"000247 - Corn Cakes Snack with Legumes
60 grams Harduf [Castelfood srl, Italy][Harduf - All Organics]",10/12/2024,FOB (Free On Board),Euro,#066,,"By SmartSuite Automation on 10 Dec, 2024","By Udi Stryk on 10 Dec, 2024",
"000248 - Organic Black Rice, 500 grams Harduf [CASCINA BELVEDERE S.R.L. , Italy][]__10/12/2024",0,"000248 - Organic Black Rice, 500 grams Harduf [CASCINA BELVEDERE S.R.L. , Italy][]",10/12/2024,,Euro,#019,,"By SmartSuite Automation on 10 Dec, 2024","By Udi Stryk on 10 Dec, 2024",
"000249 - Organic mixed rice
500 grams Harduf [CASCINA BELVEDERE S.R.L. , Italy][]__10/12/2024",0,"000249 - Organic mixed rice
500 grams Harduf [CASCINA BELVEDERE S.R.L. , Italy][]",10/12/2024,,Euro,#114,,"By SmartSuite Automation on 10 Dec, 2024","By Udi Stryk on 10 Dec, 2024",
"000250 - Organic Dried Black Cherries 100 grams  [Serena, Bulgary][Shufersal]__10/12/2024",0,"000250 - Organic Dried Black Cherries 100 grams  [Serena, Bulgary][Shufersal]",10/12/2024,FOB (Free On Board),Euro,#075,,"By SmartSuite Automation on 10 Dec, 2024","By Udi Stryk on 10 Dec, 2024",
"000251 - Organic dried plums
100 grams  [Serena, Bulgary][Shufersal]__10/12/2024",0,"000251 - Organic dried plums
100 grams  [Serena, Bulgary][Shufersal]",10/12/2024,FOB (Free On Board),Euro,#124,,"By SmartSuite Automation on 10 Dec, 2024","By Udi Stryk on 10 Dec, 2024",
"000252 - Organic Couscous, Shufersal, 500 grams [Martino, Italy][]__10/12/2024",0,"000252 - Organic Couscous, Shufersal, 500 grams [Martino, Italy][]",10/12/2024,EXW (Ex Works),Euro,#028,,"By SmartSuite Automation on 10 Dec, 2024","By Udi Stryk on 10 Dec, 2024",
"000253 - Organic whole wheat couscous 500 grams Shufersal [Martino, Italy][]__10/12/2024",0,"000253 - Organic whole wheat couscous 500 grams Shufersal [Martino, Italy][]",10/12/2024,EXW (Ex Works),Euro,#080,,"By SmartSuite Automation on 10 Dec, 2024","By Udi Stryk on 10 Dec, 2024",
"000254 - Organic mix of brown rice, peas, and lentils
500 grams Harduf [LeBonta Firenze, Italy][]__10/12/2024",0,"000254 - Organic mix of brown rice, peas, and lentils
500 grams Harduf [LeBonta Firenze, Italy][]",10/12/2024,,Euro,#115,,"By SmartSuite Automation on 10 Dec, 2024","By Udi Stryk on 10 Dec, 2024",
"000255 - Organic Mix of bulgur + red rice
500 gram Harduf [LeBonta Firenze, Italy][]__10/12/2024",0,"000255 - Organic Mix of bulgur + red rice
500 gram Harduf [LeBonta Firenze, Italy][]",10/12/2024,,Euro,#113,,"By SmartSuite Automation on 10 Dec, 2024","By Udi Stryk on 10 Dec, 2024",
"000256 - Organic Bulgur and Quinoa Mix 500 grams Harduf [LeBonta Firenze, Italy][]__10/12/2024",0,"000256 - Organic Bulgur and Quinoa Mix 500 grams Harduf [LeBonta Firenze, Italy][]",10/12/2024,,Euro,#043,,"By SmartSuite Automation on 10 Dec, 2024","By Udi Stryk on 10 Dec, 2024",
"000257 - Organic Buckwheat + Red/Brown Rice Mix 500 grams Harduf [LeBonta Firenze, Italy][]__10/12/2024",0,"000257 - Organic Buckwheat + Red/Brown Rice Mix 500 grams Harduf [LeBonta Firenze, Italy][]",10/12/2024,,Euro,#034,,"By SmartSuite Automation on 10 Dec, 2024","By Udi Stryk on 10 Dec, 2024",
"000259 - Poyraz Extra Virgin Olive Oil, Ohser- Ad [Poyraz, Turkey][Shufersal]__10/12/2024",0,"000259 - Poyraz Extra Virgin Olive Oil, Ohser- Ad [Poyraz, Turkey][Shufersal]",10/12/2024,EXW (Ex Works),USD,#091,,"By SmartSuite Automation on 10 Dec, 2024","By Success Management on 24 Feb, 2025",7
"000260 - קוסקוס בסגנון ים תיכוני - 300 גרם

 [trevijano, Spain][]__10/12/2024",0,"000260 - קוסקוס בסגנון ים תיכוני - 300 גרם

 [trevijano, Spain][]",10/12/2024,EXW (Ex Works),Euro,#061,,"By SmartSuite Automation on 10 Dec, 2024","By Udi Stryk on 10 Dec, 2024",
"000261 - ריזוטו בסגנון ים תיכוני, 300 גרם
 [trevijano, Spain][]__10/12/2024",0,"000261 - ריזוטו בסגנון ים תיכוני, 300 גרם
 [trevijano, Spain][]",10/12/2024,EXW (Ex Works),Euro,#088,,"By SmartSuite Automation on 10 Dec, 2024","By Udi Stryk on 10 Dec, 2024",
"000262 - ריזוטו טוסקנה - 280 גרם


 [trevijano, Spain][]__10/12/2024",0,"000262 - ריזוטו טוסקנה - 280 גרם


 [trevijano, Spain][]",10/12/2024,EXW (Ex Works),Euro,#063,,"By SmartSuite Automation on 10 Dec, 2024","By Udi Stryk on 10 Dec, 2024",
"000263 - קוסקוס מרוקאי - 300 גרם



 [trevijano, Spain][]__10/12/2024",0,"000263 - קוסקוס מרוקאי - 300 גרם



 [trevijano, Spain][]",10/12/2024,EXW (Ex Works),Euro,#071,,"By SmartSuite Automation on 10 Dec, 2024","By Udi Stryk on 10 Dec, 2024",
"000264 - Organic dried pitted prunes, Green brand, 250 grams,
Shufersal
 [Serena, Bulgary][Shufersal]__10/12/2024",0,"000264 - Organic dried pitted prunes, Green brand, 250 grams,
Shufersal
 [Serena, Bulgary][Shufersal]",10/12/2024,FOB (Free On Board),Euro,#065,,"By SmartSuite Automation on 10 Dec, 2024","By Udi Stryk on 10 Dec, 2024",
"000265 -  Organic Pitted Dried Black Cherries 100 grams, Shufersal [Serena, Bulgary][Shufersal]__10/12/2024",0,"000265 -  Organic Pitted Dried Black Cherries 100 grams, Shufersal [Serena, Bulgary][Shufersal]",10/12/2024,FOB (Free On Board),Euro,#121,,"By SmartSuite Automation on 10 Dec, 2024","By Udi Stryk on 10 Dec, 2024",
"000266 - Sultana raisins, Organic 500 gr. Shufersal [Ozgur, Turkey][Shufersal]__10/12/2024",0,"000266 - Sultana raisins, Organic 500 gr. Shufersal [Ozgur, Turkey][Shufersal]",10/12/2024,FOB (Free On Board),Euro,#079,,"By SmartSuite Automation on 10 Dec, 2024","By Udi Stryk on 10 Dec, 2024",
"000267 - Organic Tomato Passata Sauce, 700 gr, shufersal [fruttagel, Italy][Shufersal]__10/12/2024",0,"000267 - Organic Tomato Passata Sauce, 700 gr, shufersal [fruttagel, Italy][Shufersal]",10/12/2024,FOB (Free On Board),Euro,#126,,"By SmartSuite Automation on 10 Dec, 2024","By Udi Stryk on 10 Dec, 2024",
"000269 - Organic tomato sauce with garlic and oregano, 350 grams Shufersal
 [La Doria, Italy][Shufersal]__10/12/2024",0,"000269 - Organic tomato sauce with garlic and oregano, 350 grams Shufersal
 [La Doria, Italy][Shufersal]",10/12/2024,FOB (Free On Board),Euro,#107,,"By SmartSuite Automation on 10 Dec, 2024","By Udi Stryk on 10 Dec, 2024",
"000270 - Organic tomato sauce for pasta with green basil, 350 grams Shufersal
 [La Doria, Italy][Shufersal]__10/12/2024",0,"000270 - Organic tomato sauce for pasta with green basil, 350 grams Shufersal
 [La Doria, Italy][Shufersal]",10/12/2024,FOB (Free On Board),Euro,#123,,"By SmartSuite Automation on 10 Dec, 2024","By Udi Stryk on 10 Dec, 2024",
"000272 - Organic diced tomatoes 400 grams, Shufersal. [La Doria, Italy][Shufersal]__10/12/2024",0,"000272 - Organic diced tomatoes 400 grams, Shufersal. [La Doria, Italy][Shufersal]",10/12/2024,FOB (Free On Board),Euro,#081,,"By SmartSuite Automation on 10 Dec, 2024","By Udi Stryk on 10 Dec, 2024",
"000273 - ממרח אגוזי לוז ללא שמן דקל שופרסל 750 גרם
 [Nutkao, Italy][Ta'aman]__10/12/2024",0,"000273 - ממרח אגוזי לוז ללא שמן דקל שופרסל 750 גרם
 [Nutkao, Italy][Ta'aman]",10/12/2024,FCA (Free Carrier),Euro,#131,,"By SmartSuite Automation on 10 Dec, 2024","By Udi Stryk on 10 Dec, 2024",
"000274 - Hazelnut spread without palm oil, Shufersal, 350 grams
 [Nutkao, Italy][Ta'aman]__10/12/2024",0,"000274 - Hazelnut spread without palm oil, Shufersal, 350 grams
 [Nutkao, Italy][Ta'aman]",10/12/2024,FCA (Free Carrier),Euro,#016,,"By SmartSuite Automation on 10 Dec, 2024","By Udi Stryk on 10 Dec, 2024",
"000275 - 5L Sunflower oil [Kadoogu Yag san ve Tic As, Turkey][Shufersal]__10/12/2024",0,"000275 - 5L Sunflower oil [Kadoogu Yag san ve Tic As, Turkey][Shufersal]",10/12/2024,"CIF (Cost, Insurance, and Freight)",USD,#096,sunflower oil,"By SmartSuite Automation on 10 Dec, 2024","By Operation Manager on 24 Feb, 2025",5.35
"000276 - vanila filled cookies 150 gr [Vicenzi, Italy][Shufersal]__10/12/2024",0,"000276 - vanila filled cookies 150 gr [Vicenzi, Italy][Shufersal]",10/12/2024,,Euro,#056,,"By SmartSuite Automation on 10 Dec, 2024","By Udi Stryk on 10 Dec, 2024",
"000277 - Finely chopped tomatoes crop 2022 [Solana, Italy][ProPlus]__10/12/2024",0,"000277 - Finely chopped tomatoes crop 2022 [Solana, Italy][ProPlus]",10/12/2024,EXW (Ex Works),Euro,#128,,"By SmartSuite Automation on 10 Dec, 2024","By Udi Stryk on 10 Dec, 2024",
"000278 - Chocolate Eggs 3*60 gr. cluster packaging  [Chocolitaly , Italy][Yochananof]__10/12/2024",0,"000278 - Chocolate Eggs 3*60 gr. cluster packaging  [Chocolitaly , Italy][Yochananof]",10/12/2024,FOB (Free On Board),Euro,#049,,"By SmartSuite Automation on 10 Dec, 2024","By Udi Stryk on 15 Jan, 2025",
"000279 - Refined Sunflower Oil, 5 Litters. [Abalıoğlu Yağ Sanayi ve Ticaret A.Ş., Turkey][ProPlus]__10/12/2024",0,"000279 - Refined Sunflower Oil, 5 Litters. [Abalıoğlu Yağ Sanayi ve Ticaret A.Ş., Turkey][ProPlus]",10/12/2024,DDP (Delivered Duty Paid),ILS,#112,,"By SmartSuite Automation on 10 Dec, 2024","By Udi Stryk on 10 Dec, 2024",
"000288 - Poyraz Extra Virgin Olive Oil, Shufersal [Poyraz, Turkey][Shufersal]__10/12/2024",0,"000288 - Poyraz Extra Virgin Olive Oil, Shufersal [Poyraz, Turkey][Shufersal]",10/12/2024,FOB (Free On Board),USD,#072,,"By SmartSuite Automation on 10 Dec, 2024","By Udi Stryk on 27 Dec, 2024",5.86
"000288 - Poyraz Extra Virgin Olive Oil, Shufersal [Poyraz, Turkey][Shufersal]__",0,"000288 - Poyraz Extra Virgin Olive Oil, Shufersal [Poyraz, Turkey][Shufersal]",,,,#206,,"By Success Management on 26 Feb, 2025","By Success Management on 26 Feb, 2025",6.92
"000297 - chickpeas ,No Uniqe nutritional attributes,380 [La Doria, Italy][Shufersal]__10/12/2024",0,"000297 - chickpeas ,No Uniqe nutritional attributes,380 [La Doria, Italy][Shufersal]",10/12/2024,FOB (Free On Board),Euro,#052,,"By SmartSuite Automation on 10 Dec, 2024","By Success Management on 9 Apr, 2025",0.34
"000299 - Diced tomatoes,No Uniqe nutritional attributes,380 [La Doria, Italy][Shufersal]__10/12/2024",0,"000299 - Diced tomatoes,No Uniqe nutritional attributes,380 [La Doria, Italy][Shufersal]",10/12/2024,FOB (Free On Board),Euro,#036,,"By SmartSuite Automation on 10 Dec, 2024","By Udi Stryk on 10 Dec, 2024",
"000299 - Diced tomatoes,No Uniqe nutritional attributes,380 [La Doria, Italy][Shufersal]__10/12/2024",0,"000299 - Diced tomatoes,No Uniqe nutritional attributes,380 [La Doria, Italy][Shufersal]",10/12/2024,FOB (Free On Board),Euro,#073,,"By SmartSuite Automation on 10 Dec, 2024","By Udi Stryk on 10 Dec, 2024",
"000300 - Crushed tomatoes,No Uniqe nutritional attributes,380 [La Doria, Italy][Shufersal]__10/12/2024",0,"000300 - Crushed tomatoes,No Uniqe nutritional attributes,380 [La Doria, Italy][Shufersal]",10/12/2024,FOB (Free On Board),Euro,#082,,"By SmartSuite Automation on 10 Dec, 2024","By Udi Stryk on 10 Dec, 2024",
"000302 - Whole peeled tomatoes,No Uniqe nutritional attributes,380 [La Doria, Italy][Shufersal]__10/12/2024",0,"000302 - Whole peeled tomatoes,No Uniqe nutritional attributes,380 [La Doria, Italy][Shufersal]",10/12/2024,FOB (Free On Board),Euro,#125,,"By SmartSuite Automation on 10 Dec, 2024","By Udi Stryk on 10 Dec, 2024",
"000302 - Whole peeled tomatoes,No Uniqe nutritional attributes,380 [La Doria, Italy][Shufersal]__10/12/2024",0,"000302 - Whole peeled tomatoes,No Uniqe nutritional attributes,380 [La Doria, Italy][Shufersal]",10/12/2024,FOB (Free On Board),Euro,#127,,"By SmartSuite Automation on 10 Dec, 2024","By Udi Stryk on 10 Dec, 2024",
"000304 - Whole peeled tomatoes,Organic,380 [La Doria, Italy][Shufersal]__10/12/2024",0,"000304 - Whole peeled tomatoes,Organic,380 [La Doria, Italy][Shufersal]",10/12/2024,FOB (Free On Board),Euro,#093,,"By SmartSuite Automation on 10 Dec, 2024","By Udi Stryk on 10 Dec, 2024",
"000304 - Whole peeled tomatoes,Organic,380 [La Doria, Italy][Shufersal]__10/12/2024",0,"000304 - Whole peeled tomatoes,Organic,380 [La Doria, Italy][Shufersal]",10/12/2024,FOB (Free On Board),Euro,#137,,"By SmartSuite Automation on 10 Dec, 2024","By Udi Stryk on 10 Dec, 2024",
"000305 - Diced tomatoes,Organic,380 [La Doria, Italy][Shufersal]__10/12/2024",0,"000305 - Diced tomatoes,Organic,380 [La Doria, Italy][Shufersal]",10/12/2024,FOB (Free On Board),Euro,#013,,"By SmartSuite Automation on 10 Dec, 2024","By Udi Stryk on 10 Dec, 2024",
"000305 - Diced tomatoes,Organic,380 [La Doria, Italy][Shufersal]__10/12/2024",0,"000305 - Diced tomatoes,Organic,380 [La Doria, Italy][Shufersal]",10/12/2024,FOB (Free On Board),Euro,#136,,"By SmartSuite Automation on 10 Dec, 2024","By Udi Stryk on 10 Dec, 2024",
"000307 - Cannellini beans,No Uniqe nutritional attributes,380 [La Doria, Italy][Shufersal]__10/12/2024",0,"000307 - Cannellini beans,No Uniqe nutritional attributes,380 [La Doria, Italy][Shufersal]",10/12/2024,FOB (Free On Board),Euro,#021,,"By SmartSuite Automation on 10 Dec, 2024","By Success Management on 9 Apr, 2025",0.34
"000307 - Cannellini beans,No Uniqe nutritional attributes,380 [La Doria, Italy][Shufersal]__10/1/2025",0,"000307 - Cannellini beans,No Uniqe nutritional attributes,380 [La Doria, Italy][Shufersal]",10/1/2025,CFR (Cost and Freight),Euro,#144,,"By Udi Stryk on 10 Jan, 2025","By Udi Stryk on 10 Jan, 2025",
"000310 - Red kidney beans ,No Uniqe nutritional attributes,380 [La Doria, Italy][Shufersal]__10/12/2024",0,"000310 - Red kidney beans ,No Uniqe nutritional attributes,380 [La Doria, Italy][Shufersal]",10/12/2024,FOB (Free On Board),Euro,#055,,"By SmartSuite Automation on 10 Dec, 2024","By Success Management on 9 Apr, 2025",0.34
"000323 - LEMON JUICE 1L. TAAMAN [Polenghi, Italy][Ta'aman]__17/2/2025",0,"000323 - LEMON JUICE 1L. TAAMAN [Polenghi, Italy][Ta'aman]",17/2/2025,EXW (Ex Works),Euro,#172,LEMON JUICE,"By Operation Manager on 17 Feb, 2025","By Operation Manager on 17 Feb, 2025",0.96
"000323 - LEMON JUICE 1L. TAAMAN [Polenghi, Italy][Ta'aman]__17/2/2025",0,"000323 - LEMON JUICE 1L. TAAMAN [Polenghi, Italy][Ta'aman]",17/2/2025,FOB (Free On Board),Euro,#173,LEMON JUICE,"By Operation Manager on 17 Feb, 2025","By Operation Manager on 17 Feb, 2025",1.01
"000326 - wafers gluten free 21.5g*3 [Helwa, Netherlands][Shufersal]__29/12/2024",0,"000326 - wafers gluten free 21.5g*3 [Helwa, Netherlands][Shufersal]",29/12/2024,FOB (Free On Board),Euro,#141,wafers gluten free ,"By Operation Manager on 29 Dec, 2024","By Operation Manager on 29 Dec, 2024",0.662
"000327 - wafers cocoa 175g [Balconi, Italy][Shufersal]__30/12/2024",0,"000327 - wafers cocoa 175g [Balconi, Italy][Shufersal]",30/12/2024,FOB (Free On Board),Euro,#142,wafer cocoa 175g,"By Operation Manager on 30 Dec, 2024","By Operation Manager on 30 Dec, 2024",0.6
"000328 - wafers hazelnut 175g [Balconi, Italy][Shufersal]__30/12/2024",0,"000328 - wafers hazelnut 175g [Balconi, Italy][Shufersal]",30/12/2024,FOB (Free On Board),Euro,#143,wafer hazelnut 175g,"By Operation Manager on 30 Dec, 2024","By Operation Manager on 30 Dec, 2024",0.6
"000340 - blake beans in brine 380 gr [La Doria, Italy][Shufersal]__27/3/2025",0,"000340 - blake beans in brine 380 gr [La Doria, Italy][Shufersal]",27/3/2025,FOB (Free On Board),Euro,#231,,"By Success Management on 9 Apr, 2025","By Success Management on 9 Apr, 2025",0.34
"000341 - PATA NACHOS TORTILLA 200G KFP [Pata S.P.A, Italy][Schestowitz]__15/1/2025",0,"000341 - PATA NACHOS TORTILLA 200G KFP [Pata S.P.A, Italy][Schestowitz]",15/1/2025,FOB (Free On Board),Euro,#148,PATA NACHOS TORTILLA 200G KFP,"By Success Management on 15 Jan, 2025","By Success Management on 15 Jan, 2025",0.627
"000345 - protein caramel bar in milk ckocolat4*40 [Otmuchow - ZAKŁADY PRZEMYSŁU CUKIERNICZEGO, Poland][]__",0,"000345 - protein caramel bar in milk ckocolat4*40 [Otmuchow - ZAKŁADY PRZEMYSŁU CUKIERNICZEGO, Poland][]",,EXW (Ex Works),Euro,#145,protein caramel bar in milk ckocolat4*40,"By Operation Manager on 12 Jan, 2025","By Operation Manager on 12 Jan, 2025",2.04
"000346 - protein yoghurt bar with dark choco [Otmuchow - ZAKŁADY PRZEMYSŁU CUKIERNICZEGO, Poland][]__1/12/2025",0,"000346 - protein yoghurt bar with dark choco [Otmuchow - ZAKŁADY PRZEMYSŁU CUKIERNICZEGO, Poland][]",1/12/2025,EXW (Ex Works),Euro,#146,protein yoghurt bar with dark choco,"By Operation Manager on 12 Jan, 2025","By Operation Manager on 12 Jan, 2025",2.04
"000347 - protein cocoa bar 4*40g [Otmuchow - ZAKŁADY PRZEMYSŁU CUKIERNICZEGO, Poland][]__1/12/2025",0,"000347 - protein cocoa bar 4*40g [Otmuchow - ZAKŁADY PRZEMYSŁU CUKIERNICZEGO, Poland][]",1/12/2025,EXW (Ex Works),Euro,#147,protein cocoa bar 4*40g,"By Operation Manager on 12 Jan, 2025","By Operation Manager on 12 Jan, 2025",2.04
"000360 - Extra virgin olive oil 750 ml- Meuloliva [Mueloliva , Spain][Dor Alon]__18/2/2025",0,"000360 - Extra virgin olive oil 750 ml- Meuloliva [Mueloliva , Spain][Dor Alon]",18/2/2025,FOB (Free On Board),Euro,#176,Extra virgin olive oil 750 ml- Meuloliva,"By Operation Manager on 18 Feb, 2025","By Operation Manager on 19 Feb, 2025",3.75
"000360 - Extra virgin olive oil 750 ml- Meuloliva [Mueloliva , Spain][Dor Alon]__27/2/2025",0,"000360 - Extra virgin olive oil 750 ml- Meuloliva [Mueloliva , Spain][Dor Alon]",27/2/2025,FOB (Free On Board),USD,#211, Extra virgin olive oil 750 ml- Meuloliva,"By Operation Manager on 27 Feb, 2025","By Operation Manager on 27 Feb, 2025",3.87
"000360 - Extra virgin olive oil 750 ml- Meuloliva [Mueloliva , Spain][Dor Alon]__27/2/2025",0,"000360 - Extra virgin olive oil 750 ml- Meuloliva [Mueloliva , Spain][Dor Alon]",27/2/2025,CFR (Cost and Freight),USD,#212, Extra virgin olive oil 750 ml- Meuloliva (CFR NY),"By Operation Manager on 27 Feb, 2025","By Operation Manager on 27 Feb, 2025",4.08
"000361 - Organic Peeled tomatoes 425 gr - LA DORIA [La Doria, Italy][Harduf - All Organics]__20/2/2025",0,"000361 - Organic Peeled tomatoes 425 gr - LA DORIA [La Doria, Italy][Harduf - All Organics]",20/2/2025,FOB (Free On Board),Euro,#191,Organic Peeled Tomatoes,"By Operation Manager on 20 Feb, 2025","By Operation Manager on 20 Feb, 2025",0.55
"000368 - Vioil - sunflower oil [ViOil INDUSTRIAL GROUP, Ukraine][Shufersal]__12/2/2025",0,"000368 - Vioil - sunflower oil [ViOil INDUSTRIAL GROUP, Ukraine][Shufersal]",12/2/2025,FCA (Free Carrier),USD,#151,VIOIL sunflower oil,"By Operation Manager on 12 Feb, 2025","By Operation Manager on 23 Feb, 2025",1.48
"000368 - Vioil - sunflower oil [ViOil INDUSTRIAL GROUP, Ukraine][Shufersal]__23/2/2025",0,"000368 - Vioil - sunflower oil [ViOil INDUSTRIAL GROUP, Ukraine][Shufersal]",23/2/2025,FCA (Free Carrier),USD,#199,sunflower oil,"By Operation Manager on 23 Feb, 2025","By Operation Manager on 23 Feb, 2025",1.34
"000369 - ROMIRO LTD -sunflower oil [ROMIRO LTD, Ukraine][Shufersal]__12/2/2025",0,"000369 - ROMIRO LTD -sunflower oil [ROMIRO LTD, Ukraine][Shufersal]",12/2/2025,FCA (Free Carrier),USD,#152,sunflower oil,"By Operation Manager on 12 Feb, 2025","By Udi Stryk on 16 Feb, 2025",1.29
"000370 - Prutul Galati (Romania) - sunflower oil - 1L [PRUTUL, Romania][Shufersal]__12/2/2025",0,"000370 - Prutul Galati (Romania) - sunflower oil - 1L [PRUTUL, Romania][Shufersal]",12/2/2025,EXW (Ex Works),Euro,#153,sunflower oil,"By Operation Manager on 12 Feb, 2025","By Operation Manager on 16 Feb, 2025",1.31
"000370 - Prutul Galati (Romania) - sunflower oil - 1L [PRUTUL, Romania][Shufersal]__26/2/2025",0,"000370 - Prutul Galati (Romania) - sunflower oil - 1L [PRUTUL, Romania][Shufersal]",26/2/2025,FCA (Free Carrier),Euro,#205,"New proposal until tomorrow 06.00 p.m.
","By Operation Manager on 26 Feb, 2025","By Operation Manager on 26 Feb, 2025",1.27
"000371 - Greenvector Agro - sunflower oil [greenvector agro, Ukraine][Shufersal]__12/2/2025",0,"000371 - Greenvector Agro - sunflower oil [greenvector agro, Ukraine][Shufersal]",12/2/2025,FCA (Free Carrier),Euro,#154,sunflower oil,"By Operation Manager on 12 Feb, 2025","By Operation Manager on 16 Feb, 2025",1.22
"000372 - victoriaoil - sunflower oil
 [Victoria oil, Serbia][Shufersal]__12/2/2025",0,"000372 - victoriaoil - sunflower oil
 [Victoria oil, Serbia][Shufersal]",12/2/2025,FCA (Free Carrier),Euro,#155,sunflower oil,"By Operation Manager on 12 Feb, 2025","By Operation Manager on 16 Feb, 2025",1.35
"000373 - OLIVA AD- sunflower oil - 1 L
 [Oliva AD, Bulgaria][Shufersal]__18/2/2025",0,"000373 - OLIVA AD- sunflower oil - 1 L
 [Oliva AD, Bulgaria][Shufersal]",18/2/2025,"CIF (Cost, Insurance, and Freight)",Euro,#182,OLIVA AD- sunflower oil,"By Operation Manager on 18 Feb, 2025","By Operation Manager on 18 Feb, 2025",1.54
"000374 - org sweetcorn supersweet kernel no cutting size ARDO [Ardo, Belgium][Harduf - All Organics]__17/2/2025",0,"000374 - org sweetcorn supersweet kernel no cutting size ARDO [Ardo, Belgium][Harduf - All Organics]",17/2/2025,FOB (Free On Board),Euro,#157,sweetcorn supersweet kernel no cutting size,"By Operation Manager on 17 Feb, 2025","By Operation Manager on 17 Feb, 2025",
"000376 -  Wokmix - Ardo Organic broccoli, Organic carrot strips,  Organic yellow carrot strips, Organic green beans, Organic onions diced, Organic red pepper diced [Ardo, Belgium][Harduf - All Organics]__17/2/2025",0,"000376 -  Wokmix - Ardo Organic broccoli, Organic carrot strips,  Organic yellow carrot strips, Organic green beans, Organic onions diced, Organic red pepper diced [Ardo, Belgium][Harduf - All Organics]",17/2/2025,FOB (Free On Board),Euro,#158,"Wokmix - Ardo Organic broccoli, Organic carrot strips,  Organic yellow carrot strips, Organic green beans, Organic onions diced, Organic red pepper diced","By Operation Manager on 17 Feb, 2025","By Operation Manager on 17 Feb, 2025",1.31
"000377 -  Wokmix - Ardo Organic broccoli, Organic carrot strips,  Organic yellow carrot strips, Organic green beans, Organic onions diced, Organic red pepper diced [Ardo, Belgium][Harduf - All Organics]__17/2/2025",0,"000377 -  Wokmix - Ardo Organic broccoli, Organic carrot strips,  Organic yellow carrot strips, Organic green beans, Organic onions diced, Organic red pepper diced [Ardo, Belgium][Harduf - All Organics]",17/2/2025,FOB (Free On Board),Euro,#159," Wokmix - Ardo Organic broccoli, Organic carrot strips,  Organic yellow carrot strips, Organic green beans, Organic onions diced, Organic red pepper diced","By Operation Manager on 17 Feb, 2025","By Operation Manager on 17 Feb, 2025",
"000379 -  Ardo Summermix - Organic carrots diced, Organic cut green beans, Organic cauliflower, Organic peas
 [Ardo, Belgium][Harduf - All Organics]__17/2/2025",0,"000379 -  Ardo Summermix - Organic carrots diced, Organic cut green beans, Organic cauliflower, Organic peas
 [Ardo, Belgium][Harduf - All Organics]",17/2/2025,FOB (Free On Board),Euro,#160," Ardo Summermix - Organic carrots diced, Organic cut green beans, Organic cauliflower, Organic peas
","By Operation Manager on 17 Feb, 2025","By Operation Manager on 17 Feb, 2025",
"000381 - Ardo org broccolimix 4x2,5kg [Ardo, Belgium][Harduf - All Organics]__17/2/2025",0,"000381 - Ardo org broccolimix 4x2,5kg [Ardo, Belgium][Harduf - All Organics]",17/2/2025,FOB (Free On Board),Euro,#164,"Ardo broccolimix 4x2,5kg ","By Operation Manager on 17 Feb, 2025","By Operation Manager on 17 Feb, 2025",1.42
"000384 - org sweetcorn supersweet kernel no cutting size ARDO [Ardo, Belgium][Harduf - All Organics]__17/2/2025",0,"000384 - org sweetcorn supersweet kernel no cutting size ARDO [Ardo, Belgium][Harduf - All Organics]",17/2/2025,FOB (Free On Board),Euro,#162,sweetcorn supersweet kernel no cutting size ,"By Operation Manager on 17 Feb, 2025","By Operation Manager on 17 Feb, 2025",
"000387 - Ardo org broccolimix 4x2,5kg [Ardo, Belgium][Harduf - All Organics]__17/2/2025",0,"000387 - Ardo org broccolimix 4x2,5kg [Ardo, Belgium][Harduf - All Organics]",17/2/2025,FOB (Free On Board),Euro,#163,"Ardo broccolimix 4x2,5kg","By Operation Manager on 17 Feb, 2025","By Operation Manager on 17 Feb, 2025",
"000388 - Ardo Summermix - Organic carrots diced, Organic cut green beans, Organic cauliflower, Organic peas - Ardo

 [Ardo, Belgium][Harduf - All Organics]__17/2/2025",0,"000388 - Ardo Summermix - Organic carrots diced, Organic cut green beans, Organic cauliflower, Organic peas - Ardo

 [Ardo, Belgium][Harduf - All Organics]",17/2/2025,FOB (Free On Board),Euro,#165,"Ardo Summermix - Organic carrots diced, Organic cut green beans, Organic cauliflower, Organic peas - Ardo

","By Operation Manager on 17 Feb, 2025","By Operation Manager on 17 Feb, 2025",0.98
"000389 - Ardo org pea garden not calibrated   [Ardo, Belgium][Harduf - All Organics]__17/2/2025",0,"000389 - Ardo org pea garden not calibrated   [Ardo, Belgium][Harduf - All Organics]",17/2/2025,FOB (Free On Board),Euro,#166,Ardo org pea garden not calibrated  ,"By Operation Manager on 17 Feb, 2025","By Operation Manager on 17 Feb, 2025",1.6
"000390 - Ardo org pea garden not calibrated   [Ardo, Belgium][Harduf - All Organics]__17/2/2025",0,"000390 - Ardo org pea garden not calibrated   [Ardo, Belgium][Harduf - All Organics]",17/2/2025,FOB (Free On Board),Euro,#167,Ardo org pea garden not calibrated  ,"By Operation Manager on 17 Feb, 2025","By Operation Manager on 17 Feb, 2025",1.24
"000391 - Ardo org bean gr whole blanch medium no cutting size  [Ardo, Belgium][Harduf - All Organics]__17/2/2025",0,"000391 - Ardo org bean gr whole blanch medium no cutting size  [Ardo, Belgium][Harduf - All Organics]",17/2/2025,FOB (Free On Board),Euro,#168,Ardo org bean gr whole blanch medium no cutting size ,"By Operation Manager on 17 Feb, 2025","By Operation Manager on 17 Feb, 2025",1.25
"000392 - Ardo org bean gr whole blanch medium no cutting size [Ardo, Belgium][Harduf - All Organics]__17/2/2025",0,"000392 - Ardo org bean gr whole blanch medium no cutting size [Ardo, Belgium][Harduf - All Organics]",17/2/2025,FOB (Free On Board),Euro,#169,Ardo org bean gr whole blanch medium no cutting size,"By Operation Manager on 17 Feb, 2025","By Operation Manager on 17 Feb, 2025",0.97
"000393 - Ardo org bean gr cut blanch fine 40mm  [Ardo, Belgium][Harduf - All Organics]__17/2/2025",0,"000393 - Ardo org bean gr cut blanch fine 40mm  [Ardo, Belgium][Harduf - All Organics]",17/2/2025,FOB (Free On Board),Euro,#170,Ardo org bean gr cut blanch fine 40mm ,"By Operation Manager on 17 Feb, 2025","By Operation Manager on 17 Feb, 2025",1.16
"000394 - Ardo org bean gr cut blanch fine 40mm [Ardo, Belgium][Harduf - All Organics]__17/2/2025",0,"000394 - Ardo org bean gr cut blanch fine 40mm [Ardo, Belgium][Harduf - All Organics]",17/2/2025,FOB (Free On Board),Euro,#171,Ardo org bean gr cut blanch fine 40mm,"By Operation Manager on 17 Feb, 2025","By Operation Manager on 17 Feb, 2025",0.9
"000395 - Mixed Coated peanut ND4-4FHF12 [Maas Intersales, Netherlands][Leiman Schlussel Ltd]__17/2/2025",0,"000395 - Mixed Coated peanut ND4-4FHF12 [Maas Intersales, Netherlands][Leiman Schlussel Ltd]",17/2/2025,FOB (Free On Board),USD,#174,"Mixed Coated peanut - Maas Intersales

","By Operation Manager on 17 Feb, 2025","By Operation Manager on 22 Apr, 2025",2.88
"000396 - rice cracker & nut mix -  ND4-4-FHF5 [Maas Intersales, Netherlands][Leiman Schlussel Ltd]__18/2/2025",0,"000396 - rice cracker & nut mix -  ND4-4-FHF5 [Maas Intersales, Netherlands][Leiman Schlussel Ltd]",18/2/2025,FOB (Free On Board),USD,#175,rice cracker & nut mix -  ND4-4-FHF5,"By Operation Manager on 18 Feb, 2025","By Operation Manager on 18 Feb, 2025",2.88
"000397 - Chocolate eggs 60g with surprise, (3X20) [Chocolitaly , Italy][Yochananof]__18/2/2025",0,"000397 - Chocolate eggs 60g with surprise, (3X20) [Chocolitaly , Italy][Yochananof]",18/2/2025,,Euro,#177,"chocolate eggs 60g with surprise, (3X20)","By Operation Manager on 18 Feb, 2025","By Operation Manager on 18 Feb, 2025",0.89
"000398 - Frozen French fries  [Bergia frites, Netherlands][ProPlus]__18/2/2025",0,"000398 - Frozen French fries  [Bergia frites, Netherlands][ProPlus]",18/2/2025,FOB (Free On Board),Euro,#178,Frozen French fries - Bergia frites,"By Operation Manager on 18 Feb, 2025","By Operation Manager on 18 Feb, 2025",1.05
"000399 - Preserved Lemon Juice 200ml [Polenghi, Italy][Shufersal]__18/2/2025",0,"000399 - Preserved Lemon Juice 200ml [Polenghi, Italy][Shufersal]",18/2/2025,FOB (Free On Board),Euro,#179,Preserved Lemon Juice 200ml,"By Operation Manager on 18 Feb, 2025","By Operation Manager on 18 Feb, 2025",0.315
"000400 - Preserved Lemon Juice 500ml [Polenghi, Italy][Shufersal]__18/2/2025",0,"000400 - Preserved Lemon Juice 500ml [Polenghi, Italy][Shufersal]",18/2/2025,FOB (Free On Board),Euro,#180,Preserved Lemon Juice 500ml,"By Operation Manager on 18 Feb, 2025","By Operation Manager on 18 Feb, 2025",0.695
"000401 - Natural Lemon Juice 250ml - Preservative Free [Polenghi, Italy][Shufersal]__18/2/2025",0,"000401 - Natural Lemon Juice 250ml - Preservative Free [Polenghi, Italy][Shufersal]",18/2/2025,FOB (Free On Board),Euro,#181,Natural Lemon Juice 250ml - Preservative Free,"By Operation Manager on 18 Feb, 2025","By Operation Manager on 18 Feb, 2025",0.51
"000403 - OLIVA AD- sunflower oil - 5 L
 [Oliva AD, Bulgaria][Shufersal]__18/2/2025",0,"000403 - OLIVA AD- sunflower oil - 5 L
 [Oliva AD, Bulgaria][Shufersal]",18/2/2025,"CIF (Cost, Insurance, and Freight)",Euro,#183,Refined Sunflower Oil 5L,"By Operation Manager on 18 Feb, 2025","By Operation Manager on 18 Feb, 2025",7.4
"000405 - wafer cubes hazel nuts 250 gr [Balconi, Italy][Yochananof]__19/2/2025",0,"000405 - wafer cubes hazel nuts 250 gr [Balconi, Italy][Yochananof]",19/2/2025,FOB (Free On Board),Euro,#184,wafer cubes hazel nuts 250 gr - Balconi,"By Operation Manager on 19 Feb, 2025","By Operation Manager on 19 Feb, 2025",0.95
"000406 - SPONGE CAKE- MIX MAX GR 350 [Balconi, Italy][Yochananof]__19/2/2025",0,"000406 - SPONGE CAKE- MIX MAX GR 350 [Balconi, Italy][Yochananof]",19/2/2025,EXW (Ex Works),Euro,#185,"SPONGE CAKE- MIX MAX GR 350 - Balconi
","By Operation Manager on 19 Feb, 2025","By Operation Manager on 19 Feb, 2025",1.35
"000407 - SPONGE CAKE- MIX MILK GR 350 [Balconi, Italy][Yochananof]__19/2/2025",0,"000407 - SPONGE CAKE- MIX MILK GR 350 [Balconi, Italy][Yochananof]",19/2/2025,EXW (Ex Works),Euro,#186,SPONGE CAKE- MIX MILK GR 350 balconi,"By Operation Manager on 19 Feb, 2025","By Operation Manager on 19 Feb, 2025",1.35
"000408 - Crushed Tomato [SAC S.p.A. Conserve Alimentari/ Victoria s.a.c, Italy][ProPlus]__9/3/2025",0,"000408 - Crushed Tomato [SAC S.p.A. Conserve Alimentari/ Victoria s.a.c, Italy][ProPlus]",9/3/2025,FOB (Free On Board),Euro,#221,,"By Success Management on 9 Mar, 2025","By Success Management on 9 Mar, 2025",4.3
"000410 - Coffeehouse Coooky - Kosher OU  [Coppenrath Feingebäck GmbH, Germany][Leiman Schlussel Ltd]__19/2/2025",0,"000410 - Coffeehouse Coooky - Kosher OU  [Coppenrath Feingebäck GmbH, Germany][Leiman Schlussel Ltd]",19/2/2025,FOB (Free On Board),Euro,#187,Coffeehouse Coooky - Kosher OU - Coppenrath Feingebäck GmbH,"By Operation Manager on 19 Feb, 2025","By Operation Manager on 19 Feb, 2025",1.26
"000411 - Butter Cookies Kosher OU [Coppenrath Feingebäck GmbH, Germany][Leiman Schlussel Ltd]__19/2/2025",0,"000411 - Butter Cookies Kosher OU [Coppenrath Feingebäck GmbH, Germany][Leiman Schlussel Ltd]",19/2/2025,FOB (Free On Board),Euro,#188,Butter Cookies (Kosher OU)	,"By Operation Manager on 19 Feb, 2025","By Operation Manager on 19 Feb, 2025",1.26
"000412 - Wiener Sandringe (Kosher OU) [Coppenrath Feingebäck GmbH, Germany][Leiman Schlussel Ltd]__19/2/2025",0,"000412 - Wiener Sandringe (Kosher OU) [Coppenrath Feingebäck GmbH, Germany][Leiman Schlussel Ltd]",19/2/2025,FOB (Free On Board),Euro,#189,Wiener Sandringe (Kosher OU)	,"By Operation Manager on 19 Feb, 2025","By Operation Manager on 19 Feb, 2025",1.26
"000413 - Haselnuss-Ringe (Kosher OU) [Coppenrath Feingebäck GmbH, Germany][Leiman Schlussel Ltd]__19/2/2025",0,"000413 - Haselnuss-Ringe (Kosher OU) [Coppenrath Feingebäck GmbH, Germany][Leiman Schlussel Ltd]",19/2/2025,FOB (Free On Board),Euro,#190,"Haselnuss-Ringe (Kosher OU) - Coppenrath Feingebäck GmbH
","By Operation Manager on 19 Feb, 2025","By Operation Manager on 19 Feb, 2025",1.33
"000414 - Ardo bean gr whole blanch no cutting size 4x2,5kg [Ardo, Belgium][Achim Cohen]__",0,"000414 - Ardo bean gr whole blanch no cutting size 4x2,5kg [Ardo, Belgium][Achim Cohen]",,,Euro,#192,,"By Operation Manager on 20 Feb, 2025","By Operation Manager on 20 Feb, 2025",1.14
"000419 - Pasta 500 g [La Doria, Italy][Ta'aman]__20/2/2025",0,"000419 - Pasta 500 g [La Doria, Italy][Ta'aman]",20/2/2025,,Euro,#193,Pasta 500 g,"By Operation Manager on 20 Feb, 2025","By Operation Manager on 20 Feb, 2025",0.45
"000421 - Prutul Galati (Romania) - sunflower oil - 5L [PRUTUL, Romania][Shufersal]__22/2/2025",0,"000421 - Prutul Galati (Romania) - sunflower oil - 5L [PRUTUL, Romania][Shufersal]",22/2/2025,EXW (Ex Works),Euro,#195,sunflower oil,"By Operation Manager on 22 Feb, 2025","By Operation Manager on 22 Feb, 2025",6.55
"000421 - Prutul Galati (Romania) - sunflower oil - 5L [PRUTUL, Romania][Shufersal]__26/2/2025",0,"000421 - Prutul Galati (Romania) - sunflower oil - 5L [PRUTUL, Romania][Shufersal]",26/2/2025,FCA (Free Carrier),Euro,#204,"New proposal until tomorrow 06.00 p.m.

 ","By Operation Manager on 26 Feb, 2025","By Operation Manager on 26 Feb, 2025",3.35
"000422 - ROMIRO LTD -sunflower oil 5L [ROMIRO LTD, Ukraine][Shufersal]__22/2/2025",0,"000422 - ROMIRO LTD -sunflower oil 5L [ROMIRO LTD, Ukraine][Shufersal]",22/2/2025,FCA (Free Carrier),USD,#196,Sunflower oil,"By Operation Manager on 22 Feb, 2025","By Operation Manager on 22 Feb, 2025",6.28
"000423 - Vioil sunflower oil 5 L [ViOil INDUSTRIAL GROUP, Ukraine][Shufersal]__22/2/2025",0,"000423 - Vioil sunflower oil 5 L [ViOil INDUSTRIAL GROUP, Ukraine][Shufersal]",22/2/2025,FCA (Free Carrier),USD,#197,sunflower oil,"By Operation Manager on 22 Feb, 2025","By Operation Manager on 22 Feb, 2025",6.54
"000423 - Vioil sunflower oil 5 L [ViOil INDUSTRIAL GROUP, Ukraine][Shufersal]__23/2/2025",0,"000423 - Vioil sunflower oil 5 L [ViOil INDUSTRIAL GROUP, Ukraine][Shufersal]",23/2/2025,CFR (Cost and Freight),USD,#200,sunflower oil,"By Operation Manager on 23 Feb, 2025","By Operation Manager on 23 Feb, 2025",7.2
"000424 - Victoria oil Sunflower oil 5L [Victoria oil, Serbia][Shufersal]__22/2/2025",0,"000424 - Victoria oil Sunflower oil 5L [Victoria oil, Serbia][Shufersal]",22/2/2025,FCA (Free Carrier),Euro,#198,sunflower oil,"By Operation Manager on 22 Feb, 2025","By Operation Manager on 22 Feb, 2025",6.75
000425 - Poyraz Olive oil -500ML [][Shufersal]__24/2/2025,0,000425 - Poyraz Olive oil -500ML [][Shufersal],24/2/2025,FOB (Free On Board),USD,#201,olive oil,"By Operation Manager on 24 Feb, 2025","By Operation Manager on 24 Feb, 2025",4.72
"000426 - Bomilino Cream 13 % Hazelnut 350gr [NS BOMI, Serbia][Ta'aman]__24/2/2025",0,"000426 - Bomilino Cream 13 % Hazelnut 350gr [NS BOMI, Serbia][Ta'aman]",24/2/2025,EXW (Ex Works),Euro,#202,Chocolate Cream ,"By Operation Manager on 24 Feb, 2025","By Operation Manager on 24 Feb, 2025",1.99
"000427 - Bomilino Cocoa cream 400gr [NS BOMI, Serbia][Ta'aman]__24/2/2025",0,"000427 - Bomilino Cocoa cream 400gr [NS BOMI, Serbia][Ta'aman]",24/2/2025,EXW (Ex Works),Euro,#203,Chocolate Cream ,"By Operation Manager on 24 Feb, 2025","By Operation Manager on 24 Feb, 2025",1.19
"000431 - Dor Alon 500 ml mueloliva [Mueloliva , Spain][Dor Alon]__27/2/2025",0,"000431 - Dor Alon 500 ml mueloliva [Mueloliva , Spain][Dor Alon]",27/2/2025,FOB (Free On Board),USD,#209,Dor Alon 500 ml mueloliva,"By Operation Manager on 27 Feb, 2025","By Operation Manager on 27 Feb, 2025",2.78
"000431 - Dor Alon 500 ml mueloliva [Mueloliva , Spain][Dor Alon]__27/2/2025",0,"000431 - Dor Alon 500 ml mueloliva [Mueloliva , Spain][Dor Alon]",27/2/2025,CFR (Cost and Freight),USD,#210,Dor Alon 500 ml mueloliva (CFR NY),"By Operation Manager on 27 Feb, 2025","By Operation Manager on 27 Feb, 2025",2.92
"000432 - Taralli  250 gr  Fiore [Fiore di Puglia, Italy][Leiman Schlussel Ltd]__27/2/2025",0,"000432 - Taralli  250 gr  Fiore [Fiore di Puglia, Italy][Leiman Schlussel Ltd]",27/2/2025,FOB (Free On Board),Euro,#213,Taralli 250 gr,"By Operation Manager on 27 Feb, 2025","By Operation Manager on 29 Apr, 2025",0.59
"000433 - Petit Beurre-Pally Biscuits  [Pally biscuits, Netherlands][FoodzShufersal]__2/3/2025",0,"000433 - Petit Beurre-Pally Biscuits  [Pally biscuits, Netherlands][FoodzShufersal]",2/3/2025,FOB (Free On Board),Euro,#214,Petit Beurre-Pally Biscuits ,"By Operation Manager on 2 Mar, 2025","By Operation Manager on 2 Mar, 2025",0.565
"000436 - EuroSnack multipack crostini  5 x 30g  gusto classico
 [EuroSnacks/ FornoDamiani, Italy][Leiman Schlussel Ltd]__",0,"000436 - EuroSnack multipack crostini  5 x 30g  gusto classico
 [EuroSnacks/ FornoDamiani, Italy][Leiman Schlussel Ltd]",,,,#215,,"By Operation Manager on 3 Mar, 2025","By Operation Manager on 3 Mar, 2025",1.64
"000437 - EuroSnack multipack crostini 5 x 30g gusto pizza [EuroSnacks/ FornoDamiani, Italy][Leiman Schlussel Ltd]__3/3/2025",0,"000437 - EuroSnack multipack crostini 5 x 30g gusto pizza [EuroSnacks/ FornoDamiani, Italy][Leiman Schlussel Ltd]",3/3/2025,,,#216,EuroSnack multipack crostini 5 x 30g gusto classico,"By Operation Manager on 3 Mar, 2025","By Operation Manager on 3 Mar, 2025",1.64
"000438 - EuroSnack bruschettine premium 12 pz  gusto  barbecue
 [EuroSnacks/ FornoDamiani, Italy][Leiman Schlussel Ltd]__3/3/2025",0,"000438 - EuroSnack bruschettine premium 12 pz  gusto  barbecue
 [EuroSnacks/ FornoDamiani, Italy][Leiman Schlussel Ltd]",3/3/2025,,,#218,EuroSnack bruschettine premium 12 pz  gusto  barbrcue,"By Operation Manager on 3 Mar, 2025","By Operation Manager on 3 Mar, 2025",0.775
"000439 - EuroSnack bruschettine premium 12 pz  gusto  mediterraneo [EuroSnacks/ FornoDamiani, Italy][Leiman Schlussel Ltd]__3/3/2025",0,"000439 - EuroSnack bruschettine premium 12 pz  gusto  mediterraneo [EuroSnacks/ FornoDamiani, Italy][Leiman Schlussel Ltd]",3/3/2025,,,#217,EuroSnack bruschettine premium 12 pz  gusto  mediterraneo,"By Operation Manager on 3 Mar, 2025","By Operation Manager on 3 Mar, 2025",0.775
"000440 - Pally biscuits Speculoos 250 gram
 [Pally biscuits, Netherlands][FoodzShufersal]__4/3/2025",0,"000440 - Pally biscuits Speculoos 250 gram
 [Pally biscuits, Netherlands][FoodzShufersal]",4/3/2025,FOB (Free On Board),Euro,#219,"Pally biscuits Speculoos 250 gram

","By Success Management on 4 Mar, 2025","By Success Management on 4 Mar, 2025",0.685
"000441 - Crushed Tomato 2500g [SAC S.p.A. Conserve Alimentari/ Victoria s.a.c, Italy][ProPlus]__9/3/2025",0,"000441 - Crushed Tomato 2500g [SAC S.p.A. Conserve Alimentari/ Victoria s.a.c, Italy][ProPlus]",9/3/2025,FOB (Free On Board),Euro,#222,,"By Success Management on 9 Mar, 2025","By Success Management on 9 Mar, 2025",2.65
"000442 - TAAMAN LEMON JUICE FROM CONCENTRATE 500ML X6 IL [Polenghi, Italy][]__23/3/2025",0,"000442 - TAAMAN LEMON JUICE FROM CONCENTRATE 500ML X6 IL [Polenghi, Italy][]",23/3/2025,EXW (Ex Works),Euro,#223,,"By Success Management on 23 Mar, 2025","By Success Management on 23 Mar, 2025",3.648
"000443 - TAAMAN LEMON JUICE FROM CONCENTRATE 1000MLX6 IL
 [Polenghi, Italy][]__23/3/2025",0,"000443 - TAAMAN LEMON JUICE FROM CONCENTRATE 1000MLX6 IL
 [Polenghi, Italy][]",23/3/2025,EXW (Ex Works),Euro,#224,,"By Success Management on 23 Mar, 2025","By Success Management on 23 Mar, 2025",5.28
"000444 - Frozen French fries  [Bergia frites, Netherlands][Carrefour]__2/4/2025",0,"000444 - Frozen French fries  [Bergia frites, Netherlands][Carrefour]",2/4/2025,FOB (Free On Board),Euro,#225,"Frozen french fries 9X9
","By Operation Manager on 2 Apr, 2025","By Operation Manager on 2 Apr, 2025",1.04
"000445 - Frozen French fries  [Bergia frites, Netherlands][Carrefour]__2/4/2025",0,"000445 - Frozen French fries  [Bergia frites, Netherlands][Carrefour]",2/4/2025,FOB (Free On Board),Euro,#226,"Frozen french fries 9X9
","By Operation Manager on 2 Apr, 2025","By Operation Manager on 2 Apr, 2025",1.04
"000446 - Frozen French fries  [Bergia frites, Netherlands][Carrefour]__2/4/2025",0,"000446 - Frozen French fries  [Bergia frites, Netherlands][Carrefour]",2/4/2025,FOB (Free On Board),Euro,#227,"Frozen french fries 9X9
","By Operation Manager on 2 Apr, 2025","By Operation Manager on 2 Apr, 2025",1.04
"000447 - Seven Seas - 35g
Seaweed Almond & Sesame [Bhars, Portugal][Foodz]__8/4/2025",0,"000447 - Seven Seas - 35g
Seaweed Almond & Sesame [Bhars, Portugal][Foodz]",8/4/2025,"CIF (Cost, Insurance, and Freight)",USD,#228,Seven Seas - 35g 40'' Dry,"By Operation Manager on 8 Apr, 2025","By Operation Manager on 8 Apr, 2025",0.93
"000447 - Seven Seas - 35g
Seaweed Almond & Sesame [Bhars, Portugal][Foodz]__8/4/2025",0,"000447 - Seven Seas - 35g
Seaweed Almond & Sesame [Bhars, Portugal][Foodz]",8/4/2025,"CIF (Cost, Insurance, and Freight)",USD,#229,"Seven Seas - 35g 20""' Dry","By Operation Manager on 8 Apr, 2025","By Operation Manager on 8 Apr, 2025",0.97
000448 - CRUSHED TOMATOES(Polpa) Tin 2650mlx6 VICTORIA PROPLUS [][]__22/1/2025,0,000448 - CRUSHED TOMATOES(Polpa) Tin 2650mlx6 VICTORIA PROPLUS [][],22/1/2025,FOB (Free On Board),Euro,#230,,"By Success Management on 9 Apr, 2025","By Success Management on 9 Apr, 2025",2.65
