Product's Categorization,Category,SubCategory,Family,Sub- Family,First Created,Last Updated,Link to Products,Link to Requests,Open Comments,Product family ID
"Baby and Kids’ Food, Baby Food Jars,Fruits,ApplePear",Baby and Kids’ Food,Baby Food Jars,Fruits,"Apple, Pear","By Udi Stryk on 24 Jan, 2025","By Udi Stryk on 24 Jan, 2025",,,0,PID-#651
"Baby and Kids’ Food, Baby Formula,Infant Formula,PowderedReady-to-Feed",Baby and Kids’ Food,Baby Formula,Infant Formula,"Powdered, Ready-to-Feed","By Udi Stryk on 24 Jan, 2025","By Udi Stryk on 24 Jan, 2025",,,0,PID-#650
"Baby and Kids’ Food, Baby Formula,Specialty Formula,Soy-BasedHypoallergenic",Baby and Kids’ Food,Baby Formula,Specialty Formula,"Soy-Based, Hypoallergenic","By Udi Stryk on 24 Jan, 2025","By Udi Stryk on 24 Jan, 2025",,,0,PID-#681
"Baby and Kids’ Food, Baby Snacks,Puffs,VeggieFruit Flavors",Baby and Kids’ Food,Baby Snacks,Puffs,"Veggie, Fruit Flavors","By Udi Stryk on 24 Jan, 2025","By Udi Stryk on 24 Jan, 2025",,,0,PID-#682
"Baby and Kids’ Food, Kids’ Beverages,Flavored Milk,ChocolateStrawberry",Baby and Kids’ Food,Kids’ Beverages,Flavored Milk,"Chocolate, Strawberry","By Udi Stryk on 24 Jan, 2025","By Udi Stryk on 24 Jan, 2025",,,0,PID-#718
"Baby and Kids’ Food, Kids’ Snacks,Fun Shapes,Animal CrackersStar Gummies",Baby and Kids’ Food,Kids’ Snacks,Fun Shapes,"Animal Crackers, Star Gummies","By Udi Stryk on 24 Jan, 2025","By Udi Stryk on 24 Jan, 2025",,,0,PID-#717
"Baby and Kids’ Food, Kids’ Snacks,Juice Boxes,AppleMixed Fruit",Baby and Kids’ Food,Kids’ Snacks,Juice Boxes,"Apple, Mixed Fruit","By Udi Stryk on 24 Jan, 2025","By Udi Stryk on 24 Jan, 2025",,,0,PID-#652
"Bakery, Baking Supplies,Cake Bases,Vanilla BaseChocolate Base",Bakery,Baking Supplies,Cake Bases,"Vanilla Base, Chocolate Base","By Udi Stryk on 24 Jan, 2025","By Udi Stryk on 24 Jan, 2025",,,0,PID-#732
"Bakery, Bread,Artisan Bread,SourdoughCiabatta",Bakery,Bread,Artisan Bread,"Sourdough, Ciabatta","By Udi Stryk on 24 Jan, 2025","By Udi Stryk on 24 Jan, 2025",,,0,PID-#609
"Bakery, Bread,Sliced Bread,WhiteWhole Wheat",Bakery,Bread,Sliced Bread,"White, Whole Wheat","By Udi Stryk on 24 Jan, 2025","By Udi Stryk on 24 Jan, 2025",,,0,PID-#608
"Bakery, Bread,Specialty Artisan,Olive BreadSun-Dried Tomato Bread",Bakery,Bread,Specialty Artisan,"Olive Bread, Sun-Dried Tomato Bread","By Udi Stryk on 24 Jan, 2025","By Udi Stryk on 24 Jan, 2025",,,0,PID-#693
"Bakery, Desserts,Cakes,CupcakesFruit TartLayer Cake",Bakery,Desserts,Cakes,"Cupcakes, Fruit Tart, Layer Cake","By Udi Stryk on 24 Jan, 2025","By Udi Stryk on 24 Jan, 2025",,,0,PID-#768
"Bakery, Desserts,Mini Cakes,CupcakesCake Pops",Bakery,Desserts,Mini Cakes,"Cupcakes, Cake Pops","By Udi Stryk on 24 Jan, 2025","By Udi Stryk on 24 Jan, 2025",,,0,PID-#695
"Bakery, Flatbreads,Pita Bread,Whole WheatWhiteGluten-Free",Bakery,Flatbreads,Pita Bread,"Whole Wheat, White, Gluten-Free","By Udi Stryk on 24 Jan, 2025","By Udi Stryk on 24 Jan, 2025",,,0,PID-#751
"Bakery, Pastries,Cinnamon Rolls,TraditionalFrosted",Bakery,Pastries,Cinnamon Rolls,"Traditional, Frosted","By Udi Stryk on 24 Jan, 2025","By Udi Stryk on 24 Jan, 2025",,,0,PID-#694
"Bakery, Pastries,Croissants,PlainChocolate",Bakery,Pastries,Croissants,"Plain, Chocolate","By Udi Stryk on 24 Jan, 2025","By Udi Stryk on 24 Jan, 2025",,,0,PID-#610
"Bakery, Pastries,Muffins,BlueberryChocolate Chip",Bakery,Pastries,Muffins,"Blueberry, Chocolate Chip","By Udi Stryk on 24 Jan, 2025","By Udi Stryk on 24 Jan, 2025",,,0,PID-#611
"Bakery, Pastries,Waffles,Classic WafflesBelgian WafflesGluten-Free Waffles",Bakery,Pastries,Waffles,"Classic Waffles, Belgian Waffles, Gluten-Free Waffles","By Udi Stryk on 24 Jan, 2025","By Udi Stryk on 24 Jan, 2025",,,0,PID-#728
"Bakery, Specialty Breads,Flatbreads,PitaNaan",Bakery,Specialty Breads,Flatbreads,"Pita, Naan","By Udi Stryk on 24 Jan, 2025","By Udi Stryk on 24 Jan, 2025",,,0,PID-#613
"Bakery, Specialty Breads,Flatbreads,Whole Wheat PitaGarlic Naan",Bakery,Specialty Breads,Flatbreads,"Whole Wheat Pita, Garlic Naan","By Udi Stryk on 24 Jan, 2025","By Udi Stryk on 24 Jan, 2025",,,0,PID-#658
"Bakery, Specialty Breads,Gluten-Free,Gluten-Free Loaves",Bakery,Specialty Breads,Gluten-Free,Gluten-Free Loaves,"By Udi Stryk on 24 Jan, 2025","By Udi Stryk on 24 Jan, 2025",,,0,PID-#612
"Bakery, Specialty Breads,Gluten-Free,Gluten-Free LoavesBagels",Bakery,Specialty Breads,Gluten-Free,"Gluten-Free Loaves, Bagels","By Udi Stryk on 24 Jan, 2025","By Udi Stryk on 24 Jan, 2025",,,0,PID-#657
"Beverages, Alcoholic Beverages,Beer,LagerAle",Beverages,Alcoholic Beverages,Beer,"Lager, Ale","By Udi Stryk on 24 Jan, 2025","By Udi Stryk on 24 Jan, 2025",,,0,PID-#645
"Beverages, Alcoholic Beverages,Cocktail Mixes,MargaritaBloody Mary",Beverages,Alcoholic Beverages,Cocktail Mixes,"Margarita, Bloody Mary","By Udi Stryk on 24 Jan, 2025","By Udi Stryk on 24 Jan, 2025",,,0,PID-#712
"Beverages, Cold Beverages,Bubble Tea Kits,Milk TeaFruit Tea",Beverages,Cold Beverages,Bubble Tea Kits,"Milk Tea, Fruit Tea","By Udi Stryk on 24 Jan, 2025","By Udi Stryk on 24 Jan, 2025",,,0,PID-#858
"Beverages, Cold Beverages,Cold Brew Coffee Concentrates,ClassicFlavored",Beverages,Cold Beverages,Cold Brew Coffee Concentrates,"Classic, Flavored","By Udi Stryk on 24 Jan, 2025","By Udi Stryk on 24 Jan, 2025",,,0,PID-#861
"Beverages, Cold Beverages,Cold Brew Coffee,ClassicFlavored",Beverages,Cold Beverages,Cold Brew Coffee,"Classic, Flavored","By Udi Stryk on 24 Jan, 2025","By Udi Stryk on 24 Jan, 2025",,,0,PID-#802
"Beverages, Cold Beverages,Cold Brew Coffee,ClassicFlavored",Beverages,Cold Beverages,Cold Brew Coffee,"Classic, Flavored","By Udi Stryk on 24 Jan, 2025","By Udi Stryk on 24 Jan, 2025",,,0,PID-#1003
"Beverages, Cold Beverages,Energy Drinks,Energy ShotCaffeinated Sparkling Water",Beverages,Cold Beverages,Energy Drinks,"Energy Shot, Caffeinated Sparkling Water","By Udi Stryk on 24 Jan, 2025","By Udi Stryk on 24 Jan, 2025",,,0,PID-#763
"Beverages, Cold Beverages,Energy Drinks,Sugar-FreeCaffeine-FreeFlavored",Beverages,Cold Beverages,Energy Drinks,"Sugar-Free, Caffeine-Free, Flavored","By Udi Stryk on 24 Jan, 2025","By Udi Stryk on 24 Jan, 2025",,,0,PID-#748
"Beverages, Cold Beverages,Energy Drinks,Sugar-FreeElectrolyte-Enriched",Beverages,Cold Beverages,Energy Drinks,"Sugar-Free, Electrolyte-Enriched","By Udi Stryk on 24 Jan, 2025","By Udi Stryk on 24 Jan, 2025",,,0,PID-#677
"Beverages, Cold Beverages,Flavored Seltzers,BerryCitrus",Beverages,Cold Beverages,Flavored Seltzers,"Berry, Citrus","By Udi Stryk on 24 Jan, 2025","By Udi Stryk on 24 Jan, 2025",,,0,PID-#854
"Beverages, Cold Beverages,Juices,Cranberry JuiceGrape JuiceTomato Juice",Beverages,Cold Beverages,Juices,"Cranberry Juice, Grape Juice, Tomato Juice","By Udi Stryk on 24 Jan, 2025","By Udi Stryk on 24 Jan, 2025",,,0,PID-#762
"Beverages, Cold Beverages,Juices,OrangeAppleMixed Berry",Beverages,Cold Beverages,Juices,"Orange, Apple, Mixed Berry","By Udi Stryk on 24 Jan, 2025","By Udi Stryk on 24 Jan, 2025",,,0,PID-#676
"Beverages, Cold Beverages,Smoothies,Ready-to-DrinkFrozen Packs",Beverages,Cold Beverages,Smoothies,"Ready-to-Drink, Frozen Packs","By Udi Stryk on 24 Jan, 2025","By Udi Stryk on 24 Jan, 2025",,,0,PID-#711
"Beverages, Cold Beverages,Soft Drinks,ColaLemon-Lime",Beverages,Cold Beverages,Soft Drinks,"Cola, Lemon-Lime","By Udi Stryk on 24 Jan, 2025","By Udi Stryk on 24 Jan, 2025",,,0,PID-#644
"Beverages, Cold Beverages,Soft Drinks,Root BeerGinger AleOrange Soda",Beverages,Cold Beverages,Soft Drinks,"Root Beer, Ginger Ale, Orange Soda","By Udi Stryk on 24 Jan, 2025","By Udi Stryk on 24 Jan, 2025",,,0,PID-#761
"Beverages, Cold Beverages,Sparkling Water,PlainFlavored",Beverages,Cold Beverages,Sparkling Water,"Plain, Flavored","By Udi Stryk on 24 Jan, 2025","By Udi Stryk on 24 Jan, 2025",,,0,PID-#853
"Beverages, Cold Beverages,Sparkling Water,PlainFlavored",Beverages,Cold Beverages,Sparkling Water,"Plain, Flavored","By Udi Stryk on 24 Jan, 2025","By Udi Stryk on 24 Jan, 2025",,,0,PID-#1001
"Beverages, Functional Drinks,Aloe Vera Drink,OriginalFruit-Infused",Beverages,Functional Drinks,Aloe Vera Drink,"Original, Fruit-Infused","By Udi Stryk on 24 Jan, 2025","By Udi Stryk on 24 Jan, 2025",,,0,PID-#800
"Beverages, Functional Drinks,Aloe Vera Juice,OriginalFruit-Infused",Beverages,Functional Drinks,Aloe Vera Juice,"Original, Fruit-Infused","By Udi Stryk on 24 Jan, 2025","By Udi Stryk on 24 Jan, 2025",,,0,PID-#856
"Beverages, Functional Drinks,Aloe Vera Juice,PlainFruit-Infused",Beverages,Functional Drinks,Aloe Vera Juice,"Plain, Fruit-Infused","By Udi Stryk on 24 Jan, 2025","By Udi Stryk on 24 Jan, 2025",,,0,PID-#1005
"Beverages, Functional Drinks,Coconut Water,OriginalFlavored",Beverages,Functional Drinks,Coconut Water,"Original, Flavored","By Udi Stryk on 24 Jan, 2025","By Udi Stryk on 24 Jan, 2025",,,0,PID-#1006
"Beverages, Functional Drinks,Coconut Water,PureFlavored",Beverages,Functional Drinks,Coconut Water,"Pure, Flavored","By Udi Stryk on 24 Jan, 2025","By Udi Stryk on 24 Jan, 2025",,,0,PID-#799
"Beverages, Functional Drinks,Electrolyte Beverages,Sports DrinksRehydration Mix",Beverages,Functional Drinks,Electrolyte Beverages,"Sports Drinks, Rehydration Mix","By Udi Stryk on 24 Jan, 2025","By Udi Stryk on 24 Jan, 2025",,,0,PID-#1008
"Beverages, Functional Drinks,Electrolyte Drinks,Sports DrinksRehydration Mixes",Beverages,Functional Drinks,Electrolyte Drinks,"Sports Drinks, Rehydration Mixes","By Udi Stryk on 24 Jan, 2025","By Udi Stryk on 24 Jan, 2025",,,0,PID-#860
"Beverages, Functional Drinks,Functional Beverages,Vitamin-EnhancedHerbal",Beverages,Functional Drinks,Functional Beverages,"Vitamin-Enhanced, Herbal","By Udi Stryk on 24 Jan, 2025","By Udi Stryk on 24 Jan, 2025",,,0,PID-#1010
"Beverages, Functional Drinks,Kombucha,GingerBerryLemon",Beverages,Functional Drinks,Kombucha,"Ginger, Berry, Lemon","By Udi Stryk on 24 Jan, 2025","By Udi Stryk on 24 Jan, 2025",,,0,PID-#798
"Beverages, Functional Drinks,Kombucha,GingerMixed Berry",Beverages,Functional Drinks,Kombucha,"Ginger, Mixed Berry","By Udi Stryk on 24 Jan, 2025","By Udi Stryk on 24 Jan, 2025",,,0,PID-#1002
"Beverages, Functional Drinks,Probiotic Drinks,KefirFermented Juice",Beverages,Functional Drinks,Probiotic Drinks,"Kefir, Fermented Juice","By Udi Stryk on 24 Jan, 2025","By Udi Stryk on 24 Jan, 2025",,,0,PID-#1007
"Beverages, Functional Drinks,Probiotic Drinks,KefirKombucha",Beverages,Functional Drinks,Probiotic Drinks,"Kefir, Kombucha","By Udi Stryk on 24 Jan, 2025","By Udi Stryk on 24 Jan, 2025",,,0,PID-#855
"Beverages, Functional Drinks,Protein Powder,WheyPlant-Based",Beverages,Functional Drinks,Protein Powder,"Whey, Plant-Based","By Udi Stryk on 24 Jan, 2025","By Udi Stryk on 24 Jan, 2025",,,0,PID-#859
"Beverages, Functional Drinks,Protein Shakes,VanillaChocolate",Beverages,Functional Drinks,Protein Shakes,"Vanilla, Chocolate","By Udi Stryk on 24 Jan, 2025","By Udi Stryk on 24 Jan, 2025",,,0,PID-#1004
"Beverages, Functional Drinks,Protein Shakes,VanillaChocolateVegan",Beverages,Functional Drinks,Protein Shakes,"Vanilla, Chocolate, Vegan","By Udi Stryk on 24 Jan, 2025","By Udi Stryk on 24 Jan, 2025",,,0,PID-#801
"Beverages, Hot Beverages,Coffee,Cold Brew CoffeeEspresso BeansCoffee Pods",Beverages,Hot Beverages,Coffee,"Cold Brew Coffee, Espresso Beans, Coffee Pods","By Udi Stryk on 24 Jan, 2025","By Udi Stryk on 24 Jan, 2025",,,0,PID-#765
"Beverages, Hot Beverages,Coffee,GroundInstant",Beverages,Hot Beverages,Coffee,"Ground, Instant","By Udi Stryk on 24 Jan, 2025","By Udi Stryk on 24 Jan, 2025",,,0,PID-#642
"Beverages, Hot Beverages,Herbal Tea Blends,ChamomileDetox",Beverages,Hot Beverages,Herbal Tea Blends,"Chamomile, Detox","By Udi Stryk on 24 Jan, 2025","By Udi Stryk on 24 Jan, 2025",,,0,PID-#862
"Beverages, Hot Beverages,Herbal Teas,ChamomilePeppermint",Beverages,Hot Beverages,Herbal Teas,"Chamomile, Peppermint","By Udi Stryk on 24 Jan, 2025","By Udi Stryk on 24 Jan, 2025",,,0,PID-#675
"Beverages, Hot Beverages,Matcha Powder,Culinary GradeCeremonial Grade",Beverages,Hot Beverages,Matcha Powder,"Culinary Grade, Ceremonial Grade","By Udi Stryk on 24 Jan, 2025","By Udi Stryk on 24 Jan, 2025",,,0,PID-#857
"Beverages, Hot Beverages,Specialty Coffee,EspressoCold Brew",Beverages,Hot Beverages,Specialty Coffee,"Espresso, Cold Brew","By Udi Stryk on 24 Jan, 2025","By Udi Stryk on 24 Jan, 2025",,,0,PID-#674
"Beverages, Hot Beverages,Tea,BlackGreen",Beverages,Hot Beverages,Tea,"Black, Green","By Udi Stryk on 24 Jan, 2025","By Udi Stryk on 22 Feb, 2025",,,0,PID-#643
"Beverages, Hot Beverages,Tea,Chai TeaIced Tea",Beverages,Hot Beverages,Tea,"Chai Tea, Iced Tea","By Udi Stryk on 24 Jan, 2025","By Udi Stryk on 24 Jan, 2025",,,0,PID-#764
"Beverages, Plant-Based,Plant-Based Milk Alternatives,OatAlmondCashew",Beverages,Plant-Based,Plant-Based Milk Alternatives,"Oat, Almond, Cashew","By Udi Stryk on 24 Jan, 2025","By Udi Stryk on 24 Jan, 2025",,,0,PID-#1009
"Beverages, Water,Infused Water,LemonCucumber",Beverages,Water,Infused Water,"Lemon, Cucumber","By Udi Stryk on 24 Jan, 2025","By Udi Stryk on 24 Jan, 2025",,,0,PID-#713
"Beverages, Water,Still Water,SpringPurified",Beverages,Water,Still Water,"Spring, Purified","By Udi Stryk on 24 Jan, 2025","By Udi Stryk on 24 Jan, 2025",,,0,PID-#646
"Cookies, biscuits & other sweet snacks, Chocolate ,Chocolate bars,Dark Chocolate BarsMilk Chocolate Bars","Cookies, biscuits & other sweet snacks",Chocolate ,Chocolate bars,"Dark Chocolate Bars, Milk Chocolate Bars","By Operation Manager on 2 Mar, 2025","By Operation Manager on 2 Mar, 2025","000090 - Milk Chocolate 32% Sugar-Free with Hazelnuts [Icam, Italy][Shufersal]","Chocolate bars, Foodz",0,PID-#1024
"Dairy and Alternatives, Butter and Margarine,Salted Butter,RegularGrass-Fed",Dairy and Alternatives,Butter and Margarine,Salted Butter,"Regular, Grass-Fed","By Udi Stryk on 24 Jan, 2025","By Udi Stryk on 24 Jan, 2025",,,0,PID-#659
"Dairy and Alternatives, Butter and Margarine,Unsalted Butter,RegularCultured",Dairy and Alternatives,Butter and Margarine,Unsalted Butter,"Regular, Cultured","By Udi Stryk on 24 Jan, 2025","By Udi Stryk on 24 Jan, 2025",,,0,PID-#660
"Dairy and Alternatives, Butter and Margarine,Vegan Spreads,Coconut-BasedSoy-Based",Dairy and Alternatives,Butter and Margarine,Vegan Spreads,"Coconut-Based, Soy-Based","By Udi Stryk on 24 Jan, 2025","By Udi Stryk on 24 Jan, 2025",,,0,PID-#661
"Dairy and Alternatives, Cheese,Hard Cheese,CheddarParmesan",Dairy and Alternatives,Cheese,Hard Cheese,"Cheddar, Parmesan","By Udi Stryk on 24 Jan, 2025","By Udi Stryk on 24 Jan, 2025",,,0,PID-#617
"Dairy and Alternatives, Cheese,International Cheeses,GoudaCamembertManchego",Dairy and Alternatives,Cheese,International Cheeses,"Gouda, Camembert, Manchego","By Udi Stryk on 24 Jan, 2025","By Udi Stryk on 24 Jan, 2025",,,0,PID-#697
"Dairy and Alternatives, Cheese,Processed Cheese,SlicesSpreads",Dairy and Alternatives,Cheese,Processed Cheese,"Slices, Spreads","By Udi Stryk on 24 Jan, 2025","By Udi Stryk on 24 Jan, 2025",,,0,PID-#696
"Dairy and Alternatives, Cheese,Soft Cheese,Cream CheeseBrie",Dairy and Alternatives,Cheese,Soft Cheese,"Cream Cheese, Brie","By Udi Stryk on 24 Jan, 2025","By Udi Stryk on 24 Jan, 2025",,,0,PID-#616
"Dairy and Alternatives, Ice Cream,Ice Cream,Frozen YogurtNon-Dairy Ice Cream",Dairy and Alternatives,Ice Cream,Ice Cream,"Frozen Yogurt, Non-Dairy Ice Cream","By Udi Stryk on 24 Jan, 2025","By Udi Stryk on 24 Jan, 2025",,,0,PID-#766
"Dairy and Alternatives, Milk,Cow's Milk,WholeSkimmed",Dairy and Alternatives,Milk,Cow's Milk,"Whole, Skimmed","By Udi Stryk on 24 Jan, 2025","By Udi Stryk on 24 Jan, 2025",,,0,PID-#614
"Dairy and Alternatives, Milk,Flavored Milk,ChocolateStrawberry",Dairy and Alternatives,Milk,Flavored Milk,"Chocolate, Strawberry","By Udi Stryk on 24 Jan, 2025","By Udi Stryk on 24 Jan, 2025",,,0,PID-#698
"Dairy and Alternatives, Milk,Plant-Based Milk,AlmondSoy",Dairy and Alternatives,Milk,Plant-Based Milk,"Almond, Soy","By Udi Stryk on 24 Jan, 2025","By Udi Stryk on 24 Jan, 2025",,,0,PID-#615
"Dairy and Alternatives, Plant-Based Alternatives,Plant-Based Butter,CoconutAvocado",Dairy and Alternatives,Plant-Based Alternatives,Plant-Based Butter,"Coconut, Avocado","By Udi Stryk on 24 Jan, 2025","By Udi Stryk on 24 Jan, 2025",,,0,PID-#699
"Dairy and Alternatives, Plant-Based,Almond Yogurt,PlainBerry",Dairy and Alternatives,Plant-Based,Almond Yogurt,"Plain, Berry","By Udi Stryk on 24 Jan, 2025","By Udi Stryk on 24 Jan, 2025",,,0,PID-#907
"Dairy and Alternatives, Plant-Based,Cashew Ice Cream,VanillaChocolate",Dairy and Alternatives,Plant-Based,Cashew Ice Cream,"Vanilla, Chocolate","By Udi Stryk on 24 Jan, 2025","By Udi Stryk on 24 Jan, 2025",,,0,PID-#822
"Dairy and Alternatives, Plant-Based,Cashew Milk,PlainVanilla",Dairy and Alternatives,Plant-Based,Cashew Milk,"Plain, Vanilla","By Udi Stryk on 24 Jan, 2025","By Udi Stryk on 24 Jan, 2025",,,0,PID-#903
"Dairy and Alternatives, Plant-Based,Coconut Cream,CannedWhipped",Dairy and Alternatives,Plant-Based,Coconut Cream,"Canned, Whipped","By Udi Stryk on 24 Jan, 2025","By Udi Stryk on 24 Jan, 2025",,,0,PID-#908
"Dairy and Alternatives, Plant-Based,Coconut Yogurt,PlainVanilla",Dairy and Alternatives,Plant-Based,Coconut Yogurt,"Plain, Vanilla","By Udi Stryk on 24 Jan, 2025","By Udi Stryk on 24 Jan, 2025",,,0,PID-#821
"Dairy and Alternatives, Plant-Based,Hemp Milk,PlainSweetened",Dairy and Alternatives,Plant-Based,Hemp Milk,"Plain, Sweetened","By Udi Stryk on 24 Jan, 2025","By Udi Stryk on 24 Jan, 2025",,,0,PID-#904
"Dairy and Alternatives, Plant-Based,Non-Dairy Whipped Topping,TubSpray",Dairy and Alternatives,Plant-Based,Non-Dairy Whipped Topping,"Tub, Spray","By Udi Stryk on 24 Jan, 2025","By Udi Stryk on 24 Jan, 2025",,,0,PID-#910
"Dairy and Alternatives, Plant-Based,Oat Milk,OriginalBarista Blend",Dairy and Alternatives,Plant-Based,Oat Milk,"Original, Barista Blend","By Udi Stryk on 24 Jan, 2025","By Udi Stryk on 24 Jan, 2025",,,0,PID-#818
"Dairy and Alternatives, Plant-Based,Plant-Based Ice Cream Sandwiches,VanillaChocolate",Dairy and Alternatives,Plant-Based,Plant-Based Ice Cream Sandwiches,"Vanilla, Chocolate","By Udi Stryk on 24 Jan, 2025","By Udi Stryk on 24 Jan, 2025",,,0,PID-#911
"Dairy and Alternatives, Plant-Based,Plant-Based Meat,Burger PattiesGround",Dairy and Alternatives,Plant-Based,Plant-Based Meat,"Burger Patties, Ground","By Udi Stryk on 24 Jan, 2025","By Udi Stryk on 24 Jan, 2025",,,0,PID-#820
"Dairy and Alternatives, Plant-Based,Rice Milk,OriginalVanilla",Dairy and Alternatives,Plant-Based,Rice Milk,"Original, Vanilla","By Udi Stryk on 24 Jan, 2025","By Udi Stryk on 24 Jan, 2025",,,0,PID-#905
"Dairy and Alternatives, Plant-Based,Soy Yogurt,PlainFlavored",Dairy and Alternatives,Plant-Based,Soy Yogurt,"Plain, Flavored","By Udi Stryk on 24 Jan, 2025","By Udi Stryk on 24 Jan, 2025",,,0,PID-#906
"Dairy and Alternatives, Plant-Based,Vegan Butter,SaltedUnsalted",Dairy and Alternatives,Plant-Based,Vegan Butter,"Salted, Unsalted","By Udi Stryk on 24 Jan, 2025","By Udi Stryk on 24 Jan, 2025",,,0,PID-#912
"Dairy and Alternatives, Plant-Based,Vegan Cheese,CheddarMozzarella",Dairy and Alternatives,Plant-Based,Vegan Cheese,"Cheddar, Mozzarella","By Udi Stryk on 24 Jan, 2025","By Udi Stryk on 24 Jan, 2025",,,0,PID-#819
"Dairy and Alternatives, Plant-Based,Vegan Sour Cream,Plain",Dairy and Alternatives,Plant-Based,Vegan Sour Cream,Plain,"By Udi Stryk on 24 Jan, 2025","By Udi Stryk on 24 Jan, 2025",,,0,PID-#909
"Dairy and Alternatives, Yogurt,Plant-Based Yogurt,CoconutAlmond",Dairy and Alternatives,Yogurt,Plant-Based Yogurt,"Coconut, Almond","By Udi Stryk on 24 Jan, 2025","By Udi Stryk on 24 Jan, 2025",,,0,PID-#619
"Dairy and Alternatives, Yogurt,Regular Yogurt,PlainFlavored",Dairy and Alternatives,Yogurt,Regular Yogurt,"Plain, Flavored","By Udi Stryk on 24 Jan, 2025","By Udi Stryk on 24 Jan, 2025",,,0,PID-#618
"Fresh Produce, Fruits,Berries,StrawberriesBlueberries",Fresh Produce,Fruits,Berries,"Strawberries, Blueberries","By Udi Stryk on 24 Jan, 2025","By Udi Stryk on 24 Jan, 2025",,,0,PID-#601
"Fresh Produce, Fruits,Citrus Fruits,OrangesLemons",Fresh Produce,Fruits,Citrus Fruits,"Oranges, Lemons","By Udi Stryk on 24 Jan, 2025","By Udi Stryk on 24 Jan, 2025",,,0,PID-#600
"Fresh Produce, Fruits,Exotic Fruits,PassionfruitRambutanDurian",Fresh Produce,Fruits,Exotic Fruits,"Passionfruit, Rambutan, Durian","By Udi Stryk on 24 Jan, 2025","By Udi Stryk on 24 Jan, 2025",,,0,PID-#689
"Fresh Produce, Fruits,Stone Fruits,PeachesCherries",Fresh Produce,Fruits,Stone Fruits,"Peaches, Cherries","By Udi Stryk on 24 Jan, 2025","By Udi Stryk on 24 Jan, 2025",,,0,PID-#602
"Fresh Produce, Fruits,Tropical Fruits,Dragon FruitLycheeStarfruit",Fresh Produce,Fruits,Tropical Fruits,"Dragon Fruit, Lychee, Starfruit","By Udi Stryk on 24 Jan, 2025","By Udi Stryk on 24 Jan, 2025",,,0,PID-#688
"Fresh Produce, Fruits,Tropical Fruits,MangoesPineapples",Fresh Produce,Fruits,Tropical Fruits,"Mangoes, Pineapples","By Udi Stryk on 24 Jan, 2025","By Udi Stryk on 24 Jan, 2025",,,0,PID-#599
"Fresh Produce, Herbs and Aromatics,Aromatics,GarlicGinger",Fresh Produce,Herbs and Aromatics,Aromatics,"Garlic, Ginger","By Udi Stryk on 24 Jan, 2025","By Udi Stryk on 24 Jan, 2025",,,0,PID-#607
"Fresh Produce, Herbs and Aromatics,Exotic Herbs,LemongrassCurry Leaves",Fresh Produce,Herbs and Aromatics,Exotic Herbs,"Lemongrass, Curry Leaves","By Udi Stryk on 24 Jan, 2025","By Udi Stryk on 24 Jan, 2025",,,0,PID-#692
"Fresh Produce, Herbs and Aromatics,Fresh Herbs,ParsleyCilantro",Fresh Produce,Herbs and Aromatics,Fresh Herbs,"Parsley, Cilantro","By Udi Stryk on 24 Jan, 2025","By Udi Stryk on 24 Jan, 2025",,,0,PID-#606
"Fresh Produce, Herbs and Aromatics,Herbs,BasilMintRosemary",Fresh Produce,Herbs and Aromatics,Herbs,"Basil, Mint, Rosemary","By Udi Stryk on 24 Jan, 2025","By Udi Stryk on 24 Jan, 2025",,,0,PID-#769
"Fresh Produce, Vegetables,Cruciferous,BroccoliCauliflower",Fresh Produce,Vegetables,Cruciferous,"Broccoli, Cauliflower","By Udi Stryk on 24 Jan, 2025","By Udi Stryk on 24 Jan, 2025",,,0,PID-#605
"Fresh Produce, Vegetables,Leafy Greens,SpinachLettuce",Fresh Produce,Vegetables,Leafy Greens,"Spinach, Lettuce","By Udi Stryk on 24 Jan, 2025","By Udi Stryk on 24 Jan, 2025",,,0,PID-#603
"Fresh Produce, Vegetables,Organic Vegetables,CarrotsSpinachKale",Fresh Produce,Vegetables,Organic Vegetables,"Carrots, Spinach, Kale","By Udi Stryk on 24 Jan, 2025","By Udi Stryk on 24 Jan, 2025",,,0,PID-#691
"Fresh Produce, Vegetables,Root Vegetables,CarrotsPotatoes",Fresh Produce,Vegetables,Root Vegetables,"Carrots, Potatoes","By Udi Stryk on 24 Jan, 2025","By Udi Stryk on 24 Jan, 2025",,,0,PID-#604
"Fresh Produce, Vegetables,Specialty Vegetables,ArtichokesFennelOkra",Fresh Produce,Vegetables,Specialty Vegetables,"Artichokes, Fennel, Okra","By Udi Stryk on 24 Jan, 2025","By Udi Stryk on 24 Jan, 2025",,,0,PID-#690
"Frozen Foods, Frozen Bakery,Frozen  Pizza Snacks,",Frozen Foods,Frozen Bakery,Frozen  Pizza Snacks,,"By Udi Stryk on 24 Jan, 2025","By Operation Manager on 6 Apr, 2025",,"Pizza of 29cm 340g, Foodz",0,PID-#871
"Frozen Foods, Frozen Bakery,Frozen Cauliflower Pizza Crust,PlainSeasoned",Frozen Foods,Frozen Bakery,Frozen Cauliflower Pizza Crust,"Plain, Seasoned","By Udi Stryk on 24 Jan, 2025","By Udi Stryk on 24 Jan, 2025",,,0,PID-#997
"Frozen Foods, Frozen BakeryPastries,Greek Pastries,Mini filled Rolls, Pies, Personal pies",Frozen Foods,"Frozen Bakery, Pastries",Greek Pastries,"Mini filled Rolls, Pies, Personal pies ","By Udi Stryk on 24 Jan, 2025","By Udi Stryk on 27 Jan, 2025",,,0,PID-#767
"Frozen Foods, Frozen Bowls,Açai Bowls,BerryTropical",Frozen Foods,Frozen Bowls,Açai Bowls,"Berry, Tropical","By Udi Stryk on 24 Jan, 2025","By Udi Stryk on 24 Jan, 2025",,,0,PID-#796
"Frozen Foods, Frozen Bowls,Acai Bowls,TropicalBerry",Frozen Foods,Frozen Bowls,Acai Bowls,"Tropical, Berry","By Udi Stryk on 24 Jan, 2025","By Udi Stryk on 24 Jan, 2025",,,0,PID-#863
"Frozen Foods, Frozen Bowls,Açai Bowls,TropicalMixed Berry",Frozen Foods,Frozen Bowls,Açai Bowls,"Tropical, Mixed Berry","By Udi Stryk on 24 Jan, 2025","By Udi Stryk on 24 Jan, 2025",,,0,PID-#996
"Frozen Foods, Frozen Bowls,Frozen Grain Bowls,QuinoaRice",Frozen Foods,Frozen Bowls,Frozen Grain Bowls,"Quinoa, Rice","By Udi Stryk on 24 Jan, 2025","By Udi Stryk on 24 Jan, 2025",,,0,PID-#1000
"Frozen Foods, Frozen Breakfast Items,Waffles,Plain WafflesBlueberry WafflesProtein Waffles",Frozen Foods,Frozen Breakfast Items,Waffles,"Plain Waffles, Blueberry Waffles, Protein Waffles","By Udi Stryk on 24 Jan, 2025","By Udi Stryk on 24 Jan, 2025",,,0,PID-#729
"Frozen Foods, Frozen Breakfast,Bagel Bites,PepperoniCheese",Frozen Foods,Frozen Breakfast,Bagel Bites,"Pepperoni, Cheese","By Udi Stryk on 24 Jan, 2025","By Udi Stryk on 24 Jan, 2025",,,0,PID-#921
"Frozen Foods, Frozen Breakfast,Breakfast Burritos,Egg and CheesePlant-Based",Frozen Foods,Frozen Breakfast,Breakfast Burritos,"Egg and Cheese, Plant-Based","By Udi Stryk on 24 Jan, 2025","By Udi Stryk on 24 Jan, 2025",,,0,PID-#914
"Frozen Foods, Frozen Breakfast,Breakfast Sandwiches,Egg and CheeseSausage",Frozen Foods,Frozen Breakfast,Breakfast Sandwiches,"Egg and Cheese, Sausage","By Udi Stryk on 24 Jan, 2025","By Udi Stryk on 24 Jan, 2025",,,0,PID-#920
"Frozen Foods, Frozen Breakfast,Croissant Sandwiches,Ham and CheeseSausage",Frozen Foods,Frozen Breakfast,Croissant Sandwiches,"Ham and Cheese, Sausage","By Udi Stryk on 24 Jan, 2025","By Udi Stryk on 24 Jan, 2025",,,0,PID-#922
"Frozen Foods, Frozen Breakfast,Smoothie Bowls,BerryTropical",Frozen Foods,Frozen Breakfast,Smoothie Bowls,"Berry, Tropical","By Udi Stryk on 24 Jan, 2025","By Udi Stryk on 24 Jan, 2025",,,0,PID-#915
"Frozen Foods, Frozen Desserts,Gelato,ChocolatePistachio",Frozen Foods,Frozen Desserts,Gelato,"Chocolate, Pistachio","By Udi Stryk on 24 Jan, 2025","By Udi Stryk on 24 Jan, 2025",,,0,PID-#947
"Frozen Foods, Frozen Desserts,Mochi Ice Cream,Green TeaMango",Frozen Foods,Frozen Desserts,Mochi Ice Cream,"Green Tea, Mango","By Udi Stryk on 24 Jan, 2025","By Udi Stryk on 24 Jan, 2025",,,0,PID-#872
"Frozen Foods, Frozen Desserts,Popsicles,Fruit-BasedCream-Based",Frozen Foods,Frozen Desserts,Popsicles,"Fruit-Based, Cream-Based","By Udi Stryk on 24 Jan, 2025","By Udi Stryk on 24 Jan, 2025",,,0,PID-#666
"Frozen Foods, Frozen Desserts,Sorbet,MangoRaspberry",Frozen Foods,Frozen Desserts,Sorbet,"Mango, Raspberry","By Udi Stryk on 24 Jan, 2025","By Udi Stryk on 24 Jan, 2025",,,0,PID-#948
"Frozen Foods, Frozen Desserts,Tiramisu,ClassicSingle-Serve",Frozen Foods,Frozen Desserts,Tiramisu,"Classic, Single-Serve","By Udi Stryk on 24 Jan, 2025","By Udi Stryk on 24 Jan, 2025",,,0,PID-#952
"Frozen Foods, Frozen Fruits and Vegetables,Frozen Fruit,Mixed BerriesMango Chunks",Frozen Foods,Frozen Fruits and Vegetables,Frozen Fruit,"Mixed Berries, Mango Chunks","By Udi Stryk on 24 Jan, 2025","By Udi Stryk on 24 Jan, 2025",,,0,PID-#793
"Frozen Foods, Frozen Fruits,Berries,StrawberriesBlueberries",Frozen Foods,Frozen Fruits,Berries,"Strawberries, Blueberries","By Udi Stryk on 24 Jan, 2025","By Udi Stryk on 24 Jan, 2025",,,0,PID-#627
"Frozen Foods, Frozen Herbs,Frozen Herb Cubes,BasilParsley",Frozen Foods,Frozen Herbs,Frozen Herb Cubes,"Basil, Parsley","By Udi Stryk on 24 Jan, 2025","By Udi Stryk on 24 Jan, 2025",,,0,PID-#869
"Frozen Foods, Frozen Meals,Diet-Specific,Low-Calorie MealsKeto Meals",Frozen Foods,Frozen Meals,Diet-Specific,"Low-Calorie Meals, Keto Meals","By Udi Stryk on 24 Jan, 2025","By Udi Stryk on 24 Jan, 2025",,,0,PID-#703
"Frozen Foods, Frozen Meals,Frozen Burritos,BeefBeanChicken",Frozen Foods,Frozen Meals,Frozen Burritos,"Beef, Bean, Chicken","By Udi Stryk on 24 Jan, 2025","By Udi Stryk on 24 Jan, 2025",,,0,PID-#939
"Frozen Foods, Frozen Meals,Frozen Stir-Fry Mix,VegetableChickenShrimp",Frozen Foods,Frozen Meals,Frozen Stir-Fry Mix,"Vegetable, Chicken, Shrimp","By Udi Stryk on 24 Jan, 2025","By Udi Stryk on 24 Jan, 2025",,,0,PID-#797
"Frozen Foods, Frozen Meals,Pizza,CheesePepperoni",Frozen Foods,Frozen Meals,Pizza,"Cheese, Pepperoni","By Udi Stryk on 24 Jan, 2025","By Udi Stryk on 24 Jan, 2025",,,0,PID-#625
"Frozen Foods, Frozen Meals,Ready-to-Eat Dinners,LasagnaStir-Fry",Frozen Foods,Frozen Meals,Ready-to-Eat Dinners,"Lasagna, Stir-Fry","By Udi Stryk on 24 Jan, 2025","By Udi Stryk on 24 Jan, 2025",,,0,PID-#665
"Frozen Foods, Frozen Meals,Stuffed Peppers,BeefVegetarian",Frozen Foods,Frozen Meals,Stuffed Peppers,"Beef, Vegetarian","By Udi Stryk on 24 Jan, 2025","By Udi Stryk on 24 Jan, 2025",,,0,PID-#941
"Frozen Foods, Frozen Smoothies,Frozen Fruit Smoothie Packs,BerryTropical",Frozen Foods,Frozen Smoothies,Frozen Fruit Smoothie Packs,"Berry, Tropical","By Udi Stryk on 24 Jan, 2025","By Udi Stryk on 24 Jan, 2025",,,0,PID-#993
"Frozen Foods, Frozen Smoothies,Frozen Smoothie Packs,BerryGreen",Frozen Foods,Frozen Smoothies,Frozen Smoothie Packs,"Berry, Green","By Udi Stryk on 24 Jan, 2025","By Udi Stryk on 24 Jan, 2025",,,0,PID-#867
"Frozen Foods, Frozen Vegetables,Asian Vegetables,EdamameBamboo Shoots",Frozen Foods,Frozen Vegetables,Asian Vegetables,"Edamame, Bamboo Shoots","By Udi Stryk on 24 Jan, 2025","By Udi Stryk on 24 Jan, 2025",,,0,PID-#702
"Frozen Foods, Frozen Vegetables,Cauliflower Rice,PlainSeasoned",Frozen Foods,Frozen Vegetables,Cauliflower Rice,"Plain, Seasoned","By Udi Stryk on 24 Jan, 2025","By Udi Stryk on 24 Jan, 2025",,,0,PID-#864
"Frozen Foods, Frozen Vegetables,Cauliflower Rice,PlainSeasoned",Frozen Foods,Frozen Vegetables,Cauliflower Rice,"Plain, Seasoned","By Udi Stryk on 24 Jan, 2025","By Udi Stryk on 24 Jan, 2025",,,0,PID-#992
"Frozen Foods, Frozen Vegetables,Edamame,ShelledIn Pod",Frozen Foods,Frozen Vegetables,Edamame,"Shelled, In Pod","By Udi Stryk on 24 Jan, 2025","By Udi Stryk on 24 Jan, 2025",,,0,PID-#868
"Frozen Foods, Frozen Vegetables,Frozen Edamame,ShelledIn Pod",Frozen Foods,Frozen Vegetables,Frozen Edamame,"Shelled, In Pod","By Udi Stryk on 24 Jan, 2025","By Udi Stryk on 24 Jan, 2025",,,0,PID-#998
"Frozen Foods, Frozen Vegetables,Frozen Spiralized Vegetables,ZucchiniSweet Potato",Frozen Foods,Frozen Vegetables,Frozen Spiralized Vegetables,"Zucchini, Sweet Potato","By Udi Stryk on 24 Jan, 2025","By Udi Stryk on 24 Jan, 2025",,,0,PID-#995
"Frozen Foods, Frozen Vegetables,Mixed Vegetables,PeasCorn",Frozen Foods,Frozen Vegetables,Mixed Vegetables,"Peas, Corn","By Udi Stryk on 24 Jan, 2025","By Operation Manager on 3 Apr, 2025","000032 - EXTRA FINE GARDEN PEAS EK1(600G) [Ardo, Belgium][Shufersal], 000033 - EXTRA FINE GREEN BEANS BH1(600G) [Ardo, Belgium][Shufersal], 000035 - CUT GREEN BEANS BG4(800G) [Ardo, Belgium][Shufersal], 000054 - GREEN PEAS [Ardo, Belgium][Shufersal], 000057 - MIX PEAS AND CARROT [Ardo, Belgium][Shufersal], 000059 - REGUIAR GREEN BEANS BH3(800G) [Ardo, Belgium][Shufersal], 000428 - Frozen Org Gr Peas xf  16*600g passover [Greenyard Frozen, Belgium][], 000429 - Frozen Organic Gr Peas Extra Fine 16*600g [Greenyard Frozen, Belgium][Harduf - All Organics]","Frozen Vegetables, Shufersal, Organic frozen vegetables , Harduf - All Organics, Frozen french- fries, proplus, ProPlus, Frozen Vegteble 2.5 kg Ardo, Shufersal",0,PID-#626
"Frozen Foods, Frozen Vegetables,Potato Foods,Frech Fries, Potato slices (Potatoes)",Frozen Foods,Frozen Vegetables,Potato Foods,"Frech Fries, Potato slices (Potatoes)","By Udi Stryk on 25 Jan, 2025","By Udi Stryk on 16 Feb, 2025","000054 - GREEN PEAS [Ardo, Belgium][Shufersal], 000057 - MIX PEAS AND CARROT [Ardo, Belgium][Shufersal], 000059 - REGUIAR GREEN BEANS BH3(800G) [Ardo, Belgium][Shufersal]","Frozen French fries, Dor Alon",0,PID-#1012
"Frozen Foods, Frozen Vegetables,Zucchini Noodles,PlainGarlic-Seasoned",Frozen Foods,Frozen Vegetables,Zucchini Noodles,"Plain, Garlic-Seasoned","By Udi Stryk on 24 Jan, 2025","By Udi Stryk on 24 Jan, 2025",,,0,PID-#865
"Frozen Foods, Ice Cream and Desserts,Ice Cream,VanillaChocolate",Frozen Foods,Ice Cream and Desserts,Ice Cream,"Vanilla, Chocolate","By Udi Stryk on 24 Jan, 2025","By Udi Stryk on 24 Jan, 2025",,"ice cream in cones like Nestle's gumi-gam, Leiman Schlussel Ltd",0,PID-#628
"Frozen Foods, International,Frozen Dumplings,VegetableChicken",Frozen Foods,International,Frozen Dumplings,"Vegetable, Chicken","By Udi Stryk on 24 Jan, 2025","By Udi Stryk on 24 Jan, 2025",,,0,PID-#999
"Frozen Foods, International,Frozen Dumplings,VegetableChickenPork",Frozen Foods,International,Frozen Dumplings,"Vegetable, Chicken, Pork","By Udi Stryk on 24 Jan, 2025","By Udi Stryk on 24 Jan, 2025",,,0,PID-#795
"Frozen Foods, Plant-Based,Jackfruit,BBQPlain",Frozen Foods,Plant-Based,Jackfruit,"BBQ, Plain","By Udi Stryk on 24 Jan, 2025","By Udi Stryk on 24 Jan, 2025",,,0,PID-#870
"Frozen Foods, Plant-Based,Plant-Based Meat Alternatives,Burger PattiesGround",Frozen Foods,Plant-Based,Plant-Based Meat Alternatives,"Burger Patties, Ground","By Udi Stryk on 24 Jan, 2025","By Udi Stryk on 24 Jan, 2025",,,0,PID-#994
"Frozen Foods, Plant-Based,Plant-Based Meat Alternatives,Burger PattiesSausages",Frozen Foods,Plant-Based,Plant-Based Meat Alternatives,"Burger Patties, Sausages","By Udi Stryk on 24 Jan, 2025","By Udi Stryk on 24 Jan, 2025",,,0,PID-#866
"Frozen Foods, Plant-Based,Veggie Burgers,Black BeanMushroom",Frozen Foods,Plant-Based,Veggie Burgers,"Black Bean, Mushroom","By Udi Stryk on 24 Jan, 2025","By Udi Stryk on 24 Jan, 2025",,,0,PID-#991
"Frozen Foods, Plant-Based,Veggie Burgers,Black BeanMushroom-Based",Frozen Foods,Plant-Based,Veggie Burgers,"Black Bean, Mushroom-Based","By Udi Stryk on 24 Jan, 2025","By Udi Stryk on 24 Jan, 2025",,,0,PID-#794
"Frozen products, Frozen Vegetables,Chips,Potato Chips",Frozen products,Frozen Vegetables,Chips,Potato Chips,"By Operation Manager on 1 Feb, 2025","By Operation Manager on 1 Feb, 2025",,"Frozen french- fries, proplus, ProPlus",0,PID-#1017
"Frozen products, Frozen Vegetables,Frozen French fries,",Frozen products,Frozen Vegetables,Frozen French fries,,"By Success Management on 5 Mar, 2025","By Operation Manager on 2 Apr, 2025","000398 - Frozen French fries  [Bergia frites, Netherlands][ProPlus], 000444 - Frozen French fries  [Bergia frites, Netherlands][Carrefour], 000445 - Frozen French fries  [Bergia frites, Netherlands][Carrefour], 000446 - Frozen French fries  [Bergia frites, Netherlands][Carrefour]","Frozen french fries 9X9 - Carrefour, Carrefour",0,PID-#1027
"Frozen products, Frozen Vegetables,Frozen Legumes,frozen Beans",Frozen products,Frozen Vegetables,Frozen Legumes,frozen Beans,"By Operation Manager on 20 Feb, 2025","By Operation Manager on 20 Feb, 2025",,"Frozen vegtable Achim Cohen , Achim Cohen",0,PID-#1022
"Frozen products, Frozen Vegetables,Frozen Vegetables,Frozen vegetables & fruits- organic",Frozen products,Frozen Vegetables,Frozen Vegetables,Frozen vegetables & fruits- organic,"By Operation Manager on 17 Feb, 2025","By Operation Manager on 17 Feb, 2025",,"Organic Frozen vegetables, Harduf - All Organics",0,PID-#1020
"Health and Specialty Foods, Baking Supplies,Coconut Flour,RegularOrganic",Health and Specialty Foods,Baking Supplies,Coconut Flour,"Regular, Organic","By Udi Stryk on 24 Jan, 2025","By Udi Stryk on 24 Jan, 2025",,,0,PID-#990
"Health and Specialty Foods, Condiments,Coconut Aminos,PlainGarlic-Infused",Health and Specialty Foods,Condiments,Coconut Aminos,"Plain, Garlic-Infused","By Udi Stryk on 24 Jan, 2025","By Udi Stryk on 24 Jan, 2025",,,0,PID-#832
"Health and Specialty Foods, Dips and Spreads,Tahini,ClassicOrganic",Health and Specialty Foods,Dips and Spreads,Tahini,"Classic, Organic","By Udi Stryk on 24 Jan, 2025","By Udi Stryk on 24 Jan, 2025",,,0,PID-#831
"Health and Specialty Foods, Drinks,Kefir,PlainFlavored",Health and Specialty Foods,Drinks,Kefir,"Plain, Flavored","By Udi Stryk on 24 Jan, 2025","By Udi Stryk on 24 Jan, 2025",,,0,PID-#982
"Health and Specialty Foods, Drinks,Kombucha,GingerBerry",Health and Specialty Foods,Drinks,Kombucha,"Ginger, Berry","By Udi Stryk on 24 Jan, 2025","By Udi Stryk on 24 Jan, 2025",,,0,PID-#981
"Health and Specialty Foods, Fermented Foods,Miso Paste,WhiteRed",Health and Specialty Foods,Fermented Foods,Miso Paste,"White, Red","By Udi Stryk on 24 Jan, 2025","By Udi Stryk on 24 Jan, 2025",,,0,PID-#830
"Health and Specialty Foods, Functional Drinks,Detox Teas,Liver CleanseDigestive",Health and Specialty Foods,Functional Drinks,Detox Teas,"Liver Cleanse, Digestive","By Udi Stryk on 24 Jan, 2025","By Udi Stryk on 24 Jan, 2025",,,0,PID-#959
"Health and Specialty Foods, Functional Drinks,Electrolyte Powders,LemonBerry",Health and Specialty Foods,Functional Drinks,Electrolyte Powders,"Lemon, Berry","By Udi Stryk on 24 Jan, 2025","By Udi Stryk on 24 Jan, 2025",,,0,PID-#960
"Health and Specialty Foods, Gluten-Free,Bakery,BreadCakesCookies",Health and Specialty Foods,Gluten-Free,Bakery,"Bread, Cakes, Cookies","By Udi Stryk on 24 Jan, 2025","By Udi Stryk on 25 Jan, 2025","000100 - double cookey gluten free / Green Sandwich Cookie [Coppenrath Feingebäck GmbH, Germany][Shufersal]",,0,PID-#648
"Health and Specialty Foods, Gluten-Free,PastaGnocchi,SpaghettiPenneFusiliFarfaleGnocchi",Health and Specialty Foods,Gluten-Free,"Pasta, Gnocchi","Spaghetti, Penne, Fusili, Farfale, Gnocchi","By Udi Stryk on 24 Jan, 2025","By Udi Stryk on 27 Jan, 2025","000076 - Gluten-free gnocchi, 500 gr (KOSHER FOR PASSOVER) [Ciemme, Italy][Shufersal], 000099 - gnocchi tri-color gluten-free 400(KOSHER FOR PASSOVER) [Ciemme, Italy][Shufersal]","Potato Gnocchi - with/ without gluten, Shufersal, Pasta, Shufersal",0,PID-#630
"Health and Specialty Foods, Gluten-Free,Snacks,CrackersPretzels",Health and Specialty Foods,Gluten-Free,Snacks,"Crackers, Pretzels","By Udi Stryk on 24 Jan, 2025","By Udi Stryk on 24 Jan, 2025",,,0,PID-#679
"Health and Specialty Foods, Health Drinks,Bone Broth,ChickenBeef",Health and Specialty Foods,Health Drinks,Bone Broth,"Chicken, Beef","By Udi Stryk on 24 Jan, 2025","By Udi Stryk on 24 Jan, 2025",,,0,PID-#806
"Health and Specialty Foods, Health Supplements,Collagen Powder,UnflavoredFlavored",Health and Specialty Foods,Health Supplements,Collagen Powder,"Unflavored, Flavored","By Udi Stryk on 24 Jan, 2025","By Udi Stryk on 24 Jan, 2025",,,0,PID-#807
"Health and Specialty Foods, Keto-Friendly,Baking Mixes,Almond Flour Mixes",Health and Specialty Foods,Keto-Friendly,Baking Mixes,Almond Flour Mixes,"By Udi Stryk on 24 Jan, 2025","By Udi Stryk on 24 Jan, 2025",,,0,PID-#680
"Health and Specialty Foods, Keto-Friendly,Snacks,Cheese CrispsKeto Bars",Health and Specialty Foods,Keto-Friendly,Snacks,"Cheese Crisps, Keto Bars","By Udi Stryk on 24 Jan, 2025","By Udi Stryk on 24 Jan, 2025",,,0,PID-#716
"Health and Specialty Foods, Keto-Friendly,Snacks,Low-Carb BarsChips",Health and Specialty Foods,Keto-Friendly,Snacks,"Low-Carb Bars, Chips","By Udi Stryk on 24 Jan, 2025","By Udi Stryk on 24 Jan, 2025",,,0,PID-#649
"Health and Specialty Foods, Meal Replacements,Meal Replacement Shakes,ChocolateVanilla",Health and Specialty Foods,Meal Replacements,Meal Replacement Shakes,"Chocolate, Vanilla","By Udi Stryk on 24 Jan, 2025","By Udi Stryk on 24 Jan, 2025",,,0,PID-#961
"Health and Specialty Foods, Organic Foods,Dried Fruits,Dried/ dry fruits",Health and Specialty Foods,Organic Foods,Dried Fruits,Dried/ dry fruits,"By Udi Stryk on 24 Jan, 2025","By Success Management on 29 Jan, 2025",,"Sultanas Organic 250 and 500  gr., Shufersal",0,PID-#647
"Health and Specialty Foods, Organic Foods,Organic Snacks,CookiesSalty sancksWafersMini CrackersMini wafers",Health and Specialty Foods,Organic Foods,Organic Snacks,"Cookies, Salty sancks, Wafers, Mini Crackers, Mini wafers","By Udi Stryk on 24 Jan, 2025","By Udi Stryk on 27 Jan, 2025","000239 - Corn, whole rice, and buckwheat crispy snack 60 grams Harduf [Castelfood srl, Italy][Harduf - All Organics], 000243 - Whole rice and pea crisp snack [Castelfood srl, Italy][Harduf - All Organics], 000244 - Organic corn and black rice snack [Castelfood srl, Italy][Harduf - All Organics], 000245 - Red Lentil and Organic Black Rice Snack [Castelfood srl, Italy][Harduf - All Organics], 000246 - Organic corn and buckwheat snack [Castelfood srl, Italy][Harduf - All Organics], 000247 - Corn Cakes Snack with Legumes
60 grams Harduf [Castelfood srl, Italy][Harduf - All Organics], 000359 - organic corn cakes [Castelfood srl, Italy][Harduf - All Organics]","Organic Whole Rice and Legumes Snack, Harduf - All Organics",0,PID-#714
"Health and Specialty Foods, Organic Foods,Produce,FruitsVegetables",Health and Specialty Foods,Organic Foods,Produce,"Fruits, Vegetables","By Success Management on 29 Jan, 2025","By Success Management on 29 Jan, 2025",,,0,PID-#1013
"Health and Specialty Foods, Plant-Based Protein,Seitan,OriginalSpicy",Health and Specialty Foods,Plant-Based Protein,Seitan,"Original, Spicy","By Udi Stryk on 24 Jan, 2025","By Udi Stryk on 24 Jan, 2025",,,0,PID-#829
"Health and Specialty Foods, Plant-Based Protein,Tempeh,PlainFlavored",Health and Specialty Foods,Plant-Based Protein,Tempeh,"Plain, Flavored","By Udi Stryk on 24 Jan, 2025","By Udi Stryk on 24 Jan, 2025",,,0,PID-#828
"Health and Specialty Foods, Protein Snacks,Plant-Based Protein Bars,ChocolatePeanut Butter",Health and Specialty Foods,Protein Snacks,Plant-Based Protein Bars,"Chocolate, Peanut Butter","By Udi Stryk on 24 Jan, 2025","By Udi Stryk on 24 Jan, 2025",,,0,PID-#953
"Health and Specialty Foods, Snacks,Seaweed Snacks,RoastedFlavored",Health and Specialty Foods,Snacks,Seaweed Snacks,"Roasted, Flavored","By Udi Stryk on 24 Jan, 2025","By Udi Stryk on 24 Jan, 2025",,,0,PID-#984
"Health and Specialty Foods, Specialty Grains,Couscous,RegularWhole Wheat",Health and Specialty Foods,Specialty Grains,Couscous,"Regular, Whole Wheat","By Operation Manager on 29 Jan, 2025","By Operation Manager on 29 Jan, 2025",,,0,PID-#1015
"Health and Specialty Foods, Specialty Grains,Quinoa,WhiteRedTri-Color",Health and Specialty Foods,Specialty Grains,Quinoa,"White, Red, Tri-Color","By Udi Stryk on 24 Jan, 2025","By Udi Stryk on 24 Jan, 2025",,,0,PID-#823
"Health and Specialty Foods, Specialty Grains,Rice,Risottos",Health and Specialty Foods,Specialty Grains,Rice,Risottos,"By Udi Stryk on 24 Jan, 2025","By Operation Manager on 29 Jan, 2025",,,0,PID-#824
"Health and Specialty Foods, Superfoods,Açai Powder,Organic",Health and Specialty Foods,Superfoods,Açai Powder,Organic,"By Udi Stryk on 24 Jan, 2025","By Udi Stryk on 24 Jan, 2025",,,0,PID-#987
"Health and Specialty Foods, Superfoods,Chia Seeds,BlackWhite",Health and Specialty Foods,Superfoods,Chia Seeds,"Black, White","By Udi Stryk on 24 Jan, 2025","By Udi Stryk on 24 Jan, 2025",,,0,PID-#803
"Health and Specialty Foods, Superfoods,Chia Seeds,BlackWhite",Health and Specialty Foods,Superfoods,Chia Seeds,"Black, White","By Udi Stryk on 24 Jan, 2025","By Udi Stryk on 24 Jan, 2025",,,0,PID-#825
"Health and Specialty Foods, Superfoods,Chia Seeds,BlackWhite",Health and Specialty Foods,Superfoods,Chia Seeds,"Black, White","By Udi Stryk on 24 Jan, 2025","By Udi Stryk on 24 Jan, 2025",,,0,PID-#985
"Health and Specialty Foods, Superfoods,Flax Seeds,GroundWhole",Health and Specialty Foods,Superfoods,Flax Seeds,"Ground, Whole","By Udi Stryk on 24 Jan, 2025","By Udi Stryk on 24 Jan, 2025",,,0,PID-#826
"Health and Specialty Foods, Superfoods,Goji Berries,DriedPowder",Health and Specialty Foods,Superfoods,Goji Berries,"Dried, Powder","By Udi Stryk on 24 Jan, 2025","By Udi Stryk on 24 Jan, 2025",,,0,PID-#986
"Health and Specialty Foods, Superfoods,Hemp Hearts,ShelledOrganic",Health and Specialty Foods,Superfoods,Hemp Hearts,"Shelled, Organic","By Udi Stryk on 24 Jan, 2025","By Udi Stryk on 24 Jan, 2025",,,0,PID-#989
"Health and Specialty Foods, Superfoods,Matcha Powder,CulinaryCeremonial",Health and Specialty Foods,Superfoods,Matcha Powder,"Culinary, Ceremonial","By Udi Stryk on 24 Jan, 2025","By Udi Stryk on 24 Jan, 2025",,,0,PID-#988
"Health and Specialty Foods, Superfoods,Nutritional Yeast,FlakesPowder",Health and Specialty Foods,Superfoods,Nutritional Yeast,"Flakes, Powder","By Udi Stryk on 24 Jan, 2025","By Udi Stryk on 24 Jan, 2025",,,0,PID-#804
"Health and Specialty Foods, Superfoods,Nutritional Yeast,FlakesPowder",Health and Specialty Foods,Superfoods,Nutritional Yeast,"Flakes, Powder","By Udi Stryk on 24 Jan, 2025","By Udi Stryk on 24 Jan, 2025",,,0,PID-#827
"Health and Specialty Foods, Superfoods,Nutritional Yeast,FlakesPowder",Health and Specialty Foods,Superfoods,Nutritional Yeast,"Flakes, Powder","By Udi Stryk on 24 Jan, 2025","By Udi Stryk on 24 Jan, 2025",,,0,PID-#983
"Health and Specialty Foods, Superfoods,Spirulina Powder,OrganicRegular",Health and Specialty Foods,Superfoods,Spirulina Powder,"Organic, Regular","By Udi Stryk on 24 Jan, 2025","By Udi Stryk on 24 Jan, 2025",,,0,PID-#805
"Health and Specialty Foods, Superfoods,Superfood Powders,AcaiSpirulina",Health and Specialty Foods,Superfoods,Superfood Powders,"Acai, Spirulina","By Udi Stryk on 24 Jan, 2025","By Udi Stryk on 24 Jan, 2025",,,0,PID-#958
"Health and Specialty Foods, Supplements,Collagen Peptides,UnflavoredFlavored",Health and Specialty Foods,Supplements,Collagen Peptides,"Unflavored, Flavored","By Udi Stryk on 24 Jan, 2025","By Udi Stryk on 24 Jan, 2025",,,0,PID-#957
"Health and Specialty Foods, Supplements,Herbal Supplements,TurmericGinger",Health and Specialty Foods,Supplements,Herbal Supplements,"Turmeric, Ginger","By Udi Stryk on 24 Jan, 2025","By Udi Stryk on 24 Jan, 2025",,,0,PID-#956
"Health and Specialty Foods, Supplements,Omega 3 Supplements,CapsulesGummies",Health and Specialty Foods,Supplements,Omega 3 Supplements,"Capsules, Gummies","By Udi Stryk on 24 Jan, 2025","By Udi Stryk on 24 Jan, 2025",,,0,PID-#954
"Health and Specialty Foods, Supplements,Probiotic Capsules,DailyHigh-Strength",Health and Specialty Foods,Supplements,Probiotic Capsules,"Daily, High-Strength","By Udi Stryk on 24 Jan, 2025","By Udi Stryk on 24 Jan, 2025",,,0,PID-#955
"Health and Specialty Foods, Supplements,Vitamin Gummies,MultivitaminVitamin C",Health and Specialty Foods,Supplements,Vitamin Gummies,"Multivitamin, Vitamin C","By Udi Stryk on 24 Jan, 2025","By Udi Stryk on 24 Jan, 2025",,,0,PID-#962
"Health and Specialty Foods, Vegan Products,Meat Alternatives,Soy-BasedSeitan",Health and Specialty Foods,Vegan Products,Meat Alternatives,"Soy-Based, Seitan","By Udi Stryk on 24 Jan, 2025","By Udi Stryk on 24 Jan, 2025",,,0,PID-#678
"Health and Specialty Foods, Vegan Products,Tofu,FirmSilkenFlavored",Health and Specialty Foods,Vegan Products,Tofu,"Firm, Silken, Flavored","By Udi Stryk on 24 Jan, 2025","By Udi Stryk on 24 Jan, 2025",,,0,PID-#755
"Health and Specialty Foods, Vegan Products,Vegan Sweets,CookiesIce Cream",Health and Specialty Foods,Vegan Products,Vegan Sweets,"Cookies, Ice Cream","By Udi Stryk on 24 Jan, 2025","By Udi Stryk on 24 Jan, 2025",,,0,PID-#715
"International Foods, Asian Cuisine,Coconut Milk,LightFull-Fat",International Foods,Asian Cuisine,Coconut Milk,"Light, Full-Fat","By Udi Stryk on 24 Jan, 2025","By Udi Stryk on 24 Jan, 2025",,,0,PID-#972
"International Foods, Asian Cuisine,Curry Paste,GreenRedYellow",International Foods,Asian Cuisine,Curry Paste,"Green, Red, Yellow","By Udi Stryk on 24 Jan, 2025","By Udi Stryk on 24 Jan, 2025",,,0,PID-#974
"International Foods, Asian Cuisine,Miso Soup Mix,White MisoRed Miso",International Foods,Asian Cuisine,Miso Soup Mix,"White Miso, Red Miso","By Udi Stryk on 24 Jan, 2025","By Udi Stryk on 24 Jan, 2025",,,0,PID-#978
"International Foods, Asian Cuisine,Noodles,RamenRice Noodles",International Foods,Asian Cuisine,Noodles,"Ramen, Rice Noodles","By Udi Stryk on 24 Jan, 2025","By Udi Stryk on 24 Jan, 2025",,,0,PID-#683
"International Foods, Asian Cuisine,Nori Sheets,Full-SizedSnack-Sized",International Foods,Asian Cuisine,Nori Sheets,"Full-Sized, Snack-Sized","By Udi Stryk on 24 Jan, 2025","By Udi Stryk on 24 Jan, 2025",,,0,PID-#977
"International Foods, Asian Cuisine,Rice Noodles,ThinWide",International Foods,Asian Cuisine,Rice Noodles,"Thin, Wide","By Udi Stryk on 24 Jan, 2025","By Udi Stryk on 24 Jan, 2025",,,0,PID-#973
"International Foods, Asian Cuisine,Rice,Sushi RiceJasmine Rice",International Foods,Asian Cuisine,Rice,"Sushi Rice, Jasmine Rice","By Udi Stryk on 24 Jan, 2025","By Udi Stryk on 24 Jan, 2025",,,0,PID-#684
"International Foods, Asian Cuisine,Sauces,Soy SauceTeriyaki",International Foods,Asian Cuisine,Sauces,"Soy Sauce, Teriyaki","By Udi Stryk on 24 Jan, 2025","By Udi Stryk on 24 Jan, 2025",,,0,PID-#653
"International Foods, Asian Cuisine,Soy Sauce,RegularLow-Sodium",International Foods,Asian Cuisine,Soy Sauce,"Regular, Low-Sodium","By Udi Stryk on 24 Jan, 2025","By Udi Stryk on 24 Jan, 2025",,,0,PID-#975
"International Foods, Asian Cuisine,Sriracha Sauce,ClassicExtra Spicy",International Foods,Asian Cuisine,Sriracha Sauce,"Classic, Extra Spicy","By Udi Stryk on 24 Jan, 2025","By Udi Stryk on 24 Jan, 2025",,,0,PID-#971
"International Foods, Asian Cuisine,Wasabi Paste,TubePowder",International Foods,Asian Cuisine,Wasabi Paste,"Tube, Powder","By Udi Stryk on 24 Jan, 2025","By Udi Stryk on 24 Jan, 2025",,,0,PID-#976
"International Foods, French Cuisine,Desserts,MacaronsEclairs",International Foods,French Cuisine,Desserts,"Macarons, Eclairs","By Udi Stryk on 24 Jan, 2025","By Udi Stryk on 24 Jan, 2025",,,0,PID-#723
"International Foods, Holland,Bakery,Stroopwafels",International Foods,Holland,Bakery,Stroopwafels,"By Udi Stryk on 24 Jan, 2025","By Operation Manager on 29 Jan, 2025",,,0,PID-#654
"International Foods, Indian Cuisine,Breads,NaanRoti",International Foods,Indian Cuisine,Breads,"Naan, Roti","By Udi Stryk on 24 Jan, 2025","By Udi Stryk on 24 Jan, 2025",,,0,PID-#686
"International Foods, Indian Cuisine,Curry Paste,GreenRedYellow",International Foods,Indian Cuisine,Curry Paste,"Green, Red, Yellow","By Udi Stryk on 24 Jan, 2025","By Udi Stryk on 24 Jan, 2025",,,0,PID-#792
"International Foods, Indian Cuisine,Naan Bread,PlainGarlicWhole Wheat",International Foods,Indian Cuisine,Naan Bread,"Plain, Garlic, Whole Wheat","By Udi Stryk on 24 Jan, 2025","By Udi Stryk on 24 Jan, 2025",,,0,PID-#789
"International Foods, Indian Cuisine,Spices,CurryGaram Masala",International Foods,Indian Cuisine,Spices,"Curry, Garam Masala","By Udi Stryk on 24 Jan, 2025","By Udi Stryk on 24 Jan, 2025",,,0,PID-#656
"International Foods, Italian Cuisine,Pasta Varieties,FettuccinePenne",International Foods,Italian Cuisine,Pasta Varieties,"Fettuccine, Penne","By Udi Stryk on 24 Jan, 2025","By Udi Stryk on 24 Jan, 2025",,,0,PID-#719
"International Foods, Japanese Cuisine,Specialty Items,MisoSeaweed",International Foods,Japanese Cuisine,Specialty Items,"Miso, Seaweed","By Udi Stryk on 24 Jan, 2025","By Udi Stryk on 24 Jan, 2025",,,0,PID-#721
"International Foods, Japanese Cuisine,Sushi Rolls,California RollVeggie Roll",International Foods,Japanese Cuisine,Sushi Rolls,"California Roll, Veggie Roll","By Udi Stryk on 24 Jan, 2025","By Udi Stryk on 24 Jan, 2025",,,0,PID-#788
"International Foods, Korean Cuisine,Kimchi,SpicyMild",International Foods,Korean Cuisine,Kimchi,"Spicy, Mild","By Udi Stryk on 24 Jan, 2025","By Udi Stryk on 24 Jan, 2025",,,0,PID-#791
"International Foods, Mediterranean Cuisine,Dips,HummusTzatziki",International Foods,Mediterranean Cuisine,Dips,"Hummus, Tzatziki","By Udi Stryk on 24 Jan, 2025","By Udi Stryk on 24 Jan, 2025",,,0,PID-#685
"International Foods, Mediterranean Cuisine,Olives,BlackGreen",International Foods,Mediterranean Cuisine,Olives,"Black, Green","By Udi Stryk on 24 Jan, 2025","By Operation Manager on 28 Jan, 2025",,,0,PID-#655
"International Foods, Mediterranean Cuisine,Tahini,ClassicOrganic",International Foods,Mediterranean Cuisine,Tahini,"Classic, Organic","By Udi Stryk on 24 Jan, 2025","By Udi Stryk on 24 Jan, 2025",,,0,PID-#979
"International Foods, Mexican Cuisine,Salsas,MildSpicy",International Foods,Mexican Cuisine,Salsas,"Mild, Spicy","By Udi Stryk on 24 Jan, 2025","By Udi Stryk on 24 Jan, 2025",,,0,PID-#687
"International Foods, Mexican Cuisine,Taco Kits,Hard ShellSoft Shell",International Foods,Mexican Cuisine,Taco Kits,"Hard Shell, Soft Shell","By Udi Stryk on 24 Jan, 2025","By Udi Stryk on 24 Jan, 2025",,,0,PID-#722
"International Foods, Mexican Cuisine,Taco Shells,HardSoftCorn-Based",International Foods,Mexican Cuisine,Taco Shells,"Hard, Soft, Corn-Based","By Udi Stryk on 24 Jan, 2025","By Udi Stryk on 24 Jan, 2025",,,0,PID-#790
"International Foods, Mexican Cuisine,Tortillas,FlourCorn",International Foods,Mexican Cuisine,Tortillas,"Flour, Corn","By Operation Manager on 29 Jan, 2025","By Operation Manager on 29 Jan, 2025",,,0,PID-#1014
"International Foods, Middle Eastern Cuisine,Breads,PitaLavash",International Foods,Middle Eastern Cuisine,Breads,"Pita, Lavash","By Udi Stryk on 24 Jan, 2025","By Udi Stryk on 24 Jan, 2025",,,0,PID-#720
"International Foods, North African Cuisine,Harissa,SpicyMild",International Foods,North African Cuisine,Harissa,"Spicy, Mild","By Udi Stryk on 24 Jan, 2025","By Udi Stryk on 24 Jan, 2025",,,0,PID-#980
"MeatPoultryand Seafood, Meat,Beef,SteakGround Beef","Meat, Poultry, and Seafood",Meat,Beef,"Steak, Ground Beef","By Udi Stryk on 24 Jan, 2025","By Udi Stryk on 24 Jan, 2025",,,0,PID-#620
"MeatPoultryand Seafood, Meat,Lamb,ChopsGround Lamb","Meat, Poultry, and Seafood",Meat,Lamb,"Chops, Ground Lamb","By Udi Stryk on 24 Jan, 2025","By Udi Stryk on 24 Jan, 2025",,,0,PID-#662
"MeatPoultryand Seafood, Meat,Pork,Pork ChopsBacon","Meat, Poultry, and Seafood",Meat,Pork,"Pork Chops, Bacon","By Udi Stryk on 24 Jan, 2025","By Udi Stryk on 24 Jan, 2025",,,0,PID-#621
"MeatPoultryand Seafood, Poultry,Chicken,WholeBreasts","Meat, Poultry, and Seafood",Poultry,Chicken,"Whole, Breasts","By Udi Stryk on 24 Jan, 2025","By Udi Stryk on 24 Jan, 2025",,,0,PID-#622
"MeatPoultryand Seafood, Poultry,Turkey,WholeGround Turkey","Meat, Poultry, and Seafood",Poultry,Turkey,"Whole, Ground Turkey","By Udi Stryk on 24 Jan, 2025","By Udi Stryk on 24 Jan, 2025",,,0,PID-#663
"MeatPoultryand Seafood, Processed Meats,Premium Options,ProsciuttoPancetta","Meat, Poultry, and Seafood",Processed Meats,Premium Options,"Prosciutto, Pancetta","By Udi Stryk on 24 Jan, 2025","By Udi Stryk on 24 Jan, 2025",,,0,PID-#701
"MeatPoultryand Seafood, Processed Meats,Sausages,ChickenPork","Meat, Poultry, and Seafood",Processed Meats,Sausages,"Chicken, Pork","By Udi Stryk on 24 Jan, 2025","By Udi Stryk on 24 Jan, 2025",,,0,PID-#624
"MeatPoultryand Seafood, Seafood,Exotic Seafood,OctopusSquidScallops","Meat, Poultry, and Seafood",Seafood,Exotic Seafood,"Octopus, Squid, Scallops","By Udi Stryk on 24 Jan, 2025","By Udi Stryk on 24 Jan, 2025",,,0,PID-#700
"MeatPoultryand Seafood, Seafood,Fresh Fish,CodSalmonTuna","Meat, Poultry, and Seafood",Seafood,Fresh Fish,"Cod, Salmon, Tuna","By Udi Stryk on 24 Jan, 2025","By Operation Manager on 26 Mar, 2025",,,0,PID-#623
"MeatPoultryand Seafood, Seafood,Shellfish,ShrimpLobsterCrab","Meat, Poultry, and Seafood",Seafood,Shellfish,"Shrimp, Lobster, Crab","By Udi Stryk on 24 Jan, 2025","By Udi Stryk on 24 Jan, 2025",,,0,PID-#664
"Organic rice & legume mixes, Health,Rice,WhiteBrownBlackRed",Organic rice & legume mixes,Health,Rice,"White, Brown, Black, Red","By Udi Stryk on 24 Jan, 2025","By Udi Stryk on 24 Jan, 2025","000248 - Organic Black Rice, 500 grams Harduf [CASCINA BELVEDERE S.R.L. , Italy][], 000249 - Organic mixed rice
500 grams Harduf [CASCINA BELVEDERE S.R.L. , Italy][]",,0,PID-#629
"Pantry Staples, Baking Supplies,Agave Nectar,LightDark",Pantry Staples,Baking Supplies,Agave Nectar,"Light, Dark","By Udi Stryk on 24 Jan, 2025","By Udi Stryk on 24 Jan, 2025",,,0,PID-#849
"Pantry Staples, Baking Supplies,Almond Flour,BlanchedUnblanched",Pantry Staples,Baking Supplies,Almond Flour,"Blanched, Unblanched","By Udi Stryk on 24 Jan, 2025","By Udi Stryk on 24 Jan, 2025",,,0,PID-#843
"Pantry Staples, Baking Supplies,Baking Powder,StandardAluminum-Free",Pantry Staples,Baking Supplies,Baking Powder,"Standard, Aluminum-Free","By Udi Stryk on 24 Jan, 2025","By Udi Stryk on 24 Jan, 2025",,,0,PID-#785
"Pantry Staples, Baking Supplies,Cake Decorations,SprinklesEdible Glitter",Pantry Staples,Baking Supplies,Cake Decorations,"Sprinkles, Edible Glitter","By Udi Stryk on 24 Jan, 2025","By Udi Stryk on 24 Jan, 2025",,,0,PID-#851
"Pantry Staples, Baking Supplies,Cake Mix,ChocolateVanillaRed Velvet",Pantry Staples,Baking Supplies,Cake Mix,"Chocolate, Vanilla, Red Velvet","By Udi Stryk on 24 Jan, 2025","By Udi Stryk on 24 Jan, 2025",,,0,PID-#783
"Pantry Staples, Baking Supplies,Coconut Flour,OrganicRegular",Pantry Staples,Baking Supplies,Coconut Flour,"Organic, Regular","By Udi Stryk on 24 Jan, 2025","By Udi Stryk on 24 Jan, 2025",,,0,PID-#844
"Pantry Staples, Baking Supplies,Cream of Tartar,Regular",Pantry Staples,Baking Supplies,Cream of Tartar,Regular,"By Udi Stryk on 24 Jan, 2025","By Udi Stryk on 24 Jan, 2025",,,0,PID-#846
"Pantry Staples, Baking Supplies,Decorative Items,SprinklesFood Coloring",Pantry Staples,Baking Supplies,Decorative Items,"Sprinkles, Food Coloring","By Udi Stryk on 24 Jan, 2025","By Udi Stryk on 24 Jan, 2025",,,0,PID-#706
"Pantry Staples, Baking Supplies,Flour,All-PurposeBread Flour",Pantry Staples,Baking Supplies,Flour,"All-Purpose, Bread Flour","By Udi Stryk on 24 Jan, 2025","By Udi Stryk on 24 Jan, 2025",,,0,PID-#669
"Pantry Staples, Baking Supplies,Food Coloring Gel,Primary ColorsNeon",Pantry Staples,Baking Supplies,Food Coloring Gel,"Primary Colors, Neon","By Udi Stryk on 24 Jan, 2025","By Udi Stryk on 24 Jan, 2025",,,0,PID-#850
"Pantry Staples, Baking Supplies,Food Coloring,GelLiquidPowder",Pantry Staples,Baking Supplies,Food Coloring,"Gel, Liquid, Powder","By Udi Stryk on 24 Jan, 2025","By Udi Stryk on 24 Jan, 2025",,,0,PID-#787
"Pantry Staples, Baking Supplies,Frosting,ButtercreamCream CheeseChocolate",Pantry Staples,Baking Supplies,Frosting,"Buttercream, Cream Cheese, Chocolate","By Udi Stryk on 24 Jan, 2025","By Udi Stryk on 24 Jan, 2025",,,0,PID-#784
"Pantry Staples, Baking Supplies,Maple Syrup,PureFlavored",Pantry Staples,Baking Supplies,Maple Syrup,"Pure, Flavored","By Udi Stryk on 24 Jan, 2025","By Udi Stryk on 24 Jan, 2025",,,0,PID-#848
"Pantry Staples, Baking Supplies,Molasses,BlackstrapRegular",Pantry Staples,Baking Supplies,Molasses,"Blackstrap, Regular","By Udi Stryk on 24 Jan, 2025","By Udi Stryk on 24 Jan, 2025",,,0,PID-#847
"Pantry Staples, Baking Supplies,Pancake Mix,ButtermilkGluten-FreeProtein-Enriched",Pantry Staples,Baking Supplies,Pancake Mix,"Buttermilk, Gluten-Free, Protein-Enriched","By Udi Stryk on 24 Jan, 2025","By Udi Stryk on 24 Jan, 2025",,,0,PID-#779
"Pantry Staples, Baking Supplies,Pancake Mix,ButtermilkProteinGluten-Free",Pantry Staples,Baking Supplies,Pancake Mix,"Buttermilk, Protein, Gluten-Free","By Udi Stryk on 24 Jan, 2025","By Udi Stryk on 24 Jan, 2025",,,0,PID-#746
"Pantry Staples, Baking Supplies,Pie Fillings,AppleCherryBlueberry",Pantry Staples,Baking Supplies,Pie Fillings,"Apple, Cherry, Blueberry","By Udi Stryk on 24 Jan, 2025","By Udi Stryk on 24 Jan, 2025",,,0,PID-#852
"Pantry Staples, Baking Supplies,Sugar,GranulatedBrownPowdered",Pantry Staples,Baking Supplies,Sugar,"Granulated, Brown, Powdered","By Udi Stryk on 24 Jan, 2025","By Udi Stryk on 24 Jan, 2025",,,0,PID-#670
"Pantry Staples, Baking Supplies,Vanilla Extract,PureImitation",Pantry Staples,Baking Supplies,Vanilla Extract,"Pure, Imitation","By Udi Stryk on 24 Jan, 2025","By Udi Stryk on 24 Jan, 2025",,,0,PID-#786
"Pantry Staples, Baking Supplies,Xanthan Gum,PowderGluten-Free",Pantry Staples,Baking Supplies,Xanthan Gum,"Powder, Gluten-Free","By Udi Stryk on 24 Jan, 2025","By Udi Stryk on 24 Jan, 2025",,,0,PID-#845
"Pantry Staples, Breakfast Items,Breakfast Biscuits,Whole GrainChocolate Chip",Pantry Staples,Breakfast Items,Breakfast Biscuits,"Whole Grain, Chocolate Chip","By Udi Stryk on 24 Jan, 2025","By Udi Stryk on 24 Jan, 2025",,,0,PID-#778
"Pantry Staples, Breakfast Items,Cereal Bars,ChocolateFruit-Filled",Pantry Staples,Breakfast Items,Cereal Bars,"Chocolate, Fruit-Filled","By Udi Stryk on 24 Jan, 2025","By Udi Stryk on 24 Jan, 2025",,,0,PID-#916
"Pantry Staples, Breakfast Items,cornflakes,",Pantry Staples,Breakfast Items,cornflakes,,"By Operation Manager on 6 Apr, 2025","By Operation Manager on 6 Apr, 2025",,"Cornflakes 750g, Leiman Schlussel Ltd",0,PID-#1029
"Pantry Staples, Breakfast Items,Granola Clusters,HoneyNut",Pantry Staples,Breakfast Items,Granola Clusters,"Honey, Nut","By Udi Stryk on 24 Jan, 2025","By Udi Stryk on 24 Jan, 2025",,,0,PID-#919
"Pantry Staples, Breakfast Items,Granola,ClassicLow-SugarProtein-Enriched",Pantry Staples,Breakfast Items,Granola,"Classic, Low-Sugar, Protein-Enriched","By Udi Stryk on 24 Jan, 2025","By Udi Stryk on 24 Jan, 2025",,,0,PID-#775
"Pantry Staples, Breakfast Items,Instant Oatmeal Packets,MapleApple Cinnamon",Pantry Staples,Breakfast Items,Instant Oatmeal Packets,"Maple, Apple Cinnamon","By Udi Stryk on 24 Jan, 2025","By Udi Stryk on 24 Jan, 2025",,,0,PID-#917
"Pantry Staples, Breakfast Items,Instant Porridge,OriginalFlavoredGluten-Free",Pantry Staples,Breakfast Items,Instant Porridge,"Original, Flavored, Gluten-Free","By Udi Stryk on 24 Jan, 2025","By Udi Stryk on 24 Jan, 2025",,,0,PID-#777
"Pantry Staples, Breakfast Items,Muesli,ClassicGluten-Free",Pantry Staples,Breakfast Items,Muesli,"Classic, Gluten-Free","By Udi Stryk on 24 Jan, 2025","By Udi Stryk on 24 Jan, 2025",,,0,PID-#918
"Pantry Staples, Breakfast Items,Overnight Oats,Pre-MixedSingle-Serve",Pantry Staples,Breakfast Items,Overnight Oats,"Pre-Mixed, Single-Serve","By Udi Stryk on 24 Jan, 2025","By Udi Stryk on 24 Jan, 2025",,,0,PID-#913
"Pantry Staples, Breakfast Items,Protein Bars,ChocolatePeanut ButterMixed Berry",Pantry Staples,Breakfast Items,Protein Bars,"Chocolate, Peanut Butter, Mixed Berry","By Udi Stryk on 24 Jan, 2025","By Udi Stryk on 24 Jan, 2025",,,0,PID-#776
"Pantry Staples, Canned/ Preserved Foods,Beans,Kidney BeansBaked BeansRefried Beans",Pantry Staples,Canned/ Preserved Foods,Beans,"Kidney Beans, Baked Beans, Refried Beans","By Udi Stryk on 24 Jan, 2025","By Udi Stryk on 24 Jan, 2025",,,0,PID-#773
"Pantry Staples, Canned/ Preserved Foods,Canned Fish ,Canned/ Preserved fish (Tuna)",Pantry Staples,Canned/ Preserved Foods,Canned Fish ,Canned/ Preserved fish (Tuna),"By Operation Manager on 27 Mar, 2025","By Success Management on 27 Mar, 2025",,"Tuna Fish, Foodz",0,PID-#1028
"Pantry Staples, Canned/ Preserved Foods,Fruits,Canned PeachesPineapple ChunksApplesauce",Pantry Staples,Canned/ Preserved Foods,Fruits,"Canned Peaches, Pineapple Chunks, Applesauce","By Udi Stryk on 24 Jan, 2025","By Udi Stryk on 24 Jan, 2025",,,0,PID-#772
"Pantry Staples, Canned/ Preserved Foods,Legumes,ChickpeasBeans (e.g.",Pantry Staples,Canned/ Preserved Foods,Legumes,"Chickpeas, Beans (e.g.","By Udi Stryk on 24 Jan, 2025","By Udi Stryk on 28 Jan, 2025",,"Legumes in Conerves, Shufersal, Legumes in Tetra Pak, Shufersal",0,PID-#668
"Pantry Staples, Canned/ Preserved Foods,Soups,Clam ChowderLentil Soup",Pantry Staples,Canned/ Preserved Foods,Soups,"Clam Chowder, Lentil Soup","By Udi Stryk on 24 Jan, 2025","By Udi Stryk on 24 Jan, 2025",,,0,PID-#770
"Pantry Staples, Canned/ Preserved Foods,Soups,Tomato SoupChicken Noodle",Pantry Staples,Canned/ Preserved Foods,Soups,"Tomato Soup, Chicken Noodle","By Udi Stryk on 24 Jan, 2025","By Udi Stryk on 24 Jan, 2025",,,0,PID-#667
"Pantry Staples, Canned/ Preserved Foods,Vegetables,Canned/ Preserved vegetablesCanned/ Preserved TomtoesChopped Tomtoes",Pantry Staples,Canned/ Preserved Foods,Vegetables,"Canned/ Preserved vegetables, Canned/ Preserved Tomtoes, Chopped Tomtoes","By Udi Stryk on 24 Jan, 2025","By Success Management on 9 Mar, 2025","000441 - Crushed Tomato 2500g [SAC S.p.A. Conserve Alimentari/ Victoria s.a.c, Italy][ProPlus]","Finely Chopped Tomatoes 3x400, Shufersal, Finely chopped tomatoes crop 2022, ProPlus, Tomato products, Shufersal, Organic Peeled tomatoes 425 gr, Harduf - All Organics",0,PID-#771
"Pantry Staples, Canned/ Preserved Foods,Vegetables,CornGreen Beans",Pantry Staples,Canned/ Preserved Foods,Vegetables,"Corn, Green Beans","By Udi Stryk on 24 Jan, 2025","By Udi Stryk on 24 Jan, 2025",,,0,PID-#631
"Pantry Staples, Canned/ Preserved Foods,Vegetables,Tomato",Pantry Staples,Canned/ Preserved Foods,Vegetables,Tomato,"By Operation Manager on 19 Feb, 2025","By Operation Manager on 13 Mar, 2025",,"Diced Tomato & Crushed Tomato, ProPlus, Organic Whole Peeled and Chopped Tomatoes, Harduf - All Organics",0,PID-#1021
"Pantry Staples, Cereals and Grains,Quaker Oats,Instant OatsRolled OatsCornflakes",Pantry Staples,Cereals and Grains,Quaker Oats,"Instant Oats, Rolled Oats, Cornflakes","By Udi Stryk on 24 Jan, 2025","By Success Management on 29 Jan, 2025",,"CORNFLAKES SHUFERSAL 750 GR., Shufersal",0,PID-#744
"Pantry Staples, Condiments,Balsamic Glaze,ClassicFig-Infused",Pantry Staples,Condiments,Balsamic Glaze,"Classic, Fig-Infused","By Udi Stryk on 24 Jan, 2025","By Udi Stryk on 24 Jan, 2025",,,0,PID-#809
"Pantry Staples, Condiments,Chimichurri Sauce,TraditionalSpicy",Pantry Staples,Condiments,Chimichurri Sauce,"Traditional, Spicy","By Udi Stryk on 24 Jan, 2025","By Udi Stryk on 24 Jan, 2025",,,0,PID-#833
"Pantry Staples, Condiments,Chutney,MangoTamarind",Pantry Staples,Condiments,Chutney,"Mango, Tamarind","By Udi Stryk on 24 Jan, 2025","By Udi Stryk on 24 Jan, 2025",,,0,PID-#841
"Pantry Staples, Condiments,Dijon Mustard,ClassicWhole Grain",Pantry Staples,Condiments,Dijon Mustard,"Classic, Whole Grain","By Udi Stryk on 24 Jan, 2025","By Udi Stryk on 24 Jan, 2025",,,0,PID-#839
"Pantry Staples, Condiments,Dressings,Italian DressingThousand Island Dressing",Pantry Staples,Condiments,Dressings,"Italian Dressing, Thousand Island Dressing","By Udi Stryk on 24 Jan, 2025","By Udi Stryk on 24 Jan, 2025",,,0,PID-#774
"Pantry Staples, Condiments,Fish Sauce,TraditionalLow-Sodium",Pantry Staples,Condiments,Fish Sauce,"Traditional, Low-Sodium","By Udi Stryk on 24 Jan, 2025","By Udi Stryk on 24 Jan, 2025",,,0,PID-#835
"Pantry Staples, Condiments,Gochujang,MildHot",Pantry Staples,Condiments,Gochujang,"Mild, Hot","By Udi Stryk on 24 Jan, 2025","By Udi Stryk on 24 Jan, 2025",,,0,PID-#834
"Pantry Staples, Condiments,Harissa,SpicyMild",Pantry Staples,Condiments,Harissa,"Spicy, Mild","By Udi Stryk on 24 Jan, 2025","By Udi Stryk on 24 Jan, 2025",,,0,PID-#812
"Pantry Staples, Condiments,Hoisin Sauce,SweetSpicy",Pantry Staples,Condiments,Hoisin Sauce,"Sweet, Spicy","By Udi Stryk on 24 Jan, 2025","By Udi Stryk on 24 Jan, 2025",,,0,PID-#837
"Pantry Staples, Condiments,Horseradish,CreamyExtra Hot",Pantry Staples,Condiments,Horseradish,"Creamy, Extra Hot","By Udi Stryk on 24 Jan, 2025","By Udi Stryk on 24 Jan, 2025",,,0,PID-#840
"Pantry Staples, Condiments,Hot Pepper Jelly,SweetSpicy",Pantry Staples,Condiments,Hot Pepper Jelly,"Sweet, Spicy","By Udi Stryk on 24 Jan, 2025","By Udi Stryk on 24 Jan, 2025",,,0,PID-#930
"Pantry Staples, Condiments,International Sauces,SrirachaHoisinTartar",Pantry Staples,Condiments,International Sauces,"Sriracha, Hoisin, Tartar","By Udi Stryk on 24 Jan, 2025","By Udi Stryk on 24 Jan, 2025",,,0,PID-#705
"Pantry Staples, Condiments,Miso Paste,WhiteRed",Pantry Staples,Condiments,Miso Paste,"White, Red","By Udi Stryk on 24 Jan, 2025","By Udi Stryk on 24 Jan, 2025",,,0,PID-#811
"Pantry Staples, Condiments,Oyster Sauce,ClassicVegetarian",Pantry Staples,Condiments,Oyster Sauce,"Classic, Vegetarian","By Udi Stryk on 24 Jan, 2025","By Udi Stryk on 24 Jan, 2025",,,0,PID-#836
"Pantry Staples, Condiments,Pesto,BasilSun-Dried Tomato",Pantry Staples,Condiments,Pesto,"Basil, Sun-Dried Tomato","By Udi Stryk on 24 Jan, 2025","By Udi Stryk on 24 Jan, 2025",,,0,PID-#842
"Pantry Staples, Condiments,Salad Dressing,CaesarRanchVinaigrettesLemon juice and vinegar",Pantry Staples,Condiments,Salad Dressing,"Caesar, Ranch, Vinaigrettes, Lemon juice and vinegar","By Udi Stryk on 24 Jan, 2025","By Operation Manager on 18 Feb, 2025",,"Lemon Juice for salads, Ta'aman, Lemon Juice for salads, Shufersal",0,PID-#749
"Pantry Staples, Condiments,Sauces,KetchupMustard",Pantry Staples,Condiments,Sauces,"Ketchup, Mustard","By Udi Stryk on 24 Jan, 2025","By Udi Stryk on 24 Jan, 2025",,,0,PID-#632
"Pantry Staples, Condiments,Sriracha Sauce,ClassicExtra Spicy",Pantry Staples,Condiments,Sriracha Sauce,"Classic, Extra Spicy","By Udi Stryk on 24 Jan, 2025","By Udi Stryk on 24 Jan, 2025",,,0,PID-#808
"Pantry Staples, Condiments,Tahini,TraditionalOrganicFlavored",Pantry Staples,Condiments,Tahini,"Traditional, Organic, Flavored","By Udi Stryk on 24 Jan, 2025","By Udi Stryk on 24 Jan, 2025",,,0,PID-#735
"Pantry Staples, Condiments,Truffle Oil,WhiteBlack",Pantry Staples,Condiments,Truffle Oil,"White, Black","By Udi Stryk on 24 Jan, 2025","By Udi Stryk on 24 Jan, 2025",,,0,PID-#810
"Pantry Staples, Condiments,Worcestershire Sauce,RegularGluten-Free",Pantry Staples,Condiments,Worcestershire Sauce,"Regular, Gluten-Free","By Udi Stryk on 24 Jan, 2025","By Udi Stryk on 24 Jan, 2025",,,0,PID-#838
"Pantry Staples, Desserts,Brownie Mix,ChocolateFudge",Pantry Staples,Desserts,Brownie Mix,"Chocolate, Fudge","By Udi Stryk on 24 Jan, 2025","By Udi Stryk on 24 Jan, 2025",,,0,PID-#943
"Pantry Staples, Desserts,Cheesecake Mix,ClassicFlavored",Pantry Staples,Desserts,Cheesecake Mix,"Classic, Flavored","By Udi Stryk on 24 Jan, 2025","By Udi Stryk on 24 Jan, 2025",,,0,PID-#945
"Pantry Staples, Desserts,Fruit Tarts,Mixed BerryApple",Pantry Staples,Desserts,Fruit Tarts,"Mixed Berry, Apple","By Udi Stryk on 24 Jan, 2025","By Udi Stryk on 24 Jan, 2025",,,0,PID-#949
"Pantry Staples, Desserts,Meringues,ClassicLemon-Flavored",Pantry Staples,Desserts,Meringues,"Classic, Lemon-Flavored","By Udi Stryk on 24 Jan, 2025","By Udi Stryk on 24 Jan, 2025",,,0,PID-#950
"Pantry Staples, Desserts,Pudding Cups,ChocolateVanilla",Pantry Staples,Desserts,Pudding Cups,"Chocolate, Vanilla","By Udi Stryk on 24 Jan, 2025","By Udi Stryk on 24 Jan, 2025",,,0,PID-#946
"Pantry Staples, Grains and Legumes,Barley,HulledPearled",Pantry Staples,Grains and Legumes,Barley,"Hulled, Pearled","By Udi Stryk on 24 Jan, 2025","By Udi Stryk on 24 Jan, 2025",,,0,PID-#884
"Pantry Staples, Grains and Legumes,Black-Eyed Peas,DriedCanned",Pantry Staples,Grains and Legumes,Black-Eyed Peas,"Dried, Canned","By Udi Stryk on 24 Jan, 2025","By Udi Stryk on 24 Jan, 2025",,,0,PID-#888
"Pantry Staples, Grains and Legumes,Bulgur,FineCoarse",Pantry Staples,Grains and Legumes,Bulgur,"Fine, Coarse","By Udi Stryk on 24 Jan, 2025","By Udi Stryk on 24 Jan, 2025",,,0,PID-#885
"Pantry Staples, Grains and Legumes,Chickpeas,DriedCanned",Pantry Staples,Grains and Legumes,Chickpeas,"Dried, Canned","By Udi Stryk on 24 Jan, 2025","By Udi Stryk on 24 Jan, 2025",,,0,PID-#892
"Pantry Staples, Grains and Legumes,Edamame,ShelledIn Pod",Pantry Staples,Grains and Legumes,Edamame,"Shelled, In Pod","By Udi Stryk on 24 Jan, 2025","By Udi Stryk on 24 Jan, 2025",,,0,PID-#889
"Pantry Staples, Grains and Legumes,Farro,WholePearled",Pantry Staples,Grains and Legumes,Farro,"Whole, Pearled","By Udi Stryk on 24 Jan, 2025","By Udi Stryk on 24 Jan, 2025",,,0,PID-#883
"Pantry Staples, Grains and Legumes,Lentils,RedGreenBrown",Pantry Staples,Grains and Legumes,Lentils,"Red, Green, Brown","By Udi Stryk on 24 Jan, 2025","By Udi Stryk on 24 Jan, 2025",,,0,PID-#886
"Pantry Staples, Grains and Legumes,Pinto Beans,DriedCanned",Pantry Staples,Grains and Legumes,Pinto Beans,"Dried, Canned","By Udi Stryk on 24 Jan, 2025","By Udi Stryk on 24 Jan, 2025",,,0,PID-#891
"Pantry Staples, Grains and Legumes,Rice,Basmati RiceJasmine Rice",Pantry Staples,Grains and Legumes,Rice,"Basmati Rice, Jasmine Rice","By Udi Stryk on 24 Jan, 2025","By Operation Manager on 29 Jan, 2025",,,0,PID-#890
"Pantry Staples, Grains and Legumes,Split Peas,YellowGreen",Pantry Staples,Grains and Legumes,Split Peas,"Yellow, Green","By Udi Stryk on 24 Jan, 2025","By Udi Stryk on 24 Jan, 2025",,,0,PID-#887
"Pantry Staples, Grains,PastaGnocchi,SpaghettiPenneFusiliFarfaleGnocchi",Pantry Staples,Grains,"Pasta, Gnocchi","Spaghetti, Penne, Fusili, Farfale, Gnocchi","By Udi Stryk on 24 Jan, 2025","By Udi Stryk on 24 Jan, 2025","000068 - tomatoes
  gnocchi 500gr [Ciemme, Italy][Shufersal], 000069 - spinach
  gnocchi 500gr [Ciemme, Italy][Shufersal], 000071 - mini
  potato gnocchi 500gr [Ciemme, Italy][Shufersal], 000101 - Potato gnocchi 500gr [Ciemme, Italy][Shufersal]","Pasta - gluten-free 400 gr, Shufersal, Pasta 500 G, Ta'aman, Pasta 500 g L&R Global, L&R Global",0,PID-#1011
"Pantry Staples, Grains,Specialty Grains,FarroFreekehMillet",Pantry Staples,Grains,Specialty Grains,"Farro, Freekeh, Millet","By Udi Stryk on 24 Jan, 2025","By Udi Stryk on 24 Jan, 2025",,,0,PID-#704
"Pantry Staples, Oils and Vinegars,Cooking Oils,Olive oil",Pantry Staples,Oils and Vinegars,Cooking Oils,Olive oil,"By Udi Stryk on 16 Feb, 2025","By Udi Stryk on 16 Feb, 2025","000081 - 750ML EXTRA VIRGIN OLIVE OIL [Mueloliva , Spain][Marav Mazonkol (Osher Ad)], 000275 - 5L Sunflower oil [Kadoogu Yag san ve Tic As, Turkey][Shufersal], 000425 - Poyraz Olive oil -500ML [][Shufersal], 000431 - Dor Alon 500 ml mueloliva [Mueloliva , Spain][Dor Alon]","750ML EXTRA VIRGIN OLIVE OIL, Marav Mazonkol (Osher Ad), 1 L & 5L Sunflower oil, Shufersal, EXTRA VIRGIN OLIVE OIL 750 & 500 ML, Shufersal, 750 ml. Olive oil to H. Cohen (Yesh P.L), H. Cohen Import Marketing & Logistics Ltd, 750/ 500 ml. Olive oil - mueloliva- Dor alon, Dor Alon, Extra virgin olive oil - 1 lit - Meuloliva, Shufersal, sunflower oil in 5-liter PET bottles., ProPlus",0,PID-#1019
"Pantry Staples, Oils and Vinegars,Cooking Oils,Sunflower Oil",Pantry Staples,Oils and Vinegars,Cooking Oils,Sunflower Oil,"By Udi Stryk on 24 Jan, 2025","By Operation Manager on 18 Feb, 2025","000275 - 5L Sunflower oil [Kadoogu Yag san ve Tic As, Turkey][Shufersal], 000279 - Refined Sunflower Oil, 5 Litters. [Abalıoğlu Yağ Sanayi ve Ticaret A.Ş., Turkey][ProPlus], 000368 - Vioil - sunflower oil [ViOil INDUSTRIAL GROUP, Ukraine][Shufersal], 000369 - ROMIRO LTD -sunflower oil [ROMIRO LTD, Ukraine][Shufersal], 000370 - Prutul Galati (Romania) - sunflower oil - 1L [PRUTUL, Romania][Shufersal], 000371 - Greenvector Agro - sunflower oil [greenvector agro, Ukraine][Shufersal], 000372 - victoriaoil - sunflower oil
 [Victoria oil, Serbia][Shufersal], 000373 - OLIVA AD- sunflower oil - 1 L
 [Oliva AD, Bulgaria][Shufersal], 000403 - OLIVA AD- sunflower oil - 5 L
 [Oliva AD, Bulgaria][Shufersal], 000421 - Prutul Galati (Romania) - sunflower oil - 5L [PRUTUL, Romania][Shufersal], 000424 - Victoria oil Sunflower oil 5L [Victoria oil, Serbia][Shufersal]","750ML EXTRA VIRGIN OLIVE OIL, Marav Mazonkol (Osher Ad), 1 L & 5L Sunflower oil, Shufersal, EXTRA VIRGIN OLIVE OIL 750 & 500 ML, Shufersal, 750 ml. Olive oil to H. Cohen (Yesh P.L), H. Cohen Import Marketing & Logistics Ltd, 750/ 500 ml. Olive oil - mueloliva- Dor alon, Dor Alon, Extra virgin olive oil - 1 lit - Meuloliva, Shufersal, sunflower oil in 5-liter PET bottles., ProPlus",0,PID-#633
"Pantry Staples, Sauces and Marinades,Alfredo Sauce,ClassicGarlic",Pantry Staples,Sauces and Marinades,Alfredo Sauce,"Classic, Garlic","By Udi Stryk on 24 Jan, 2025","By Udi Stryk on 24 Jan, 2025",,,0,PID-#926
"Pantry Staples, Sauces and Marinades,Curry Sauces,GreenYellowRed",Pantry Staples,Sauces and Marinades,Curry Sauces,"Green, Yellow, Red","By Udi Stryk on 24 Jan, 2025","By Udi Stryk on 24 Jan, 2025",,,0,PID-#929
"Pantry Staples, Sauces and Marinades,Marinara Sauce,TraditionalSpicy",Pantry Staples,Sauces and Marinades,Marinara Sauce,"Traditional, Spicy","By Udi Stryk on 24 Jan, 2025","By Udi Stryk on 24 Jan, 2025",,,0,PID-#925
"Pantry Staples, Sauces and Marinades,Pasta Sauce,Tomato sauces",Pantry Staples,Sauces and Marinades,Pasta Sauce,Tomato sauces,"By Udi Stryk on 24 Jan, 2025","By Udi Stryk on 27 Jan, 2025",,"Tomato Pasta Sauces, 350 gr., Shufersal, Tomato based Paste sauces, 350 gr, Shufersal, Pasta Sauces Ta'aman, Ta'aman",0,PID-#932
"Pantry Staples, Sauces and Marinades,Salad Spritzers,BalsamicItalian",Pantry Staples,Sauces and Marinades,Salad Spritzers,"Balsamic, Italian","By Udi Stryk on 24 Jan, 2025","By Udi Stryk on 24 Jan, 2025",,,0,PID-#928
"Pantry Staples, Sauces and Marinades,Sweet and Sour Sauce,ClassicPineapple-Flavored",Pantry Staples,Sauces and Marinades,Sweet and Sour Sauce,"Classic, Pineapple-Flavored","By Udi Stryk on 24 Jan, 2025","By Udi Stryk on 24 Jan, 2025",,,0,PID-#931
"Pantry Staples, Sauces and Marinades,Teriyaki Sauce,RegularLow-Sodium",Pantry Staples,Sauces and Marinades,Teriyaki Sauce,"Regular, Low-Sodium","By Udi Stryk on 24 Jan, 2025","By Udi Stryk on 24 Jan, 2025",,,0,PID-#923
"Pantry Staples, Sauces and Marinades,Tzatziki Sauce,TraditionalDairy-Free",Pantry Staples,Sauces and Marinades,Tzatziki Sauce,"Traditional, Dairy-Free","By Udi Stryk on 24 Jan, 2025","By Udi Stryk on 24 Jan, 2025",,,0,PID-#924
"Pantry Staples, Seasonings,BBQ Rubs and Seasonings,SmokySweet",Pantry Staples,Seasonings,BBQ Rubs and Seasonings,"Smoky, Sweet","By Udi Stryk on 24 Jan, 2025","By Udi Stryk on 24 Jan, 2025",,,0,PID-#927
"Pantry Staples, Spreads and Dips,Almond Butter,ClassicSaltedUnsalted",Pantry Staples,Spreads and Dips,Almond Butter,"Classic, Salted, Unsalted","By Udi Stryk on 24 Jan, 2025","By Udi Stryk on 24 Jan, 2025",,,0,PID-#780
"Pantry Staples, Spreads and Dips,Guacamole,ClassicSpicyLime-Flavored",Pantry Staples,Spreads and Dips,Guacamole,"Classic, Spicy, Lime-Flavored","By Udi Stryk on 24 Jan, 2025","By Udi Stryk on 24 Jan, 2025",,,0,PID-#781
"Pantry Staples, Spreads and Dips,Hummus,ClassicRoasted GarlicSpicy",Pantry Staples,Spreads and Dips,Hummus,"Classic, Roasted Garlic, Spicy","By Udi Stryk on 24 Jan, 2025","By Udi Stryk on 24 Jan, 2025",,,0,PID-#752
"Pantry Staples, Spreads and Dips,Salsa,MildMediumHot",Pantry Staples,Spreads and Dips,Salsa,"Mild, Medium, Hot","By Udi Stryk on 24 Jan, 2025","By Udi Stryk on 24 Jan, 2025",,,0,PID-#782
"Pantry Staples, Spreads,Chocolate Spread,Hazelnut SpreadMilk Chocolate Spread",Pantry Staples,Spreads,Chocolate Spread,"Hazelnut Spread, Milk Chocolate Spread","By Udi Stryk on 24 Jan, 2025","By Udi Stryk on 24 Jan, 2025",,"Chocolate Spread, Ta'aman",0,PID-#736
"Pantry Staples, Sweet Spreads,Chocolate Spread,Milk Chocolate SpreadPeanut butter/ chocolate spread",Pantry Staples,Sweet Spreads,Chocolate Spread,"Milk Chocolate Spread, Peanut butter/ chocolate spread","By Operation Manager on 24 Feb, 2025","By Operation Manager on 24 Feb, 2025","000426 - Bomilino Cream 13 % Hazelnut 350gr [NS BOMI, Serbia][Ta'aman], 000427 - Bomilino Cocoa cream 400gr [NS BOMI, Serbia][Ta'aman]",,0,PID-#1023
"Pantry Staples, Sweet Spreads,Halva,PlainChocolatePistachio",Pantry Staples,Sweet Spreads,Halva,"Plain, Chocolate, Pistachio","By Udi Stryk on 24 Jan, 2025","By Udi Stryk on 24 Jan, 2025",,,0,PID-#753
"Pet Supplies, Accessories,Pet Toys,Chew ToysCatnip Toys",Pet Supplies,Accessories,Pet Toys,"Chew Toys, Catnip Toys","By Udi Stryk on 24 Jan, 2025","By Udi Stryk on 24 Jan, 2025",,,0,PID-#967
"Pet Supplies, Care,Cat Litter,ClumpingNon-Clumping",Pet Supplies,Care,Cat Litter,"Clumping, Non-Clumping","By Udi Stryk on 24 Jan, 2025","By Udi Stryk on 24 Jan, 2025",,,0,PID-#966
"Pet Supplies, Care,Pet Grooming Supplies,ShampooBrushes",Pet Supplies,Care,Pet Grooming Supplies,"Shampoo, Brushes","By Udi Stryk on 24 Jan, 2025","By Udi Stryk on 24 Jan, 2025",,,0,PID-#969
"Pet Supplies, Food,Dry Dog Food,ChickenBeefGrain-Free",Pet Supplies,Food,Dry Dog Food,"Chicken, Beef, Grain-Free","By Udi Stryk on 24 Jan, 2025","By Udi Stryk on 24 Jan, 2025",,,0,PID-#963
"Pet Supplies, Food,Wet Cat Food,TunaSalmonChicken",Pet Supplies,Food,Wet Cat Food,"Tuna, Salmon, Chicken","By Udi Stryk on 24 Jan, 2025","By Udi Stryk on 24 Jan, 2025",,,0,PID-#964
"Pet Supplies, Health,Flea and Tick Prevention,TopicalCollars",Pet Supplies,Health,Flea and Tick Prevention,"Topical, Collars","By Udi Stryk on 24 Jan, 2025","By Udi Stryk on 24 Jan, 2025",,,0,PID-#968
"Pet Supplies, Health,Pet Vitamins and Supplements,MultivitaminsJoint Support",Pet Supplies,Health,Pet Vitamins and Supplements,"Multivitamins, Joint Support","By Udi Stryk on 24 Jan, 2025","By Udi Stryk on 24 Jan, 2025",,,0,PID-#970
"Pet Supplies, Treats,Pet Treats,BiscuitsChewy Treats",Pet Supplies,Treats,Pet Treats,"Biscuits, Chewy Treats","By Udi Stryk on 24 Jan, 2025","By Udi Stryk on 24 Jan, 2025",,,0,PID-#965
"Prepared Foods, Convenience Items,Pre-Cut Vegetables,Stir-Fry MixSalad Mix",Prepared Foods,Convenience Items,Pre-Cut Vegetables,"Stir-Fry Mix, Salad Mix","By Udi Stryk on 24 Jan, 2025","By Udi Stryk on 24 Jan, 2025",,,0,PID-#933
"Prepared Foods, Convenience Items,Pre-Marinated Meats,ChickenBeef",Prepared Foods,Convenience Items,Pre-Marinated Meats,"Chicken, Beef","By Udi Stryk on 24 Jan, 2025","By Udi Stryk on 24 Jan, 2025",,,0,PID-#934
"Prepared Foods, Convenience Items,Pre-Packaged Grain Bowls,QuinoaRice",Prepared Foods,Convenience Items,Pre-Packaged Grain Bowls,"Quinoa, Rice","By Udi Stryk on 24 Jan, 2025","By Udi Stryk on 24 Jan, 2025",,,0,PID-#942
"Prepared Foods, Convenience Items,Sushi Packs,California RollSpicy Tuna",Prepared Foods,Convenience Items,Sushi Packs,"California Roll, Spicy Tuna","By Udi Stryk on 24 Jan, 2025","By Udi Stryk on 24 Jan, 2025",,,0,PID-#938
"Prepared Foods, Deli,Deli Meats,HamTurkeySalami",Prepared Foods,Deli,Deli Meats,"Ham, Turkey, Salami","By Udi Stryk on 24 Jan, 2025","By Udi Stryk on 24 Jan, 2025",,,0,PID-#936
"Prepared Foods, Meal Kits,Meal Kits,TacoPastaStir-Fry",Prepared Foods,Meal Kits,Meal Kits,"Taco, Pasta, Stir-Fry","By Udi Stryk on 24 Jan, 2025","By Udi Stryk on 24 Jan, 2025",,,0,PID-#940
"Prepared Foods, Ready-to-Eat,Ready-to-Eat Salads,CaesarCobb",Prepared Foods,Ready-to-Eat,Ready-to-Eat Salads,"Caesar, Cobb","By Udi Stryk on 24 Jan, 2025","By Udi Stryk on 24 Jan, 2025",,,0,PID-#935
"Prepared Foods, Ready-to-Eat,Rotisserie Chicken,ClassicHerb-Seasoned",Prepared Foods,Ready-to-Eat,Rotisserie Chicken,"Classic, Herb-Seasoned","By Udi Stryk on 24 Jan, 2025","By Udi Stryk on 24 Jan, 2025",,,0,PID-#937
"Refrigerated, Desserts,Chocolate Mousse,Dark ChocolateMilk Chocolate",Refrigerated,Desserts,Chocolate Mousse,"Dark Chocolate, Milk Chocolate","By Udi Stryk on 24 Jan, 2025","By Udi Stryk on 24 Jan, 2025",,,0,PID-#951
"Refrigerated, Desserts,Cookie Dough,Chocolate ChipSugar",Refrigerated,Desserts,Cookie Dough,"Chocolate Chip, Sugar","By Udi Stryk on 24 Jan, 2025","By Udi Stryk on 24 Jan, 2025",,,0,PID-#944
"Snacks and Kids, Kids' Snacks,Fruit Snacks,GummiesOrganic",Snacks and Kids,Kids' Snacks,Fruit Snacks,"Gummies, Organic","By Udi Stryk on 24 Jan, 2025","By Udi Stryk on 24 Jan, 2025",,,0,PID-#640
"Snacks and Kids, Kids' Snacks,Healthy Options,Veggie ChipsYogurt Drops",Snacks and Kids,Kids' Snacks,Healthy Options,"Veggie Chips, Yogurt Drops","By Udi Stryk on 24 Jan, 2025","By Udi Stryk on 24 Jan, 2025",,,0,PID-#641
"Snacks and Kids, Kids' Snacks,Snack Packs,Cheese SticksCrackers",Snacks and Kids,Kids' Snacks,Snack Packs,"Cheese Sticks, Crackers","By Udi Stryk on 24 Jan, 2025","By Udi Stryk on 24 Jan, 2025",,,0,PID-#673
"Snacks, Chips and Savory Snacks,Chips,Corn ChipsVeggie Chips",Snacks,Chips and Savory Snacks,Chips,"Corn Chips, Veggie Chips","By Udi Stryk on 24 Jan, 2025","By Udi Stryk on 24 Jan, 2025",,,0,PID-#757
"Snacks, Chips and Savory Snacks,Popcorn,ButterCheeseCaramel",Snacks,Chips and Savory Snacks,Popcorn,"Butter, Cheese, Caramel","By Udi Stryk on 24 Jan, 2025","By Udi Stryk on 24 Jan, 2025",,,0,PID-#707
"Snacks, Chips and Savory Snacks,Potato Chips,PlainBarbecue",Snacks,Chips and Savory Snacks,Potato Chips,"Plain, Barbecue","By Udi Stryk on 24 Jan, 2025","By Udi Stryk on 24 Jan, 2025",,"Potato Chips Snacks, Schestowitz",0,PID-#634
"Snacks, Chips and Savory Snacks,Tortilla Chips,PlainFlavoredBlue Corn",Snacks,Chips and Savory Snacks,Tortilla Chips,"Plain, Flavored, Blue Corn","By Udi Stryk on 24 Jan, 2025","By Udi Stryk on 24 Jan, 2025",,,0,PID-#747
"Snacks, Chips and Savory Snacks,Tortilla Chips,SaltedFlavored",Snacks,Chips and Savory Snacks,Tortilla Chips,"Salted, Flavored","By Udi Stryk on 24 Jan, 2025","By Udi Stryk on 24 Jan, 2025",,"sfogliette salty snacks, 180 gr, Shufersal",0,PID-#635
"Snacks, Chips and Savory Snacks,Vegetable Chips,Sweet PotatoKale",Snacks,Chips and Savory Snacks,Vegetable Chips,"Sweet Potato, Kale","By Udi Stryk on 24 Jan, 2025","By Operation Manager on 24 Feb, 2025",,"Vegetable chips 85gr, Shufersal, Vegetable  chips & snacks , Ta'aman",0,PID-#671
"Snacks, Energy Bars,Granola Bars,OatsChocolate",Snacks,Energy Bars,Granola Bars,"Oats, Chocolate","By Udi Stryk on 24 Jan, 2025","By Udi Stryk on 24 Jan, 2025",,"No-added sugar Chocolate-covered wafers, Shufersal",0,PID-#639
"Snacks, Energy Bars,Protein Bars,High ProteinLow Sugar",Snacks,Energy Bars,Protein Bars,"High Protein, Low Sugar","By Udi Stryk on 24 Jan, 2025","By Udi Stryk on 24 Jan, 2025",,,0,PID-#710
"Snacks, Healthy Snacks,Chickpea Snacks,RoastedSpicy",Snacks,Healthy Snacks,Chickpea Snacks,"Roasted, Spicy","By Udi Stryk on 24 Jan, 2025","By Udi Stryk on 24 Jan, 2025",,,0,PID-#878
"Snacks, Healthy Snacks,Coconut Chips,PlainChocolate-Coated",Snacks,Healthy Snacks,Coconut Chips,"Plain, Chocolate-Coated","By Udi Stryk on 24 Jan, 2025","By Udi Stryk on 24 Jan, 2025",,,0,PID-#882
"Snacks, Healthy Snacks,Dried Chickpeas,SpicySalted",Snacks,Healthy Snacks,Dried Chickpeas,"Spicy, Salted","By Udi Stryk on 24 Jan, 2025","By Udi Stryk on 24 Jan, 2025",,,0,PID-#814
"Snacks, Healthy Snacks,Dried Jackfruit,SweetenedUnsweetened",Snacks,Healthy Snacks,Dried Jackfruit,"Sweetened, Unsweetened","By Udi Stryk on 24 Jan, 2025","By Udi Stryk on 24 Jan, 2025",,,0,PID-#875
"Snacks, Healthy Snacks,Dried Mango,SweetenedUnsweetened",Snacks,Healthy Snacks,Dried Mango,"Sweetened, Unsweetened","By Udi Stryk on 24 Jan, 2025","By Udi Stryk on 24 Jan, 2025",,,0,PID-#881
"Snacks, Healthy Snacks,Energy Bites,ChocolatePeanut Butter",Snacks,Healthy Snacks,Energy Bites,"Chocolate, Peanut Butter","By Udi Stryk on 24 Jan, 2025","By Udi Stryk on 24 Jan, 2025",,,0,PID-#901
"Snacks, Healthy Snacks,Freeze-Dried Fruits,StrawberriesApples",Snacks,Healthy Snacks,Freeze-Dried Fruits,"Strawberries, Apples","By Udi Stryk on 24 Jan, 2025","By Udi Stryk on 24 Jan, 2025",,"Serena, organic dry fruits, Shufersal",0,PID-#876
"Snacks, Healthy Snacks,Fruit and Nut Bars,Granola-BasedChocolate-Coated",Snacks,Healthy Snacks,Fruit and Nut Bars,"Granola-Based, Chocolate-Coated","By Udi Stryk on 24 Jan, 2025","By Udi Stryk on 24 Jan, 2025",,,0,PID-#896
"Snacks, Healthy Snacks,Fruit Leather,StrawberryMangoMixed Berry",Snacks,Healthy Snacks,Fruit Leather,"Strawberry, Mango, Mixed Berry","By Udi Stryk on 24 Jan, 2025","By Udi Stryk on 24 Jan, 2025",,,0,PID-#815
"Snacks, Healthy Snacks,Kale Chips,Sea SaltCheesySpicy",Snacks,Healthy Snacks,Kale Chips,"Sea Salt, Cheesy, Spicy","By Udi Stryk on 24 Jan, 2025","By Udi Stryk on 24 Jan, 2025",,,0,PID-#817
"Snacks, Healthy Snacks,Nuts and Seeds,Roasted PeanutsPistachiosSunflower Seeds",Snacks,Healthy Snacks,Nuts and Seeds,"Roasted Peanuts, Pistachios, Sunflower Seeds","By Udi Stryk on 24 Jan, 2025","By Udi Stryk on 24 Jan, 2025",,,0,PID-#759
"Snacks, Healthy Snacks,Protein Puffs,CheeseBBQ",Snacks,Healthy Snacks,Protein Puffs,"Cheese, BBQ","By Udi Stryk on 24 Jan, 2025","By Udi Stryk on 24 Jan, 2025",,,0,PID-#877
"Snacks, Healthy Snacks,Rice Cakes,",Snacks,Healthy Snacks,Rice Cakes,,"By Operation Manager on 11 Feb, 2025","By Operation Manager on 11 Feb, 2025",,"Crispy Triangles snack Ta'aman, Ta'aman",0,PID-#1018
"Snacks, Healthy Snacks,Rice Cakes,PlainChocolate-Coated",Snacks,Healthy Snacks,Rice Cakes,"Plain, Chocolate-Coated","By Udi Stryk on 24 Jan, 2025","By Udi Stryk on 24 Jan, 2025",,,0,PID-#816
"Snacks, Healthy Snacks,Rice Cakes,PlainChocolate-CoatedFlavored",Snacks,Healthy Snacks,Rice Cakes,"Plain, Chocolate-Coated, Flavored","By Udi Stryk on 24 Jan, 2025","By Udi Stryk on 24 Jan, 2025",,,0,PID-#740
"Snacks, Healthy Snacks,Roasted Seaweed Snacks,PlainFlavored",Snacks,Healthy Snacks,Roasted Seaweed Snacks,"Plain, Flavored","By Udi Stryk on 24 Jan, 2025","By Udi Stryk on 24 Jan, 2025",,,0,PID-#873
"Snacks, Healthy Snacks,Seaweed Snacks,RoastedFlavored",Snacks,Healthy Snacks,Seaweed Snacks,"Roasted, Flavored","By Udi Stryk on 24 Jan, 2025","By Udi Stryk on 24 Jan, 2025",,"SeaWeed Snacks, Ha'Sade organic",0,PID-#813
"Snacks, Healthy Snacks,Seaweed Snacks,RoastedFlavoredSpicy",Snacks,Healthy Snacks,Seaweed Snacks,"Roasted, Flavored, Spicy","By Udi Stryk on 24 Jan, 2025","By Udi Stryk on 24 Jan, 2025",,,0,PID-#754
"Snacks, Healthy Snacks,Snack Mixes,Trail MixNut Mix",Snacks,Healthy Snacks,Snack Mixes,"Trail Mix, Nut Mix","By Udi Stryk on 24 Jan, 2025","By Udi Stryk on 24 Jan, 2025",,,0,PID-#895
"Snacks, Healthy Snacks,Vegetable Chips,BeetKale",Snacks,Healthy Snacks,Vegetable Chips,"Beet, Kale","By Udi Stryk on 24 Jan, 2025","By Udi Stryk on 24 Jan, 2025",,,0,PID-#879
"Snacks, Healthy Snacks,Veggie Straws,PlainFlavored",Snacks,Healthy Snacks,Veggie Straws,"Plain, Flavored","By Udi Stryk on 24 Jan, 2025","By Udi Stryk on 24 Jan, 2025",,,0,PID-#898
"Snacks, Nuts and Seeds,Flavored Nuts,Honey RoastedSpicy Mix",Snacks,Nuts and Seeds,Flavored Nuts,"Honey Roasted, Spicy Mix","By Udi Stryk on 24 Jan, 2025","By Udi Stryk on 24 Jan, 2025",,"Munchies to Shufersal - 200, 400 gr., Shufersal",0,PID-#709
"Snacks, Nuts and Seeds,Mixed Nuts,SaltedUnsalted",Snacks,Nuts and Seeds,Mixed Nuts,"Salted, Unsalted","By Udi Stryk on 24 Jan, 2025","By Operation Manager on 18 Feb, 2025",,"organic chestnuts, Shufersal, MUNCHIES SPICY RICE AND  PEANUTS 400GR, Shufersal",0,PID-#638
"Snacks, Savory Snacks,Bruschettine / Mini Toast,Bruschettine / Mini Toasts -barbecuebruschettine / MIni Toasts mediterraneo",Snacks,Savory Snacks,Bruschettine / Mini Toast,"Bruschettine / Mini Toasts -barbecue, bruschettine / MIni Toasts mediterraneo","By Operation Manager on 3 Mar, 2025","By Operation Manager on 3 Mar, 2025","000438 - EuroSnack bruschettine premium 12 pz  gusto  barbecue
 [EuroSnacks/ FornoDamiani, Italy][Leiman Schlussel Ltd]",,0,PID-#1026
"Snacks, Savory Snacks,Cheese Puffs,ClassicOrganic",Snacks,Savory Snacks,Cheese Puffs,"Classic, Organic","By Udi Stryk on 24 Jan, 2025","By Udi Stryk on 24 Jan, 2025",,,0,PID-#894
"Snacks, Savory Snacks,Corn Nuts,OriginalBBQ",Snacks,Savory Snacks,Corn Nuts,"Original, BBQ","By Udi Stryk on 24 Jan, 2025","By Udi Stryk on 24 Jan, 2025",,,0,PID-#899
"Snacks, Savory Snacks,Crackers,Cheese CrackersGraham CrackersRice CrackersSaltine CrackersWhole Grain CrackersMini Crackers",Snacks,Savory Snacks,Crackers,"Cheese Crackers, Graham Crackers, Rice Crackers, Saltine Crackers, Whole Grain Crackers, Mini Crackers","By Udi Stryk on 24 Jan, 2025","By Udi Stryk on 27 Jan, 2025",,"MUNCHIES SPICY RICE AND  PEANUTS 400GR, Leiman Schlussel Ltd, Salty snacks - crackers , Foodz, cracker 180 G , Leiman Schlussel Ltd",0,PID-#758
"Snacks, Savory Snacks,Crostini,Crostini gusto classicoCrostini pizza",Snacks,Savory Snacks,Crostini,"Crostini gusto classico, Crostini pizza","By Operation Manager on 3 Mar, 2025","By Operation Manager on 3 Mar, 2025","000436 - EuroSnack multipack crostini  5 x 30g  gusto classico
 [EuroSnacks/ FornoDamiani, Italy][Leiman Schlussel Ltd], 000437 - EuroSnack multipack crostini 5 x 30g gusto pizza [EuroSnacks/ FornoDamiani, Italy][Leiman Schlussel Ltd]","cracker 180 G , Leiman Schlussel Ltd",0,PID-#1025
"Snacks, Savory Snacks,Extruded Peanut Snacks,SaltedSpicyHoney-Coated",Snacks,Savory Snacks,Extruded Peanut Snacks,"Salted, Spicy, Honey-Coated","By Udi Stryk on 24 Jan, 2025","By Udi Stryk on 24 Jan, 2025",,,0,PID-#745
"Snacks, Savory Snacks,Moon Cheese,CheddarPepperjack",Snacks,Savory Snacks,Moon Cheese,"Cheddar, Pepperjack","By Udi Stryk on 24 Jan, 2025","By Udi Stryk on 24 Jan, 2025",,,0,PID-#880
"Snacks, Savory Snacks,Pita Chips,PlainSea SaltGarlic-Flavored",Snacks,Savory Snacks,Pita Chips,"Plain, Sea Salt, Garlic-Flavored","By Udi Stryk on 24 Jan, 2025","By Udi Stryk on 24 Jan, 2025",,"Pita Chips & Grissini, Shufersal",0,PID-#750
"Snacks, Savory Snacks,Plantain Chips,SaltedSpicy",Snacks,Savory Snacks,Plantain Chips,"Salted, Spicy","By Udi Stryk on 24 Jan, 2025","By Udi Stryk on 24 Jan, 2025",,,0,PID-#874
"Snacks, Savory Snacks,Popcorn Kernels,Butter-FlavoredPlain",Snacks,Savory Snacks,Popcorn Kernels,"Butter-Flavored, Plain","By Udi Stryk on 24 Jan, 2025","By Udi Stryk on 24 Jan, 2025",,,0,PID-#900
"Snacks, Savory Snacks,Popcorn,Microwave PopcornKettle CornCaramel Popcorn",Snacks,Savory Snacks,Popcorn,"Microwave Popcorn, Kettle Corn, Caramel Popcorn","By Udi Stryk on 24 Jan, 2025","By Udi Stryk on 24 Jan, 2025",,,0,PID-#760
"Snacks, Savory Snacks,Rice Crisps,PlainFlavored",Snacks,Savory Snacks,Rice Crisps,"Plain, Flavored","By Udi Stryk on 24 Jan, 2025","By Udi Stryk on 24 Jan, 2025",,,0,PID-#893
"Snacks, Savory Snacks,Snack-Sized Cheese Portions,CheddarGouda",Snacks,Savory Snacks,Snack-Sized Cheese Portions,"Cheddar, Gouda","By Udi Stryk on 24 Jan, 2025","By Udi Stryk on 24 Jan, 2025",,,0,PID-#902
"Snacks, Sweet Snacks,Candies,Sour CandiesHard CandiesGummies",Snacks,Sweet Snacks,Candies,"Sour Candies, Hard Candies, Gummies","By Udi Stryk on 24 Jan, 2025","By Udi Stryk on 24 Jan, 2025",,,0,PID-#733
"Snacks, Sweet Snacks,Candy,GummiesHard Candy",Snacks,Sweet Snacks,Candy,"Gummies, Hard Candy","By Udi Stryk on 24 Jan, 2025","By Operation Manager on 6 Apr, 2025",,"Gummi Candies , Foodz, Chooclate and Candy of Carletti, Foodz",0,PID-#637
"Snacks, Sweet Snacks,Chocolate Eggs,Milk ChocolateDark ChocolateFilled",Snacks,Sweet Snacks,Chocolate Eggs,"Milk Chocolate, Dark Chocolate, Filled","By Udi Stryk on 24 Jan, 2025","By Operation Manager on 18 Feb, 2025","000278 - Chocolate Eggs 3*60 gr. cluster packaging  [Chocolitaly , Italy][Yochananof]","Chocolate eggs, Yochananof",0,PID-#737
"Snacks, Sweet Snacks,Chocolate-Covered Pretzels,Milk ChocolateDark Chocolate",Snacks,Sweet Snacks,Chocolate-Covered Pretzels,"Milk Chocolate, Dark Chocolate","By Udi Stryk on 24 Jan, 2025","By Udi Stryk on 24 Jan, 2025",,"Chooclate pretzel , Ta'aman",0,PID-#897
"Snacks, Sweet Snacks,Chocolate,MilkDark",Snacks,Sweet Snacks,Chocolate,"Milk, Dark","By Udi Stryk on 24 Jan, 2025","By Udi Stryk on 24 Jan, 2025",,"Chocolate Tablets, 100Gr. Sugar-Free, Shufersal",0,PID-#636
"Snacks, Sweet Snacks,Cookies,Biscuits",Snacks,Sweet Snacks,Cookies,Biscuits,"By Operation Manager on 29 Jan, 2025","By Operation Manager on 28 Apr, 2025","000433 - Petit Beurre-Pally Biscuits  [Pally biscuits, Netherlands][FoodzShufersal], 000440 - Pally biscuits Speculoos 250 gram
 [Pally biscuits, Netherlands][FoodzShufersal]","Petit Beurre Biscuits , FoodzShufersal, Petit Beurre Biscuits 300 g, Schestowitz",0,PID-#1016
"Snacks, Sweet Snacks,Cookies,Chocolate Chip CookiesOatmeal Raisin Cookies",Snacks,Sweet Snacks,Cookies,"Chocolate Chip Cookies, Oatmeal Raisin Cookies","By Udi Stryk on 24 Jan, 2025","By Udi Stryk on 24 Jan, 2025",,,0,PID-#731
"Snacks, Sweet Snacks,Cookies,Cream-Filled",Snacks,Sweet Snacks,Cookies,Cream-Filled,"By Udi Stryk on 24 Jan, 2025","By Operation Manager on 28 Jan, 2025",,"Cookies from Vicenzi, Shufersal",0,PID-#725
"Snacks, Sweet Snacks,Cookies,Peanut Butter CookiesShortbread CookiesMacarons",Snacks,Sweet Snacks,Cookies,"Peanut Butter Cookies, Shortbread Cookies, Macarons","By Udi Stryk on 24 Jan, 2025","By Udi Stryk on 24 Jan, 2025",,"Dutch Butter Cookies, Shufersal, Cookies COOPERNATH, Leiman Schlussel Ltd",0,PID-#756
"Snacks, Sweet Snacks,Cookies,Sugar-FreeGluten-Free",Snacks,Sweet Snacks,Cookies,"Sugar-Free, Gluten-Free","By Udi Stryk on 24 Jan, 2025","By Udi Stryk on 24 Jan, 2025",,"double cookey gluten free, Shufersal",0,PID-#672
"Snacks, Sweet Snacks,Cookies,Taralli CookiesBiscotti",Snacks,Sweet Snacks,Cookies,"Taralli Cookies, Biscotti","By Udi Stryk on 24 Jan, 2025","By Udi Stryk on 24 Jan, 2025",,,0,PID-#739
"Snacks, Sweet Snacks,Dessert Bars,BrowniesBlondies",Snacks,Sweet Snacks,Dessert Bars,"Brownies, Blondies","By Udi Stryk on 24 Jan, 2025","By Udi Stryk on 24 Jan, 2025",,,0,PID-#727
"Snacks, Sweet Snacks,Gummy Candies,Fruit-Flavored GummiesSour Gummies",Snacks,Sweet Snacks,Gummy Candies,"Fruit-Flavored Gummies, Sour Gummies","By Udi Stryk on 24 Jan, 2025","By Udi Stryk on 24 Jan, 2025",,,0,PID-#743
"Snacks, Sweet Snacks,Luxury Chocolates,TrufflesBelgian ChocolatesFilled Pralines",Snacks,Sweet Snacks,Luxury Chocolates,"Truffles, Belgian Chocolates, Filled Pralines","By Udi Stryk on 24 Jan, 2025","By Operation Manager on 29 Jan, 2025",,,0,PID-#708
"Snacks, Sweet Snacks,Marshmallows,PlainMiniFlavored",Snacks,Sweet Snacks,Marshmallows,"Plain, Mini, Flavored","By Udi Stryk on 24 Jan, 2025","By Udi Stryk on 24 Jan, 2025",,"Marshmallow , Foodz",0,PID-#734
"Snacks, Sweet Snacks,Packaged Cakes,Sponge CakesSwiss Rolls",Snacks,Sweet Snacks,Packaged Cakes,"Sponge Cakes, Swiss Rolls","By Udi Stryk on 24 Jan, 2025","By Udi Stryk on 24 Jan, 2025",,"SPONGE CAKE, Yochananof",0,PID-#726
"Snacks, Sweet Snacks,Personal Cake Snacks,Mini Pound CakesSnack-Sized Muffins",Snacks,Sweet Snacks,Personal Cake Snacks,"Mini Pound Cakes, Snack-Sized Muffins","By Udi Stryk on 24 Jan, 2025","By Udi Stryk on 24 Jan, 2025",,,0,PID-#741
"Snacks, Sweet Snacks,Sandwich Cookies,Vanilla CreamChocolate Cream",Snacks,Sweet Snacks,Sandwich Cookies,"Vanilla Cream, Chocolate Cream","By Udi Stryk on 24 Jan, 2025","By Udi Stryk on 24 Jan, 2025",,,0,PID-#738
"Snacks, Sweet Snacks,Wafers,Chocolate WafersChocolate-CoatedHazelnut WafersStrawberry WafersMini wafersWafers",Snacks,Sweet Snacks,Wafers,"Chocolate Wafers, Chocolate-Coated, Hazelnut Wafers, Strawberry Wafers, Mini wafers, Wafers","By Udi Stryk on 24 Jan, 2025","By Udi Stryk on 27 Jan, 2025",,"Wafers 250g , Shufersal, wafer cubes, balconi, Shufersal, wafer cubes, balconi, Yochananof",0,PID-#724
"Snacks, Sweet Snacks,Waffle Snacks,Chocolate-Dipped WafflesMini Waffles",Snacks,Sweet Snacks,Waffle Snacks,"Chocolate-Dipped Waffles, Mini Waffles","By Udi Stryk on 24 Jan, 2025","By Udi Stryk on 24 Jan, 2025",,,0,PID-#730
