Status Subject,Action Details,Auto Number,Due Date: Start Date,Due Date: End Date,Files and Images,First Created,First Created  date,Last Updated,Link to Adaptation Process,Link to Orders,Link to Proposals & Samples,Link To Shipping,Next Actions to Be Taken,Open Comments,Request,Status
Check if supplier send us the prices for the products and send them to Galit,,#011,,,,"By Operation Manager on 2 Feb, 2025","By Operation Manager on 2 Feb, 2025","By Operation Manager on 19 Feb, 2025",,,,,,0,"Cookies COOPERNATH, Leiman Schlussel Ltd",Complete
Send Pnina sammples,,#012,,,,"By Operation Manager on 2 Feb, 2025","By Operation Manager on 2 Feb, 2025","By Udi Stryk on 16 Feb, 2025",,,,,,0,"cracker 180 G , Leiman Schlussel Ltd",To Do
A kind remainder,,#013,,,,"By Operation Manager on 2 Feb, 2025","By Operation Manager on 2 Feb, 2025","By Success Management on 5 Mar, 2025",,,,,,0,"Chocolate Spread, Ta'aman",Complete
There is email correspondence about the label.,,#016,,,,"By Operation Manager on 3 Feb, 2025","By Operation Manager on 3 Feb, 2025","By Udi Stryk on 16 Feb, 2025",,,,,,0,"Lemon Juice for salads, Ta'aman",Complete
sourceing,1.casagelato - https://www.casagelato.it/en/cat/Products_%3E_Formats_%3E_Other_formats.xhtml khladoprom - https://khladoprom.com/en/private-label/ jacques-ice -https://www.jacques-ice.com/producten?lang=en Leone   -       -https://incomleone.com/private-label/ IJspaleis-   https://www.ijspaleis.nl/en/about-us/ Alfagel - https://alfagel.com/en/private-label/ The Ice Cream Faktory-  https://www.icecreamfaktory.com/en/ice-cream-copacker#products Edo- https://edogelati.eu/en/ Ysco- https://www.ysco.eu/en/producten holidayice-  https://www.holidayice.nl/en/index.php#contactPerson Hela-Prima - https://www.lodyhela.com.pl/ice-cream/multipacks-and-multiboxes Dubai- https://intelligentfoods.ae/collections/soft-serve https://heladoslatapatia.com/newsite/products/ https://pierres.com/products/all-products/ https://www.lavialattea.com/en/private-label/ https://www.gelateriaghisolfi.com/gelato-a-domicilio/ https://www.gelatiroyal.it/it/private-label/ אלו מייצרים tube https://www.sedagroup.com/ice-cream Dadu- https://dadu.lt/en/packaging/ https://friofood.nl/en/about-us/ https://www.gelatoditalia.it/en/ice-cream/formats/,#018,,,,"By Operation Manager on 4 Feb, 2025","By Operation Manager on 4 Feb, 2025","By Udi Stryk on 16 Feb, 2025",,,,,,0,"ice cream in cones like Nestle's gumi-gam, Leiman Schlussel Ltd",Complete
Send email to all potential suppliers,I sent a request to three suppliers via the website: 1. pop fruit intelligent foods seda,#019,,,,"By Operation Manager on 5 Feb, 2025","By Operation Manager on 5 Feb, 2025","By Udi Stryk on 16 Feb, 2025",,,,,,0,"ice cream in cones like Nestle's gumi-gam, Leiman Schlussel Ltd",Complete
Sourceing supplier crackers,https://quely.com/en/quely-crem-55g https://papadopoulou.gr/en/brand/mini-pick-crackers/ https://www.valentinasnacks.com/products/ https://www.unismack.gr/products https://www.venuswafers.com/ https://bolletje.nl/onze-producten https://www.snackworks.com/brands/honey-maid/ https://www.yarych.com/en/categories/crackers,#020,,,,"By Operation Manager on 5 Feb, 2025","By Operation Manager on 5 Feb, 2025","By Udi Stryk on 16 Feb, 2025",,,,,,0,"Salty snacks - crackers , Foodz",To Do
Check if answer to my email,Gelateria- produce tubs or jars - not relevant,#021,,,,"By Operation Manager on 5 Feb, 2025","By Operation Manager on 5 Feb, 2025","By Udi Stryk on 16 Feb, 2025",,,,,,0,"ice cream in cones like Nestle's gumi-gam, Leiman Schlussel Ltd",To Do
"Gabi sent pictures of the leading products, Pnina still hasn't answered this mail (7 days ago)","Pnina answer , Gabi sent a  statement from the TARALLI manufacturer that they make cookies without wine, attached.",#025,,,DICHIARAZIONE NO VINO.pdf,"By Operation Manager on 6 Feb, 2025","By Operation Manager on 6 Feb, 2025","By Udi Stryk on 16 Feb, 2025",,,,,,0,"cracker 180 G , Leiman Schlussel Ltd",Complete
Plan of purchase with delivery timings,They will send it in a week,#026,,,,"By Operation Manager on 6 Feb, 2025","By Operation Manager on 6 Feb, 2025","By Operation Manager on 2 Mar, 2025",,,,,,0,"Lemon Juice for salads, Ta'aman",Complete
Gabi sent an email to Elad about a picture of the product (7 days ago) waiting for a response.,,#027,,,,"By Operation Manager on 6 Feb, 2025","By Operation Manager on 6 Feb, 2025","By Udi Stryk on 16 Feb, 2025",,,,,,0,"Pasta Sauces Ta'aman, Ta'aman",To Do
Gabi send prices of the product waiting for respond,,#028,,,forecast organic frozen vegetables 600+ 800gr 5.2.25.xlsx,"By Operation Manager on 6 Feb, 2025","By Operation Manager on 6 Feb, 2025","By Udi Stryk on 16 Feb, 2025",,,,,,0,"Pasta Sauces Ta'aman, Ta'aman",To Do
Certificate of Incorporation of Dor Alon Retail Complexes Ltd,,#031,,,תעודת התאגדות.pdf,"By Operation Manager on 6 Feb, 2025","By Operation Manager on 6 Feb, 2025","By Udi Stryk on 16 Feb, 2025",,,,,,0,"750/ 500 ml. Olive oil - mueloliva- Dor alon, Dor Alon",Complete
Analysis of sunflower oil,,#032,,,REFINED SUNFLOWER OIL SAMPLE.doc,"By Operation Manager on 6 Feb, 2025","By Operation Manager on 6 Feb, 2025","By Udi Stryk on 16 Feb, 2025",,,,,,0,"750/ 500 ml. Olive oil - mueloliva- Dor alon, Dor Alon",Complete
Business license for Maayan representative company that distributes the olive oil,,#033,,,22_05_2024_08_30_46.pdf,"By Operation Manager on 6 Feb, 2025","By Operation Manager on 6 Feb, 2025","By Udi Stryk on 16 Feb, 2025",,,,,,0,"750/ 500 ml. Olive oil - mueloliva- Dor alon, Dor Alon",Complete
The labels and approvals of the olive oil and tomatoes,Check if they send it.,#034,,,,"By Operation Manager on 6 Feb, 2025","By Operation Manager on 6 Feb, 2025","By Udi Stryk on 16 Feb, 2025",,,,,,0,"750/ 500 ml. Olive oil - mueloliva- Dor alon, Dor Alon",To Do
Gabi sent an email (7 days ago) to Benni about the price (a little bit high),"mbernardi@bernardintl.it Gabi asked him What price he was interested in receiving. Beni doe’t answer,  Maurizio send an email: No feedback received for tuna in 1 kg pouch Offer end. Pls ask in case of need",#035,"12 Mar, 2025","23 Mar, 2025",,"By Operation Manager on 6 Feb, 2025","By Operation Manager on 6 Feb, 2025","By Udi Stryk on 5 Mar, 2025",,,,,,0,"Tuna in 1 kg cans, ProPlus",To Do
Kosher Certification Missing,The label does not include Isur Rabbanut Harashit certification.,#036,,,,"By Operation Manager on 6 Feb, 2025","By Operation Manager on 6 Feb, 2025","By Success Management on 6 Mar, 2025",,,,,"Kosher Certification Update:

Ensure the Isur Rabbanut Harashit certification is included on the packaging.
Verify if Badatz Beit Yosef certification is also required.
Contact Kosherholland for confirmation on compliance.
",0,"Frozen french- fries, proplus, ProPlus",Complete
Gbi sent an email to Moti about the price of the eggs but no answer (4 days ago),Moti done answer,#037,,,,"By Operation Manager on 6 Feb, 2025","By Operation Manager on 6 Feb, 2025","By Udi Stryk on 16 Feb, 2025",,,,,,0,"Chocolate eggs, Yochananof",To Do
sourcing manufactorer,"I send an email, waiting for a response.",#038,,,,"By Operation Manager on 10 Feb, 2025","By Operation Manager on 10 Feb, 2025","By Udi Stryk on 17 Feb, 2025",,,,,,0,"1 L & 5L Sunflower oil, Shufersal",Complete
Sourceing 2,,#039,,,,"By Operation Manager on 11 Feb, 2025","By Operation Manager on 11 Feb, 2025","By Udi Stryk on 16 Feb, 2025",,,,,,0,"Crispy Triangles snack Ta'aman, Ta'aman",To Do
Sourceing 3,,#040,,,,"By Operation Manager on 11 Feb, 2025","By Operation Manager on 11 Feb, 2025","By Udi Stryk on 16 Feb, 2025",,,,,,0,"Chooclate pretzel , Ta'aman",To Do
NEW requierment of kashrut,"Hi Amit,  Ok great, we are creating the internal code and Jessica is discussing to confirm the labels (separate mail), in the meantime could you please fill the attached docu. Is mandatory for us to start the internal process.  Once we will have the labels we will emit the proforma invoice to be confirmed (quantity must be slightly adjusted on our palletizations),  Just a detail, the 500ml. is x6 and not x12.  Concerning the Rabbi, since it’s a pareve production it’s necessary that he is present at the production?  Thanks for let me know,",#042,,,,"By Operation Manager on 13 Feb, 2025","By Operation Manager on 13 Feb, 2025","By Operation Manager on 2 Mar, 2025",,,,,,0,"Lemon Juice for salads, Ta'aman",In Process
Pnina ask the zip CODE of the factory,,#043,,,,"By Operation Manager on 13 Feb, 2025","By Operation Manager on 13 Feb, 2025","By Udi Stryk on 16 Feb, 2025",,,,,,0,"cracker 180 G , Leiman Schlussel Ltd",To Do
Pnina asked for prices,"מיינו את הדוגמאות שהתקבלו ולהלן רשימת הפריטים שנשמח לבחון :

 

Tarralli משקל 250 ג

 

עם זיתים , בצל וזיתים ,זרעי שומר

 

מיני קרקרים 180 גר

פיצה , רוזמרין  

 

Caostini

מאגדת של מיני 150 ג (5X 30ג )

פיצה וקלאסי

Bruschettine

אריזת 90 ג

ברביקיו , ים תיכוני

 

אנו נשמח לקבל מחירי קניה לכל אחד מהפריטים ברשימה , פרטים לוגיסטיים שיאפשרו תמחור מסודר , זיפ או כתובת המפעל לקבלת מחיר הובלה . במידה ויוצא מיעד אחד וכבר קבלנו , נא לציין זאת .

 

ברגע שנקבל את כל המידע נעבד ונבחן את העלויות בכדי לקבל החלטה.

 

נושא נוסף , אנו מעריכים שיש עניין במגוון איטלקי ובמוצר המשדר ""איטליה "" . האם יהיה אפשרי (במידה ונחליט ) להשיק את המגוון באריזה ובמיתוג היצרן ?

 ",#044,,,,"By Operation Manager on 13 Feb, 2025","By Operation Manager on 13 Feb, 2025","By Operation Manager on 2 Mar, 2025",,,,,,0,"cracker 180 G , Leiman Schlussel Ltd",In Process
Gabi sent a kosher certification,,#046,,,,"By Operation Manager on 13 Feb, 2025","By Operation Manager on 13 Feb, 2025","By Udi Stryk on 16 Feb, 2025",,,,,,0,"Chocolate eggs, Yochananof",Complete
Lior sent an email about the prices  and she will update us as soon as possible,,#047,,,,"By Operation Manager on 13 Feb, 2025","By Operation Manager on 13 Feb, 2025","By Operation Manager on 18 Feb, 2025",,,,,,0,"Chocolate eggs, Yochananof",To Do
POLENGHI sent docs- a new customer form (Amit needs to fill),"Hi Amit,  In order to emit the proforma invoice could you please fill the attached doc. asap,  Thanks,",#048,,,,"By Operation Manager on 16 Feb, 2025","By Operation Manager on 16 Feb, 2025","By Udi Stryk on 16 Feb, 2025",,,,,,0,"Lemon Juice for salads, Ta'aman",To Do
Incorrect Contact Information for ProPlus,The provided phone number on the packaging is incorrect.,#049,,,,"By Operation Manager on 16 Feb, 2025","By Operation Manager on 16 Feb, 2025","By Success Management on 6 Mar, 2025",,,,,"Labeling Corrections:

Update the ProPlus contact information on the packaging (correct phone number).
Confirm all required labeling details:
Pro Plus logo
Badatz Beit Yosef logo
Ingredients in Hebrew
Barcode
Nutritional Information in Hebrew",0,"Frozen french- fries, proplus, ProPlus",Complete
Pending Confirmation of Label Details,The final label needs to include: Pro Plus logo Badatz Beit Yosef logo Ingredients in Hebrew Barcode Nutritional information in Hebrew,#050,,,,"By Udi Stryk on 16 Feb, 2025","By Udi Stryk on 16 Feb, 2025","By Success Management on 6 Mar, 2025",,,,,"Supplier Coordination (Bergia Distributie B.V.):

Verify if the labeling changes can be implemented before shipment.
Confirm timeline for updating packaging materials.
Ensure that no additional compliance issues remain.",0,"Frozen french- fries, proplus, ProPlus",Complete
Sent email to all potential suppliers,,#051,,,,"By Operation Manager on 17 Feb, 2025","By Operation Manager on 17 Feb, 2025","By Operation Manager on 17 Feb, 2025",,,,,,0,"1 L & 5L Sunflower oil, Shufersal",Complete
Create a product for each potential supplier proposal,,#052,,,,"By Operation Manager on 17 Feb, 2025","By Operation Manager on 17 Feb, 2025","By Operation Manager on 17 Feb, 2025",,,,,,0,"1 L & 5L Sunflower oil, Shufersal",To Do
Gabi sent forcast,waiting for elad to reply.,#053,,,forecast organic frozen vegetables 600+ 800gr 5.2.25 (002).xlsx,"By Operation Manager on 17 Feb, 2025","By Operation Manager on 17 Feb, 2025","By Operation Manager on 2 Mar, 2025",,,,,,0,"Organic Frozen vegetables, Harduf - All Organics",Complete
Gabi sent email to elad abot container that can reach Israel,"אלעד בוקר טוב 

בהמשך לשיחה עם זאב על אספקת עגבניות אורגניות מחברת LA DORIA 

מעביר לך את המייל אודות האפשרות להציע לך מכולה שיכולה לצאת בימים הקרובים 

אודה לך אם תחזור אלינו בנושא

מצורף גם האישורים האורגניים והכשרות",#054,,,,"By Operation Manager on 17 Feb, 2025","By Operation Manager on 17 Feb, 2025","By Operation Manager on 17 Feb, 2025",,,,,Zeev said that right now it's irrelevant because organic tomatoes are only available in May or June.,0,"Organic Peeled tomatoes 425 gr, Harduf - All Organics",Complete
Pierluigi sent email about flour sifter,Gabi sent Amit an email about the flour sifter is a 600 Mikron if it's not possible because Kashrot the project is not feasible.,#055,,,,"By Operation Manager on 17 Feb, 2025","By Operation Manager on 17 Feb, 2025","By Operation Manager on 2 Mar, 2025",,,,,Amit needs to answer Gabi email,0,"Pasta 500 G, Ta'aman",In Process
AMIT NEEDS TO FIIL THIS DOCS AND AFTER THAT THEY WILL RECIVE A proforma invoice,"In order to emit the proforma invoice could you please fill the attached doc. asap,

 ",#056,,,NEW CUSTOMER FORM.DOC,"By Operation Manager on 17 Feb, 2025","By Operation Manager on 17 Feb, 2025","By Operation Manager on 17 Feb, 2025",,,,,,0,"Lemon Juice for salads, Ta'aman",To Do
Gabi sent a contract- Orit seny it back ( We need to sign),Gabi sent the signed contract ,#057,,,"הסכם עמלות ליימן שליסל.pdf, Scanned from a Xerox Multifunction Printer.pdf","By Operation Manager on 17 Feb, 2025","By Operation Manager on 17 Feb, 2025","By Operation Manager on 19 Feb, 2025",,,,,,0,"MUNCHIES SPICY RICE AND  PEANUTS 400GR, Leiman Schlussel Ltd",Complete
There are old correspondences on the subject; what needs to be done?,,#058,,,,"By Operation Manager on 18 Feb, 2025","By Operation Manager on 18 Feb, 2025","By Operation Manager on 18 Feb, 2025",,,,,,0,"SeaWeed Snacks, Ha'Sade organic",To Do
Label Sent to supplier for approval and printing,,#059,,,,"By Operation Manager on 18 Feb, 2025","By Operation Manager on 18 Feb, 2025","By Operation Manager on 18 Feb, 2025",,,,,,0,"750/ 500 ml. Olive oil - mueloliva- Dor alon, Dor Alon",To Do
Ingredient Updates for Two Products:,"7296073426592 - Gluten free cookies chocolate filled

7296073426608 - Gluten free cookies lemon filled
Gluten-Free Lemon Cookies (150g) – SKU #4124
🔹 Change: Sunflower lecithin replaced with soy lecithin due to supply shortages caused by the war in Ukraine.
🔹 No other significant ingredient changes.

Gluten-Free Chocolate Cookies (150g) – SKU #4123
🔹 Change: Same as above – sunflower lecithin replaced with soy lecithin.
🔹 No other major modifications.

Updated Allergen Declaration:
🔹 Now states that the products contain eggs, milk, and soy (lemon flavor) + hazelnuts (chocolate flavor).
🔹 May contain traces of other nuts.

",#060,,,"S010_FilledCookies_Hazelnut_150g_162001.pdf, S010_FilledCookies_150g_161981.pdf, S023_Biscotti_200g_218807.pdf","By Operation Manager on 18 Feb, 2025","By Operation Manager on 18 Feb, 2025","By Operation Manager on 19 Feb, 2025",,,,,,0,"Cookies from Vicenzi, Shufersal",Complete
"Gabi sent forcast, Moti reply that he want to lower the price","היי זאב היקר

מבקש מחיר 6.2

האירו ירד !!!

12 מכולות

 ",#061,,,,"By Operation Manager on 19 Feb, 2025","By Operation Manager on 19 Feb, 2025","By Operation Manager on 19 Feb, 2025",,,,,,0,"SPONGE CAKE, Yochananof",To Do
"Gilad is requesting that the manufacturer commit to reducing sodium in the hummus to 300 mg instead of 320 mg, with supporting documents, as the difference is small and should not pose an issue.","היי גבי

 

כל הסדרה סומנה עם סימן ירוק חוץ מהחומוס ובגלל שמדובר על סדרה אנחנו צריכים שהיצרן יתחייב לנתרן עד 300 במקום 320 יש לצרף מסמכים

לפי הבנתי הפער הוא קטן ולא צריכה להיות בעיה ליצרן",#062,,,,"By Operation Manager on 19 Feb, 2025","By Operation Manager on 19 Feb, 2025","By Operation Manager on 19 Feb, 2025",,,,,,0,"Legumes in Tetra Pak, Shufersal",To Do
"CoAs (Certificates of Analysis) for specific products such as Filo Pastry and Puff Pastry, along with allergen statements and updated contaminant tests",,#063,,,"Draft Contaminants Declaration 26.06.2022 + list + salm + recall - 2025 02 17.pdf, Draft Certificate of Analysis & Statements 239002 Filas Puff Pastry new allergens - 2025 02 17.docx, Draft Certificate of Analysis & Statements 239001 Puff Pastry - new allergens 2025 02 17 .docx, Draft Certificate of Analysis & Statements 239000 Filo Pastry new allergens - 2025 02 17.docx","By Operation Manager on 19 Feb, 2025","By Operation Manager on 19 Feb, 2025","By Operation Manager on 19 Feb, 2025",,,,,,0,"Filo  and puff pastry, Shufersal",Complete
"Request for updated BRC (British Retail Consortium) certificate and inclusion of additional contaminant testing (Deoxynivalenol, Ergot alkaloids, Zearalenone) as per EU regulations.",They send all the documents ,#064,,,,"By Operation Manager on 19 Feb, 2025","By Operation Manager on 19 Feb, 2025","By Operation Manager on 19 Feb, 2025",,,,,,0,"Filo  and puff pastry, Shufersal",Complete
Matteo Abrate from Victoria industry is waiting for laels,"לשלוח את הלוגו החדש של הכשרות לספק (כדי שידפיסו תוויות חדשות).
לוודא שהספק שלח את תעודת ה-ISO (ולהעביר למשרד הבריאות).
לתאם את ביקור המשגיח במפעל לפני ייצור חדש.
לאשר מול הספק שהתוויות החדשות מוכנות כדי שלא יהיה עיכוב נוסף.",#065,,,,"By Operation Manager on 19 Feb, 2025","By Operation Manager on 19 Feb, 2025","By Operation Manager on 19 Feb, 2025",,,,,"Send the new kosher logo to the supplier so they can print and update the labels.
Coordinate the rabbi’s visit to the factory before the next production.
",0,"Diced Tomato & Crushed Tomato, ProPlus",To Do
Verify that the supplier has sent the ISO certification and ensure it has been forwarded to the Ministry of Health in Israel.,,#066,,,"BRC Gariga exp 19 10 2025.pdf, IFS Gariga exp 01 11 2025.pdf","By Operation Manager on 19 Feb, 2025","By Operation Manager on 19 Feb, 2025","By Operation Manager on 19 Feb, 2025",,,,,"I need to send an email with these details to Pro Plus
ensure all regulatory approvals are completed so the shipment can be cleared without delays at customs.",0,"Diced Tomato & Crushed Tomato, ProPlus",To Do
Waiting for negotiation,"צערינו לקח קצת זמן אבל קיבלנו את האישורים מהרב שעושה את הכשרות לחברת COOPERNATH כולל תיאום מול הרב שלכם ויש אישור ל 4 המוצרים שבחרתם כולל אישור כשרות OU (כשרות אירופית )
מצרף לך גם את הפרטים והמחירים כפי שקיבלנו מחברת COOPERNATH
נשמח להתקדם ולסכם את שלב המשא ומתן ולעבור לשלבים הבאים של העמקת שיתוף הפעולה ",#067,,,20250213 Pricing Foodz X 2025 + Kosher certification (OU)_FOB (2).pdf,"By Operation Manager on 19 Feb, 2025","By Operation Manager on 19 Feb, 2025","By Operation Manager on 2 Mar, 2025",,,,,"We are waiting for a reply from Galit. 
She sent an email 3 days ago: ""She doesn't forget us. She will update as soon as possible"". ",0,"Cookies COOPERNATH, Leiman Schlussel Ltd",To Do
Update logo - Gabi sent to revital to update logo,"בוקר טוב רויטל 
שלחתי את התמונה לכל הגורמים המעורבים ויש כמה שינויים שצריך לעשות
1.  כתובת היבואן נא לשנות  
בבקשה לתקן את הכתובת שלנו ל:GREEN WORK יקום  בניין B

 

במקום יורופארק  קבוץ יקום .

2. הלוגו שצריך על המדבקה הוא הלוגו של OU (מצורף) והכיתוב צריך להיות
כשר לפסח
כשר פרווה- בישול ישראל 
בהשגחת ועד הכשרות OU (OU צריך להיות בולט)
ןבאישור הרבנות הראשית לישראל
בבקשה תשני ותשלחי לי לאישור סופי
",#069,,,,"By Operation Manager on 19 Feb, 2025","By Operation Manager on 19 Feb, 2025","By Operation Manager on 2 Mar, 2025",,,,,,0,"750/ 500 ml. Olive oil - mueloliva- Dor alon, Dor Alon",Complete
Shufersal update the logo for all frozen vegtables,Gabi sent email,#070,,,"Peas_ARDO_CP_APP.jpg, Fine_Peas_ARDO_CP_APP.jpg, Fine_WholeGreenBeans_ARDO_CP_APP.jpg, Pease+Carrots_ARDO_CP_APP.jpg, CutBeans_ARDO_CP_APP.jpg, WholeGreenBeans_ARDO_CP_APP.jpg","By Operation Manager on 19 Feb, 2025","By Operation Manager on 19 Feb, 2025","By Operation Manager on 19 Feb, 2025",,,,,,0,"Frozen Vegetables, Shufersal",To Do
Maurizio sent an email about new prices,"here below price direct from Ecuador :

 

-TONNO IN BUSTA OLIO OLIVA 1KG 5,55$

-TONNO IN BUSTA OLIO SEMI 50/50  1KG 4,80$

-TONNO IN BUSTA OLIO SEMI 1KG 100% BRICIOLE 3,95$

 

Let me know if can be good.",#071,,,,"By Operation Manager on 19 Feb, 2025","By Operation Manager on 19 Feb, 2025","By Operation Manager on 19 Feb, 2025",,,,,,0,"Tuna in 1 kg cans, ProPlus",To Do
Tracking number DHL 1891685714,,#072,,,,"By Operation Manager on 2 Mar, 2025","By Operation Manager on 2 Mar, 2025","By Udi Stryk on 5 Mar, 2025",,,,,,0,"750/ 500 ml. Olive oil - mueloliva- Dor alon, Dor Alon",In Process
Samples of chocolate spread Gandola,"Request samples of chocolate spreads (including a milk-free version) from Gandola Biscotti to Israel, with the supplier asking who should be invoiced for the shipping costs.
They send the samples today, 05.03 and they will sent us tracking number

- they sending samples today by FEDEX, tracking number is 286087362890

 - The cost of the shipment is 60,00 €, - I ask for the bank account to transfer the money.

- The samples will arrive on 10.03.25

-The sampled arrived

-Zeev gave the samples to Taamn yesterday. ",#073,,,,"By Operation Manager on 2 Mar, 2025","By Operation Manager on 2 Mar, 2025","By Operation Manager on 13 Mar, 2025",,,,,We sent him the details for the sample shipment.,0,"Chocolate Spread, Ta'aman",Complete
Calculating the total cost per bag of chips based on different supplier prices and shipping costs,,#075,,,עלות ציפס 2.5 קג.pdf,"By Operation Manager on 2 Mar, 2025","By Operation Manager on 2 Mar, 2025","By Success Management on 6 Mar, 2025",,,,,,0,"Frozen french- fries, proplus, ProPlus",Complete
Final approval is needed for kosher certification and minor label adjustments before production and shipment,,#076,,,,"By Operation Manager on 2 Mar, 2025","By Operation Manager on 2 Mar, 2025","By Operation Manager on 2 Mar, 2025",,,,,,0,"Lemon Juice for salads, Ta'aman",To Do
Lior sent a email with qestion,"1. Vegetable Mix Composition:
ARDO’s Summer Mix (cauliflower, peas, green beans, carrots) differs from their mix (corn, peas, green beans, carrots).
Cauliflower instead of corn may cause kosher issues.
They also want to explore Wok Mix options.

2. Peas Classification:
The product is marked as ""Not Calibrated.""
I need clarification on what this means and its impact on quality.

3. Minimum Order Quantities (MOQ):
Need confirmation on minimum production quantities.

4. Kosher Certification:
Checking the feasibility and costs of Kosher Le’Mehadrin and for passvor

5. Product Samples:
If feasible, they request samples for all mentioned products for testing.",#077,,,,"By Operation Manager on 2 Mar, 2025","By Operation Manager on 2 Mar, 2025","By Success Management on 5 Mar, 2025",,,,,,0,"Organic Frozen vegetables, Harduf - All Organics",Complete
Request for Samples – 3-4 units of each of the 6 chocolate bars displayed in the catalog (excluding sugar-free or gluten-free versions).,,#078,,,,"By Operation Manager on 2 Mar, 2025","By Operation Manager on 2 Mar, 2025","By Operation Manager on 10 Apr, 2025",,,,,,0,"Chocolate bars, Foodz",Complete
Gabriel asked Rabbi Itzik to assist in communication with Jason to resolve the issue of sample quantity and cost.,,#079,,,,"By Operation Manager on 2 Mar, 2025","By Operation Manager on 2 Mar, 2025","By Success Management on 6 Mar, 2025",,,,,,0,"Marshmallow , Foodz",Complete
Gabi inquired whether there are alternative suppliers offering similar marshmallow products.,,#080,,,,"By Operation Manager on 2 Mar, 2025","By Operation Manager on 2 Mar, 2025","By Success Management on 6 Mar, 2025",,,,,,0,"Marshmallow , Foodz",Complete
Details of rabi itzchak,inonitzchak@yahoo.com,#081,,,,"By Operation Manager on 2 Mar, 2025","By Operation Manager on 2 Mar, 2025","By Operation Manager on 2 Mar, 2025",,,,,,0,"Marshmallow , Foodz",Complete
We sent him the requested number of containers and are waiting for a response on how to proceed with the request.,,#082,,,,"By Operation Manager on 2 Mar, 2025","By Operation Manager on 2 Mar, 2025","By Operation Manager on 2 Mar, 2025",,,,,,0,"Pasta 500 G, Ta'aman",To Do
I sent pnina the prices of Tarralli,She asked me if it was FOB; I am waiting for a reply from Tommaso.,#085,,,,"By Operation Manager on 2 Mar, 2025","By Operation Manager on 2 Mar, 2025","By Operation Manager on 2 Mar, 2025",,,,,,0,"cracker 180 G , Leiman Schlussel Ltd",To Do
I send email about sample,"Dear Alice,
Please send the sample and write me the track number.
Usually, shipments are sent to us via DHL, UPS, or FedEx please see the details below
1. the address: Mr. Zeev Strikowski
     27 Maskit st.  Herzliya
             Israel
2. on the documents write ""for private use only."" Pls do not write for commercial use
3.  Make sure the weight of the package will not increase over 4.5kg
4.  on the cell of ""products value"" write no. smaller than 10€

- The samples needs to arrive.

the samples arrive ",#086,,,,"By Operation Manager on 2 Mar, 2025","By Operation Manager on 2 Mar, 2025","By Operation Manager on 17 Mar, 2025",,,,,,0,"Petit Beurre Biscuits , FoodzShufersal",Complete
Tommaso asked what will be the forecast for this project,"I sent him an answer, waiting for his reply.",#087,,,,"By Success Management on 3 Mar, 2025","By Success Management on 3 Mar, 2025","By Success Management on 4 Mar, 2025",,,,,,0,"cracker 180 G , Leiman Schlussel Ltd",Complete
We waiting for the samples,"Karin Pivato <sales@castelfood.it>

She sent the samples tracking num : UPS 1ZH81339E6708651157

the samples will arrive today to Zeev 




",#088,,,,"By Success Management on 3 Mar, 2025","By Success Management on 3 Mar, 2025","By Operation Manager on 17 Mar, 2025",,,,,,0,"Crispy Triangles snack Ta'aman, Ta'aman",Complete
"Orit asked for new samples, we spoke with Bernard he will send it","I sent him a reminder, we are still waiting for their answer.

The samples arrive, Zeev need to show them",#090,,,,"By Success Management on 4 Mar, 2025","By Success Management on 4 Mar, 2025","By Operation Manager on 31 Mar, 2025",,,,,,0,"MUNCHIES SPICY RICE AND  PEANUTS 400GR, Leiman Schlussel Ltd",Complete
Mikso needs to send us the samples,"I sent him an email and am waiting for a reply.
 I tried to call him but he didn't answer.

vivorraj@grupoapex.es

- still waiting for reply

- he told me that he will send it and he send us a tracking number",#091,,,,"By Success Management on 4 Mar, 2025","By Success Management on 4 Mar, 2025","By Operation Manager on 31 Mar, 2025",,,,,,0,"Vegetable  chips & snacks , Ta'aman",To Do
I send Pnina two forecast with the price,she out of the office till 20.03,#092,,,"Taralli  250 gr  Fiore Forecast Example.xls, Val_ 170225_LISTINO GDO CODICI INTERNI + EAN AGGIORNATI - Copia (2) (1).xls","By Success Management on 4 Mar, 2025","By Success Management on 4 Mar, 2025","By Operation Manager on 7 Apr, 2025",,,,,,0,"cracker 180 G , Leiman Schlussel Ltd",Complete
Faina sent as email that the importer certificate wil be recevied and she will update usl,fainarubinov@gmail.com,#093,,,,"By Success Management on 4 Mar, 2025","By Success Management on 4 Mar, 2025","By Operation Manager on 9 Mar, 2025",,,,,,0,"750/ 500 ml. Olive oil - mueloliva- Dor alon, Dor Alon",Complete
I sent email to Beni if rabbi Matzrafi reply the shipping is ready,"he sent no.
He asked a question to rabbi menahem hadad, and I forwarded him his answer.
waiting ben's answer it's ok, the production was in 11/03",#094,,,,"By Success Management on 4 Mar, 2025","By Success Management on 4 Mar, 2025","By Operation Manager on 13 Mar, 2025",,,,,,0,"Canned Tomatoes, ProPlus",To Do
"Richard sent a catalog, and we need to review the catalog and let you know which products to send samples for.","We asked for 150 g samples and are waiting for a reply. I asked them what was going on, and they said they were waiting for a reply.",#096,,,,"By Success Management on 4 Mar, 2025","By Success Management on 4 Mar, 2025","By Operation Manager on 31 Mar, 2025",,,,,,0,"Marshmallow , Foodz",To Do
They sent ous a price for Speculoos (lotos),i asked them to fill me the forcast,#097,,,,"By Success Management on 4 Mar, 2025","By Success Management on 4 Mar, 2025","By Operation Manager on 17 Mar, 2025",,,,,,0,"Petit Beurre Biscuits , FoodzShufersal",In Process
"galit said that she want a lower price , i sent en email, waiting foe respond",Zeev talked with Maya Kalifa on phone ,#098,,,,"By Success Management on 5 Mar, 2025","By Success Management on 5 Mar, 2025","By Operation Manager on 13 Mar, 2025",,,,,,0,"Cookies COOPERNATH, Leiman Schlussel Ltd",Complete
zeev wanted to talk with lennart he will be in office on 10.05,"Lennart Mensen <L.Mensen@coppenrath-feingebaeck.de>

we asked Lennrat for a discount for the prices, waiting for he's reply
",#099,,,,"By Success Management on 5 Mar, 2025","By Success Management on 5 Mar, 2025","By Operation Manager on 17 Mar, 2025",,,,,,0,"Cookies COOPERNATH, Leiman Schlussel Ltd",Complete
I send email to 3 maunfactorer waiting for reply.,,#100,,,,"By Success Management on 5 Mar, 2025","By Success Management on 5 Mar, 2025","By Success Management on 5 Mar, 2025",,,,,,0,"Chooclate pretzel , Ta'aman",To Do
Neil sent us prices,"Neil Chivers <Neil.Chivers@ardo.com>
",#101,,,,"By Success Management on 5 Mar, 2025","By Success Management on 5 Mar, 2025","By Operation Manager on 9 Mar, 2025",,,,,,0,"Organic Frozen vegetables, Harduf - All Organics",Complete
Mikso sent us prices,,#105,,,Foods-X (1).pdf,"By Success Management on 6 Mar, 2025","By Success Management on 6 Mar, 2025","By Success Management on 6 Mar, 2025",,,,,,0,"Vegetable  chips & snacks , Ta'aman",To Do
we recived pro-forma invoice,,#106,,,10024 Pro Plus LTD - order 92481.pdf,"By Success Management on 6 Mar, 2025","By Success Management on 6 Mar, 2025","By Success Management on 6 Mar, 2025",,,,,,0,"Frozen french- fries, proplus, ProPlus",To Do
we recived grapich,,#107,,,Prints for Pro Plus Ltd. – Israël (20-02-2025).pdf,"By Success Management on 6 Mar, 2025","By Success Management on 6 Mar, 2025","By Success Management on 6 Mar, 2025",,,,,,0,"Frozen french- fries, proplus, ProPlus",To Do
Samples from KRÜGER GROUP,"Schmiegelt, Xenia <xenia.schmiegelt@wilhelmreuss.de>

She said they will sent the samples I am waiting for the tracking number

1Z6487750495869556",#108,,,,"By Success Management on 6 Mar, 2025","By Success Management on 6 Mar, 2025","By Operation Manager on 23 Mar, 2025",,,,,,0,"Chocolate Spread, Ta'aman",Complete
We recived a proforma invoice,,#109,,,,"By Operation Manager on 6 Mar, 2025","By Operation Manager on 6 Mar, 2025","By Operation Manager on 6 Mar, 2025",,,,,,0,"Lemon Juice for salads, Ta'aman",Complete
Luca needs to update Amit for the production and he will  I'll arrange everything with the rabbis.,"Jessica Ferrari <mktg@polenghigroup.it>:

thanks for the information and for the confirmation.

We will prepare the printing pdf without the Kosher logo.
",#110,,,,"By Operation Manager on 8 Mar, 2025","By Operation Manager on 8 Mar, 2025","By Operation Manager on 8 Mar, 2025",,,,,,0,"Lemon Juice for salads, Ta'aman",To Do
The import approval for Dor Alon has been received.,,#111,,,90680425.pdf,"By Operation Manager on 9 Mar, 2025","By Operation Manager on 9 Mar, 2025","By Operation Manager on 9 Mar, 2025",,,,,,0,"750/ 500 ml. Olive oil - mueloliva- Dor alon, Dor Alon",Complete
I sent prices to Lior and Elad waiting for reply,"They are interested in a discount. I sent an email to Neil, and I am waiting for his reply. (HE was on vacation)
-I sent Lior the new prices and am waiting for a reply.
Lior asked a few question I sent it to neil again.",#112,,,,"By Operation Manager on 9 Mar, 2025","By Operation Manager on 9 Mar, 2025","By Operation Manager on 12 May, 2025",,,,,,0,"Organic Frozen vegetables, Harduf - All Organics",To Do
"production will be in April, they will send exact date.",,#113,,,,"By Operation Manager on 13 Mar, 2025","By Operation Manager on 13 Mar, 2025","By Operation Manager on 13 Mar, 2025",,,,,,0,"Lemon Juice for salads, Ta'aman",To Do
I send  to lior and elad the qustion supplier and they answer me.,"ארץ מקור – איטליה או איחוד.
רסק עגבניות – לנו היה מוצר 22 בריקס שה מספיק טוב עבורנו השאלה אם ניתן לק בל אותו הדבר ואם לא אז 28 .  כמו כן מעוניינים באריזת 100 גרם.
עגבניות קלופות – פחית של  400 גרם באריזת 12 בקרטון .
עגבניות מרוסקות/ חתוכות – מאגדת של 3*400 בקרטון של 9 או 12 מאגדות.",#114,,,,"By Operation Manager on 13 Mar, 2025","By Operation Manager on 13 Mar, 2025","By Operation Manager on 13 Mar, 2025",,,,,,0,"Organic Whole Peeled and Chopped Tomatoes, Harduf - All Organics",To Do
I sent email to lior victoria cant prdouce tomato paste in the packaging indicated.,waiting for reply from lior,#115,,,,"By Operation Manager on 13 Mar, 2025","By Operation Manager on 13 Mar, 2025","By Operation Manager on 13 Mar, 2025",,,,,,0,"Organic Whole Peeled and Chopped Tomatoes, Harduf - All Organics",To Do
"Pro plus transfer 50 $ from the prices , we are waiting for bergia to respond about the order.",,#116,,,,"By Operation Manager on 13 Mar, 2025","By Operation Manager on 13 Mar, 2025","By Operation Manager on 13 Mar, 2025",,,,,,0,"Frozen french- fries, proplus, ProPlus",To Do
I sent email to Nina from Transworld,"Nina Backman <Nina.Backman@transworld.co.il>
I sent Nina the performa invoice so she could help dor alon wuth the payment",#117,,,,"By Operation Manager on 13 Mar, 2025","By Operation Manager on 13 Mar, 2025","By Operation Manager on 1 Apr, 2025",,,,,,0,"750/ 500 ml. Olive oil - mueloliva- Dor alon, Dor Alon",To Do
"I sent email to Nina from Transworld, she will update me.",Nina.Backman@transworld.co.il ,#118,,,,"By Operation Manager on 13 Mar, 2025","By Operation Manager on 13 Mar, 2025","By Operation Manager on 13 Mar, 2025",,,,,,0,"Canned Tomatoes, ProPlus",To Do
I sent email to Aldo about Taamn,We have agreed with the company’s representatives that they will contact you directly to discuss their needs and provide you with a comprehensive overview of the opportunities available for importing the products.,#119,,,,"By Operation Manager on 13 Mar, 2025","By Operation Manager on 13 Mar, 2025","By Operation Manager on 17 Mar, 2025",,,,,"He replies and Noam is in contact with him

",0,"Chocolate Spread, Ta'aman",To Do
Gert reply that he leaving the company and he will send us who will be his replacement,,#121,,,,"By Operation Manager on 13 Mar, 2025","By Operation Manager on 13 Mar, 2025","By Operation Manager on 13 Mar, 2025",,,,,,0,"Chooclate and Candy of Carletti, Foodz",To Do
Zeev needs to show the samples to Amit,Zeev showed Amit the samples ,#122,,,,"By Operation Manager on 17 Mar, 2025","By Operation Manager on 17 Mar, 2025","By Operation Manager on 20 Mar, 2025",,,,,,0,"Crispy Triangles snack Ta'aman, Ta'aman",Complete
"leiman shlisal asked to discount , Lennart wrote me a new price.","I hope you are well!

 

Please find attached our corrected offer.

We really made super sharp prices but we can’t reach the price of 1,14 at the moment due to high staff costs and the raw material prices.

Once there is a reduction of the prices in these categories, we are open to lower the prices.

 

So as following, all relevant information:

MOQ: 25.000 units per production
Quality: We can offer one sticker on the packaging for translation + kosher sign / lines and products are released for Kosher OU certification and supervision in production
Logistic: 22 Pallets per 40” container per product, detailed logistical information are in the price-list attached
Logistic: Loading with the pallet, no floor loading
Storage: dry, protected from the sun in ambient temperature
 

Feel free to contact me if there are any questions.

I sent galit and may the new prices they said it''s high but asked question, I sent email to lenhart ",#123,,,,"By Operation Manager on 17 Mar, 2025","By Operation Manager on 17 Mar, 2025","By Operation Manager on 27 Mar, 2025",,,,,Zeev will talk with Gailt about the new price and I sent here an email,0,"Cookies COOPERNATH, Leiman Schlussel Ltd",Complete
I sent Amit the email of chocolatily and their is a Discussion,Noam didn't answer to the email that Luigi sent him :luigi@chocolitaly.it,#124,,,,"By Operation Manager on 17 Mar, 2025","By Operation Manager on 17 Mar, 2025","By Operation Manager on 20 Mar, 2025",,,,,,0,"chocolate eggs, Ta'aman",To Do
I sent email to Rabbi Malci about a high kosher certification waiting for his reply,,#125,,,,"By Operation Manager on 17 Mar, 2025","By Operation Manager on 17 Mar, 2025","By Operation Manager on 17 Mar, 2025",,,,,,0,"Chocolate Spread, Ta'aman",To Do
Samples,We received samples ,#126,,,,"By Operation Manager on 17 Mar, 2025","By Operation Manager on 17 Mar, 2025","By Operation Manager on 17 Mar, 2025",,,,,,0,"Confetti Candies, Leiman Schlussel Ltd",Complete
I sent them an email waiting for reply,"Dear All,

It is usually very important for us to receive the rabbi's contact details so that we can speak with him directly and determine whether it is possible to proceed with the products in the factory.",#127,,,,"By Operation Manager on 18 Mar, 2025","By Operation Manager on 18 Mar, 2025","By Operation Manager on 10 Apr, 2025",,,,,"They sent an email about the samples, and I answered.
They sent the samples via Portugal",0,"Tuna Fish, Foodz",To Do
Aldo sent us prices,"waiting for reply from anit about the prices

Prices are exowrks our factory in Ponte San Marco 25011 (BS) Italia

12 units per tray
10 trays per layer
Up to 12 layers per pallet

MOQ: 8 pallets

Please note that prices do not include any expense related to kosher (rabbi fee for visit and/or presence) or use of any specifically-purchased kosher ingredient.
As said, the standard spread containing dairy product, I think can very hardly be made superkosher. If this level of kosher is required, I would definitely focus on the parve spread.

I have shared your Badatz file with our Quality team and will be back about it next week.

I attach Technical Data Sheet of the two spreads.

Thank you very much and best regards.

- We ask for a discount

-He said that this price is because we wanted 2% for each order.

- Zeev wanted me to tell Aldo that we gave up 2% - I waiting for Udi's reply
-Amit said that the prices are expensive she want prices 0.8-0.9
",#129,,,choclate spread - gandola.docx,"By Operation Manager on 20 Mar, 2025","By Operation Manager on 20 Mar, 2025","By Operation Manager on 1 Apr, 2025",,,,,,0,"Chocolate Spread, Ta'aman",To Do
Waiting for forecast,I sent email to Karin waiting for reply,#130,,,,"By Operation Manager on 20 Mar, 2025","By Operation Manager on 20 Mar, 2025","By Operation Manager on 20 Mar, 2025",,,,,,0,"Crispy Triangles snack Ta'aman, Ta'aman",To Do
Judith sent an email to Victoria SAC about the payment,,#131,,,,"By Operation Manager on 20 Mar, 2025","By Operation Manager on 20 Mar, 2025","By Operation Manager on 20 Mar, 2025",,,,,,0,"Canned Tomatoes, ProPlus",To Do
I sent an email to Vendite he reply to me and i am waiting for Zeev reply,,#132,,,,"By Operation Manager on 20 Mar, 2025","By Operation Manager on 20 Mar, 2025","By Operation Manager on 20 Mar, 2025",,,,,,0,"Confetti Candies, Leiman Schlussel Ltd",To Do
"Jassica asked for last confirmation, Tali reply",Jassica send back for confiration,#133,,,ALK047357.pdf,"By Operation Manager on 20 Mar, 2025","By Operation Manager on 20 Mar, 2025","By Operation Manager on 30 Mar, 2025",,,,,,0,"Lemon Juice for salads, Ta'aman",Complete
I sent email to Andera waiting for reply -samples,"She said that she could send us samples, she sent us a catalog of Vanini and I replied what product we wanted.
I sent her the address and I am waiting for tracking number",#134,,,,"By Operation Manager on 20 Mar, 2025","By Operation Manager on 20 Mar, 2025","By Operation Manager on 10 Apr, 2025",,,,,The sample arrived,0,"Chocolate bars, Foodz",Complete
Xenia sent us prices and we asked for discount,"FOB, 40ft reefer, goods on PAL.
Kindly take note that we’ve not reached to insure your company, hence payment in advance is the only payment term we can offer.",#137,,,"PRIVATE Label conditions 2024_2025 (2).pdf, 2025 Offer Projects Foodz Israel.pdf","By Operation Manager on 23 Mar, 2025","By Operation Manager on 23 Mar, 2025","By Operation Manager on 23 Mar, 2025",,,,,,0,"Chocolate Spread, Ta'aman",To Do
I sent email to Amit about the kashrot and waiting for reply,The rabbi of the kashrut talked with polenghi,#138,,,,"By Operation Manager on 23 Mar, 2025","By Operation Manager on 23 Mar, 2025","By Operation Manager on 6 Apr, 2025",,,,,,0,"Lemon Juice for salads, Ta'aman",Complete
"Miriam sent us price 2,30€ but zeev wont a disscount she said she will send us soon as possible",We are discussing the price and waiting for a reply.,#139,,,,"By Operation Manager on 24 Mar, 2025","By Operation Manager on 24 Mar, 2025","By Operation Manager on 7 Apr, 2025",,,,,,0,"Pizza of 29cm 340g, Foodz",Complete
Aldo expline bout the product prodaction,"Hello,

no of course not, 45 days is the lead-time we need from the order to have the goods done and ready but it is not the actual time we take to manufacture.

I try to explain and I am referring to the milk-free product.
First, we produce the whole quantity of ordered spread itself (bulk) and store it in a dedicated tank;
this would take approx 3-4 days because that line does not work 24h.
Then, in a second moment, we pack the spread all at once in the jars and this task will take less than one day.

The procedure for the standard spread is very similar, but faster because the production is higher and the plant runs 24h
",#140,,,,"By Operation Manager on 26 Mar, 2025","By Operation Manager on 26 Mar, 2025","By Operation Manager on 26 Mar, 2025",,,,,,0,"Chocolate Spread, Ta'aman",To Do
"Zeev asked for more samples,will arraive next week.","There’s a delay with sending the samples — Karin said she will provide an update.
K arin sent the samples waiting for them to arrive",#142,,,,"By Operation Manager on 26 Mar, 2025","By Operation Manager on 26 Mar, 2025","By Operation Manager on 20 Apr, 2025",,,,,,0,"Crispy Triangles snack Ta'aman, Ta'aman",To Do
I sent email to rabbi mordechi cohen about update the production date,"

We will produce on the week 22 both the 1000ml. and 500ml. for Taaman,

Roughly the timing for each production in shifts (8 hour x shift) will be:

-1000ml.: 3 shifts

-500ml.: 1 shift

We will communicate to Mr. Cohen on beg. of week 21 the exact days of production to avoid delays/misunderstanding,

26/05 will be the production date.",#166,,,,"By Operation Manager on 20 Apr, 2025","By Operation Manager on 20 Apr, 2025","By Operation Manager on 20 May, 2025",,,,,,0,"Lemon Juice for salads, Ta'aman",To Do
Orit will reply today about proccing the projects,,#143,,,,"By Operation Manager on 31 Mar, 2025","By Operation Manager on 31 Mar, 2025","By Operation Manager on 23 Apr, 2025",,,,,,0,"MUNCHIES SPICY RICE AND  PEANUTS 400GR, Leiman Schlussel Ltd",Complete
Maya asked a few qustion,"We are checking with Leiman Shlisel rabby about Kashrot, and after that, I will send backan  email

Maya said that she would update us this weekend on whether the project is moving forward.",#144,,,,"By Operation Manager on 31 Mar, 2025","By Operation Manager on 31 Mar, 2025","By Operation Manager on 12 May, 2025",,,,,,0,"Cookies COOPERNATH, Leiman Schlussel Ltd",Complete
Zeev got the samples needs to show to leiman shlisel,"The price is 1,38€ for 750g. So, 0,01€ lower than Shufersal. I'm able to move to 1,37€. This is a better new version than the one that Shufersal has.

 Ze'ev is going to show them the samples on Tuesday.







",#145,,,,"By Operation Manager on 31 Mar, 2025","By Operation Manager on 31 Mar, 2025","By Operation Manager on 6 Apr, 2025",,,,,,0,"Cornflakes 750g, Leiman Schlussel Ltd",To Do
"bernard maas sent me the lable, he is waiting for order.",,#147,,,,"By Operation Manager on 1 Apr, 2025","By Operation Manager on 1 Apr, 2025","By Operation Manager on 6 Apr, 2025",,,,,,0,"MUNCHIES SPICY RICE AND  PEANUTS 400GR, Leiman Schlussel Ltd",To Do
I checked with the rabbi of Badatz Chug Chatam Sofer PT,"I sent detail about Kashrot to bernard , and I am waiting for a reply from Orit",#149,,,,"By Operation Manager on 1 Apr, 2025","By Operation Manager on 1 Apr, 2025","By Operation Manager on 23 Apr, 2025",,,,,,0,"MUNCHIES SPICY RICE AND  PEANUTS 400GR, Leiman Schlussel Ltd",Complete
Richard will sent us samples with Rabbi yossef,"I sent an email with all the details, he gave samples to Rabbi yossef I called him and gave the phone to zeev 
He will present them on Monday.
Zeev got the samples, and we want to sign an exclusivity agreement with the supplier.

",#150,,,,"By Operation Manager on 1 Apr, 2025","By Operation Manager on 1 Apr, 2025","By Operation Manager on 20 Apr, 2025",,,,,,0,"Gummi Candies , Foodz",To Do
I sent to virgini email with the forecast waiting for her reply,I sent her a remainder and i am waiting for reply,#151,,,,"By Operation Manager on 2 Apr, 2025","By Operation Manager on 2 Apr, 2025","By Operation Manager on 6 Apr, 2025",,,,,,0,"Frozen french fries 9X9 - Carrefour, Carrefour",To Do
Gilad asked for prices,"I sent a email to Neil about the request,
Today he sent me prices, and I sent them to Gilad.
Liraz asked question and I asked her back
",#152,,,,"By Operation Manager on 3 Apr, 2025","By Operation Manager on 3 Apr, 2025","By Operation Manager on 6 Apr, 2025",,,,,,0,"Frozen Vegteble 2.5 kg Ardo, Shufersal",To Do
Neil email about the prices,"Leading on from our discussions earlier please see below the pricing for the 2.5KG size. I have quoted for the Ardo brand but it is expected to be in Shufersal PL.

 

SAP Code

Description

Pack Size

€/KG

10001892

Ardo pea garden small <8,75mm small <8,75mm 4x2,5kg

4X2,5 KG

€        1.38

10001887

Ardo pea garden medium <10,2mm medium <10,2mm 4x2,5kg

4X2,5 KG

€        1.18

10001627

Ardo peas & diced carrots 4x2,5kg

4X2,5 KG

€        1.01

10002241

Ardo bean gr cut blanch medium 40mm 4x2,5kg

4X2,5 KG

€        0.98

10002234

Ardo bean gr whole blanch fine no cutting size 4x2,5kg

4X2,5 KG

€        1.05

10002230

Ardo bean gr whole blanch extra fine no cutting size 4x2,5kg

4X2,5 KG

€        1.37

 

 

Once you have a clearer view of timings and volumes we can look to progress.

 

Please see below the key milestones & next steps Jonathan has previously communicated.

 

NEXT PROJECT STEPS:

-We are currently running an internal reviewing process where the 7 selected products are evaluated and approved for new private label launch by different departments and decision makers. We are expecting an outcome on this internal evaluation process soon.

-A next step will be for Ardo to determine the bag dimensions for each of the 7 products, and to share our technical drawings or dielines with you.

-Then the customer will have to (re-)built their graphics on our technical drawings, and send us a draft version for revision and approval.

-Once the draft versions of the artworks are approved, the customer can send us the full print files (e.g. via Wetransfer) upon which we can initiate the production of the printing plates.

-Once that is done, our film supplier will receive the printing plates and start printing the 7 films.

-As soon as these films are printed and delivered to our Ardo factories, we can start with a first packing run for each of them, and then start shipping the first containers to Israel.

 

Depending on how quick we can finish each of the above steps, this entire launch process will take at least 3 months, potentially more.

Just so you understand that sending us the first PO’s later this month will be a bit too early in the process.

 

So we’ll soon send you our technical drawings = dielines for the 7 products, upon which the customer can work on the artwork.",#153,,,,"By Operation Manager on 3 Apr, 2025","By Operation Manager on 3 Apr, 2025","By Operation Manager on 6 Apr, 2025",,,,,,0,"Frozen Vegteble 2.5 kg Ardo, Shufersal",Complete
Orit asked me a few details and i sent email to bernarad and i am waiting for reply,,#154,,,,"By Operation Manager on 6 Apr, 2025","By Operation Manager on 6 Apr, 2025","By Operation Manager on 23 Apr, 2025",,,,,,0,"MUNCHIES SPICY RICE AND  PEANUTS 400GR, Leiman Schlussel Ltd",Complete
Preforma invoice and payment,"I sent the proforma invoice to Orit, and she transferred $10,000 as part of the advance payment.  
I’ve forwarded the confirmation to Bernard and am now waiting for his approval.  
Once we receive his confirmation, Orit will transfer the remaining balance of the advance.

Bernard sent us confirmation about the money.
Zohar sent all the money ",#168,,,,"By Operation Manager on 23 Apr, 2025","By Operation Manager on 23 Apr, 2025","By Operation Manager on 5 May, 2025",,,,,,0,"MUNCHIES SPICY RICE AND  PEANUTS 400GR, Leiman Schlussel Ltd",Complete
We spoke with Nir from middle traide,Judidh needs to transfer him the money,#155,,,,"By Operation Manager on 6 Apr, 2025","By Operation Manager on 6 Apr, 2025","By Operation Manager on 6 Apr, 2025",,,,,,0,"750/ 500 ml. Olive oil - mueloliva- Dor alon, Dor Alon",To Do
"The machine at the factory broke down, so the samples won’t be sent out in the near future.",In 45 days he will send us.,#156,,,,"By Operation Manager on 6 Apr, 2025","By Operation Manager on 6 Apr, 2025","By Operation Manager on 6 Apr, 2025",,,,,,0,"Marshmallow , Foodz",To Do
"Bhars Portugal send me email and i reply, waiting for answer.","They will send us samples and all the details that I asked . 
samples arrived",#159,,,,"By Operation Manager on 7 Apr, 2025","By Operation Manager on 7 Apr, 2025","By Operation Manager on 10 Apr, 2025",,,,,,0,"Bhars Portugal - Seaweed Snack, Foodz",Complete
tarrali,"PNINA wanted a discount 1%-2% Tommaso agreed to 1% /
I sent an email to Pnina, and I am waiting for a reply.
Pnina said that we can move forward and asked a few questions.",#160,,,,"By Operation Manager on 7 Apr, 2025","By Operation Manager on 7 Apr, 2025","By Operation Manager on 12 May, 2025",,,,,"Pnina requested updated analyses for all Taralli flavors and a kosher certificate. I forwarded an email to Christine Konrad and am waiting for a response.
I sent an email again to Christine",0,"cracker 180 G , Leiman Schlussel Ltd",To Do
Crostini - eurosnack,"I asked Pnina which discount she want on this product, but she hasn't answer me yet

Pnina requested a 13% discount, but Francesca said she had already provided one.  
Zeev has been trying to call her, but she’s not answering.",#161,,,,"By Operation Manager on 7 Apr, 2025","By Operation Manager on 7 Apr, 2025","By Operation Manager on 7 May, 2025",,,,,,0,"cracker 180 G , Leiman Schlussel Ltd",To Do
We asked Miriam for pricing to pizza  snacks waiting for update,She said that she will send me next week.,#162,,,,"By Operation Manager on 7 Apr, 2025","By Operation Manager on 7 Apr, 2025","By Operation Manager on 10 Apr, 2025",,,,,,0,"Pizza of 29cm 340g, Foodz",To Do
searching for new supplier,,#163,,,,"By Operation Manager on 8 Apr, 2025","By Operation Manager on 8 Apr, 2025","By Operation Manager on 8 Apr, 2025",,,,,,0,"Chocolate Tablets sugar free, Shufersal",To Do
I sent Andrea the forecast and i waiting for prices,"She sent us the prices and I asked if it the last price, waiting for reply",#164,,,,"By Operation Manager on 10 Apr, 2025","By Operation Manager on 10 Apr, 2025","By Operation Manager on 20 Apr, 2025",,,,,,0,"Chocolate bars, Foodz",To Do
I send them forecast and asked for the rabbi details.,They sent me rabbi's details I sent him an email,#165,,,,"By Operation Manager on 10 Apr, 2025","By Operation Manager on 10 Apr, 2025","By Operation Manager on 20 Apr, 2025",,,,,,0,"Bhars Portugal - Seaweed Snack, Foodz",To Do
I sent miraim forecast she sent,,#167,,,,"By Operation Manager on 20 Apr, 2025","By Operation Manager on 20 Apr, 2025","By Operation Manager on 20 Apr, 2025",,,,,,0,"Pizza of 29cm 340g, Foodz",To Do
I sent email to rav sami weil to asked about the kashrut witing for reply,Rabbi Sami Weil is scheduled to meet with the factory this week and will update us afterward.,#169,,,,"By Operation Manager on 28 Apr, 2025","By Operation Manager on 28 Apr, 2025","By Operation Manager on 4 May, 2025",,,,,,0,"Petit Beurre Biscuits 300 g, Schestowitz",To Do
I’ve sent all the materials to Faina for preparing the label.,Faina requested the importer's approval from Leiman Schlissel. I asked Orit and she said that Hadas would send it to me.,#170,,,,"By Operation Manager on 5 May, 2025","By Operation Manager on 5 May, 2025","By Operation Manager on 12 May, 2025",,,,,,0,"MUNCHIES SPICY RICE AND  PEANUTS 400GR, Leiman Schlussel Ltd",Complete
I sent email to Nikolaj and his answer is:,"
First of all, thank you for reaching out.

We expect to have the feedback ready by the beginning of August.

Is Mr. Strykowski joining PLMA in Amsterdam this year?",#172,,,,"By Operation Manager on 12 May, 2025","By Operation Manager on 12 May, 2025","By Operation Manager on 12 May, 2025",,,,,,0,"Cornflakes 750g, Leiman Schlussel Ltd",To Do
I sent the kosher certification to bernard and I am waiting for prouction date,,#175,,,,"By Operation Manager on 20 May, 2025","By Operation Manager on 20 May, 2025","By Operation Manager on 20 May, 2025",,,,,,0,"MUNCHIES SPICY RICE AND  PEANUTS 400GR, Leiman Schlussel Ltd",To Do
"Maya said she would get back to us by the end of last week, but I still haven’t received an update.   I followed up with her again today by email.","Zeev told me that Maya in vacation and when she comes back, she will update me",#173,,,,"By Operation Manager on 12 May, 2025","By Operation Manager on 12 May, 2025","By Operation Manager on 20 May, 2025",,,,,,0,"Cookies COOPERNATH, Leiman Schlussel Ltd",To Do
I sent pireluigi Lior requset and i am waiting for propusal,,#174,,,,"By Operation Manager on 12 May, 2025","By Operation Manager on 12 May, 2025","By Operation Manager on 12 May, 2025",,,,,,0,"Organic Whole Peeled and Chopped Tomatoes, Harduf - All Organics",To Do
Richard need to sign on the agreemnt,,#176,,,,"By Operation Manager on 25 May, 2025","By Operation Manager on 25 May, 2025","By Operation Manager on 25 May, 2025",,,,,,0,"Gummi Candies , Foodz",To Do
