Request Product Name,Open Comments,Requested Product name,Link to Requests,benchmark images,Nutritional attributes,Sourced weight,Weight units,Buyer company,Additional details,Auto Number,Benchmark's Company/Brand,Benchmark's product link,First Created,Last Updated
"1L Sunflower oil, Shufersal, 1 lit.,Shufersal",0,"1L Sunflower oil, Shufersal","1 L & 5L Sunflower oil, Shufersal",sunflower oil.jpg,N/A,1,lit.,Shufersal,,#049,,,"By SmartSuite Automation on 11 Nov, 2024","By Operation Manager on 6 Feb, 2025"
"5L Sunflower oil, Shufersal, 5 Kg.,",0,"5L Sunflower oil, Shufersal",,"61SSPQgEVZL._AC_UF894,1000_QL80_.jpg",N/A,5,Kg.,,,#191,,,"By Operation Manager on 6 Feb, 2025","By Operation Manager on 6 Feb, 2025"
"5L Sunflower oil, Shufersal, 5 lit.,Shufersal",0,"5L Sunflower oil, Shufersal","1 L & 5L Sunflower oil, Shufersal","61SSPQgEVZL._AC_UF894,1000_QL80_.jpg",N/A,5,lit.,Shufersal,,#192,,,"By Operation Manager on 6 Feb, 2025","By Operation Manager on 6 Feb, 2025"
"100 % Lemon juice- Taaman, 1 lit.,",0,100 % Lemon juice- Taaman,,,N/A,1,lit.,,,#210,,,"By Operation Manager on 17 Feb, 2025","By Operation Manager on 18 Feb, 2025"
"100 % Lemon juice- Taaman, 1 lit.,Ta'aman, 1 lit.,Ta'aman",0,"100 % Lemon juice- Taaman, 1 lit.,Ta'aman","Lemon Juice for salads, Ta'aman",6913127_7290000272696.jpg,N/A,1,lit.,Ta'aman,,#174,Osem,"https://www.google.com/shopping/product/1?q=%D7%9E%D7%99%D7%A5+%D7%9C%D7%99%D7%9E%D7%95%D7%9F+%D7%9C%D7%A1%D7%9C%D7%98&prds=epd:4612535305044592864,eto:4612535305044592864_0,pid:4612535305044592864,rsk:PC_1471067967914651783&sa=X&ved=0ahUKEwi0lp3iq5qLAxXBQ_EDHUlWKM4Q9pwGCAg","By Udi Stryk on 29 Jan, 2025","By Operation Manager on 18 Feb, 2025"
"750 ml. Olive oil to H. Cohen (Yesh P.L), H. Cohen Import Marketing & Logistics Ltd,  Gr.,H. Cohen Import Marketing & Logistics Ltd",0,"750 ml. Olive oil to H. Cohen (Yesh P.L), H. Cohen Import Marketing & Logistics Ltd","750 ml. Olive oil to H. Cohen (Yesh P.L), H. Cohen Import Marketing & Logistics Ltd",7296073661801.jpg,N/A,,Gr.,H. Cohen Import Marketing & Logistics Ltd,,#114,,,"By SmartSuite Automation on 27 Dec, 2024","By Udi Stryk on 19 Jan, 2025"
"750 ml. Olive oil, 750  Gr.,Dor Alon",0,750 ml. Olive oil,"750/ 500 ml. Olive oil - mueloliva- Dor alon, Dor Alon",7290003427154.jpg,N/A,750 ,Gr.,Dor Alon,,#125,Zita,https://www.comprice.co.il/Products/7290003427154,"By Success Management on 20 Jan, 2025","By Operation Manager on 27 Jan, 2025"
"750ML EXTRA VIRGIN OLIVE OIL, Marav Mazonkol (Osher Ad), 750 lit.,Marav Mazonkol (Osher Ad)",0,"750ML EXTRA VIRGIN OLIVE OIL, Marav Mazonkol (Osher Ad)","750ML EXTRA VIRGIN OLIVE OIL, Marav Mazonkol (Osher Ad)",convert.jpg,N/A,750,lit.,Marav Mazonkol (Osher Ad),,#048,Yad Mordechai,,"By SmartSuite Automation on 11 Nov, 2024","By Operation Manager on 28 Jan, 2025"
"750ML EXTRA VIRGIN OLIVE OIL, Shufersal, 750 lit.,Shufersal",0,"750ML EXTRA VIRGIN OLIVE OIL, Shufersal","EXTRA VIRGIN OLIVE OIL 750 & 500 ML, Shufersal",6b76c5a9f3f353315fbff6103de7d713.jpg,,750,lit.,Shufersal,,#059,Yad Mordechai,,"By SmartSuite Automation on 11 Nov, 2024","By Operation Manager on 28 Jan, 2025"
"Ardo org bean gr cut blanch fine 40mm , 0.6 Gr.,Harduf - All Organics",0,Ardo org bean gr cut blanch fine 40mm ,"Organic Frozen vegetables, Harduf - All Organics",,Organic,0.6,Gr.,Harduf - All Organics,,#208,,,"By Operation Manager on 17 Feb, 2025","By Operation Manager on 2 Mar, 2025"
"Ardo org bean gr whole blanch medium no cutting size , 0.6 Gr.,Harduf - All Organics",0,Ardo org bean gr whole blanch medium no cutting size ,"Organic Frozen vegetables, Harduf - All Organics",,Organic,0.6,Gr.,Harduf - All Organics,,#207,,,"By Operation Manager on 17 Feb, 2025","By Operation Manager on 2 Mar, 2025"
"Ardo org broccolimix 4x2,5kg, 0.6 Gr.,Harduf - All Organics",0,"Ardo org broccolimix 4x2,5kg","Organic Frozen vegetables, Harduf - All Organics",,Organic,0.6,Gr.,Harduf - All Organics,,#205,,,"By Operation Manager on 17 Feb, 2025","By Operation Manager on 2 Mar, 2025"
"Ardo org pea garden not calibrated  , 0.6 Gr.,Harduf - All Organics",0,Ardo org pea garden not calibrated  ,"Organic Frozen vegetables, Harduf - All Organics",,Organic,0.6,Gr.,Harduf - All Organics,,#206,,,"By Operation Manager on 17 Feb, 2025","By Operation Manager on 2 Mar, 2025"
"Ardo org summermix, 0.6 Gr.,Harduf - All Organics",0,Ardo org summermix,"Organic Frozen vegetables, Harduf - All Organics",,Organic,0.6,Gr.,Harduf - All Organics,,#204,,,"By Operation Manager on 17 Feb, 2025","By Operation Manager on 2 Mar, 2025"
"Banana flavored seaweed snack, 40 Gr.,Ha'Sade organic",0,Banana flavored seaweed snack,"SeaWeed Snacks, Ha'Sade organic",catalog_238939-l.jpg,N/A,40,Gr.,Ha'Sade organic,,#135, LAVERLAND CRUNCH,https://rani-organi.co.il/%D7%98%D7%99%D7%99%D7%A1%D7%98-%D7%90%D7%95%D7%A3-%D7%90%D7%A1%D7%99%D7%94-%D7%97%D7%98%D7%99%D7%A3-%D7%90%D7%A6%D7%95%D7%AA-%D7%A7%D7%9C%D7%95%D7%99%D7%95%D7%AA-%D7%91%D7%98%D7%A2%D7%9D-%D7%91%D7%A0%D7%A0%D7%94-945-%D7%92%D7%A8,"By Operation Manager on 26 Jan, 2025","By Operation Manager on 27 Jan, 2025"
"Black beans in Tetra Pak, 380 Gr.,Shufersal",0,Black beans in Tetra Pak,"Legumes in Tetra Pak, Shufersal",convert.webp,N/A,380,Gr.,Shufersal,,#220,Shufersal,,"By Operation Manager on 19 Feb, 2025","By Operation Manager on 19 Feb, 2025"
"Black beans, 380 Gr.,Shufersal",0,Black beans,"Legumes in Conerves, Shufersal",convert.jpg,N/A,380,Gr.,Shufersal,,#015,Yachin,,"By Udi Stryk on 30 Oct, 2024","By Operation Manager on 28 Jan, 2025"
"breadcrumbs  10 kg ,  Gr.,Milouoff",0,breadcrumbs  10 kg ,"breadcrumbs 5- 10 kg milouoff, Milouoff",,N/A,,Gr.,Milouoff,,#267,,,"By Operation Manager on 26 May, 2025","By Operation Manager on 26 May, 2025"
"breadcrumbs 5kg , 5 kg Kg.,Milouoff",0,breadcrumbs 5kg ,"breadcrumbs 5- 10 kg milouoff, Milouoff",,N/A,5 kg,Kg.,Milouoff,,#266,,,"By Operation Manager on 26 May, 2025","By Operation Manager on 26 May, 2025"
"Broccoli Frozen Vegetables , 800 Gr.,Shufersal",0,Broccoli Frozen Vegetables ,"Frozen Vegetables, Shufersal",convert.jpg,N/A,800,Gr.,Shufersal,,#092,Sanfrost,https://www.google.com/search?q=%D7%91%D7%A8%D7%95%D7%A7%D7%95%D7%9C%D7%99+%D7%A7%D7%A4%D7%95%D7%90%D7%99%D7%9D+%D7%A1%D7%A0%D7%A4%D7%A8%D7%95%D7%A1%D7%98&sa=X&sca_esv=15ea5b57039dcf13&tbm=shop&ei=Nc2ZZ-m0H73Yxc8P6IXesQ0&ved=0ahUKEwipo_ebqZqLAxU9bPEDHeiCN9YQ4dUDCAU&uact=5&oq=%D7%91%D7%A8%D7%95%D7%A7%D7%95%D7%9C%D7%99+%D7%A7%D7%A4%D7%95%D7%90%D7%99%D7%9D+%D7%A1%D7%A0%D7%A4%D7%A8%D7%95%D7%A1%D7%98&gs_lp=Egtwcm9kdWN0cy1jYyIq15HXqNeV16fXldec15kg16fXpNeV15DXmdedINeh16DXpNeo15XXodeYSO0MUNgCWOoMcAB4AJABAJgB6wOgAcwUqgEJMC4xLjAuNC4yuAEDyAEA-AEBmAIAoAIAmAMAiAYBkgcAoAfxBA&sclient=products-cc#spd=11675888284125874364,"By SmartSuite Automation on 11 Nov, 2024","By Success Management on 29 Jan, 2025"
"Bruschettine (90g) – Flavors: Barbecue, Mediterranean, 90 Gr.,Leiman Schlussel Ltd",0,"Bruschettine (90g) – Flavors: Barbecue, Mediterranean","cracker 180 G , Leiman Schlussel Ltd",,N/A,90,Gr.,Leiman Schlussel Ltd,,#241,,,"By Operation Manager on 3 Mar, 2025","By Operation Manager on 3 Mar, 2025"
"Butter Cookies, sugar-free, 200 Gr.,Leiman Schlussel Ltd",0,"Butter Cookies, sugar-free","Cookies COOPERNATH, Leiman Schlussel Ltd",download (2).jpg,N/A,200,Gr.,Leiman Schlussel Ltd,,#212,,,"By Operation Manager on 18 Feb, 2025","By Operation Manager on 18 Feb, 2025"
"Canned chickpeas in Tetra Pak, 380 Gr.,Shufersal",0, Canned chickpeas in Tetra Pak,"Legumes in Tetra Pak, Shufersal",7296073497189.jpg,N/A,380,Gr.,Shufersal,,#221,Shufersal,,"By Operation Manager on 19 Feb, 2025","By Operation Manager on 19 Feb, 2025"
"Cannellini beans, 380 Gr.,Shufersal",0,Cannellini beans,"Legumes in Conerves, Shufersal",A2_Tomato-beans_7290018989081.png,N/A,380,Gr.,Shufersal,,#016,Yachin,,"By Udi Stryk on 30 Oct, 2024","By Operation Manager on 28 Jan, 2025"
"Caostini (Pack of 5 x 30g) – Flavors: Pizza, Classic, 150 Gr.,Leiman Schlussel Ltd",0,"Caostini (Pack of 5 x 30g) – Flavors: Pizza, Classic","cracker 180 G , Leiman Schlussel Ltd",,N/A,150,Gr.,Leiman Schlussel Ltd,,#240,,,"By Operation Manager on 3 Mar, 2025","By Operation Manager on 3 Mar, 2025"
"Carletti Sandwich Chocolate,  Gr.,Foodz",0,Carletti Sandwich Chocolate,"Chooclate and Candy of Carletti, Foodz",,N/A,,Gr.,Foodz,,#246,,,"By Operation Manager on 13 Mar, 2025","By Operation Manager on 13 Mar, 2025"
"chickpeas , 580 Gr.,Shufersal",0,chickpeas ,"Legumes in Conerves, Shufersal",7290000208428.jpg,N/A,580,Gr.,Shufersal,"Chickpeas in water and salt in a tin,
net weight 250 gr",#001,,,"By Udi Stryk on 30 Oct, 2024","By Operation Manager on 28 Jan, 2025"
"chickpeas Frozen Vegetables, 600 Gr.,Shufersal",0,chickpeas Frozen Vegetables,"Frozen Vegetables, Shufersal",%D7%97%D7%95%D7%9E%D7%95%D7%A1.png,N/A,600,Gr.,Shufersal,,#177,Sanfrost,"https://www.google.com/shopping/product/9244782474440579038?q=%D7%97%D7%95%D7%9E%D7%95%D7%A1+%D7%A7%D7%A4%D7%95%D7%90%D7%99%D7%9D+%D7%A1%D7%A0%D7%A4%D7%A8%D7%95%D7%A1%D7%98&prds=eto:8369167177873212948_0;16515145167355946307_0,pid:12906329958303354047&sa=X&ved=0ahUKEwiOu76KqZqLAxVoQ_EDHf4bOuMQ9pwGCAU","By Success Management on 29 Jan, 2025","By Success Management on 29 Jan, 2025"
"Chips classiche Snacks from Italy, 1 flavor, 130 Gr.,Schestowitz",0,"Chips classiche Snacks from Italy, 1 flavor","Potato Chips Snacks, Schestowitz",convert.jpg,,130,Gr.,Schestowitz,,#050,LAY'S,,"By SmartSuite Automation on 11 Nov, 2024","By Operation Manager on 27 Jan, 2025"
"Chips Ketchup Snacks from Italy, 2nd flavor, 130 Gr.,Schestowitz",0,"Chips Ketchup Snacks from Italy, 2nd flavor","Potato Chips Snacks, Schestowitz",unnamed.png,,130,Gr.,Schestowitz,,#051,LAY'S,https://www.comprice.co.il/Products/5900259128515,"By SmartSuite Automation on 11 Nov, 2024","By Operation Manager on 27 Jan, 2025"
"chocolate bars 100 g, 100 Gr.,Foodz",0,chocolate bars 100 g,"Chocolate bars, Foodz",,N/A,100,Gr.,Foodz,,#237,,,"By Operation Manager on 2 Mar, 2025","By Operation Manager on 2 Mar, 2025"
"Chocolate eggs 3*60 gr., 180 Gr.,",0,Chocolate eggs 3*60 gr.,,"71ykFy+2QjL._AC_UF1000,1000_QL80_.jpg",N/A,180,Gr.,,,#080,kinder,,"By SmartSuite Automation on 11 Nov, 2024","By Operation Manager on 18 Feb, 2025"
"Chocolate eggs 20*3, 60 Gr.,Yochananof",0,Chocolate eggs 20*3,"Chocolate eggs, Yochananof",,N/A,60,Gr.,Yochananof,,#201,,,"By Operation Manager on 17 Feb, 2025","By Operation Manager on 17 Feb, 2025"
"Chocolate-flavored Petit Beurre , 300 Gr.,Foodz, Shufersal",0,Chocolate-flavored Petit Beurre ,"Petit Beurre Biscuits , FoodzShufersal",current packaging Petit Beurre 4.jpg,N/A,300,Gr.,Foodz | Shufersal,,#235,Shufersal,,"By Operation Manager on 2 Mar, 2025","By Operation Manager on 2 Mar, 2025"
"Chooclate pretzel , Ta'aman, 120 Gr.,Ta'aman",0,"Chooclate pretzel , Ta'aman","Chooclate pretzel , Ta'aman",12532257_7290118420217_1_Enlarge.jpg,N/A,120,Gr.,Ta'aman,,#195,Osem,,"By Operation Manager on 11 Feb, 2025","By Operation Manager on 11 Feb, 2025"
"choooky coooky, 200 Gr.,Leiman Schlussel Ltd",0,choooky coooky,"Cookies COOPERNATH, Leiman Schlussel Ltd",Coppenrath%20Choooky%20Coooky%20Sandwich%20Biscuits%20150g-c2ZREfyQwz.jpg,N/A,200,Gr.,Leiman Schlussel Ltd,,#215,,,"By Operation Manager on 18 Feb, 2025","By Operation Manager on 18 Feb, 2025"
"Chopped Tomatoes 400*3, 400 Gr.,Harduf - All Organics",0, Chopped Tomatoes 400*3,"Organic Whole Peeled and Chopped Tomatoes, Harduf - All Organics",7290017325507 (2).jpg,Organic,400,Gr.,Harduf - All Organics,,#244,,,"By Operation Manager on 13 Mar, 2025","By Operation Manager on 13 Mar, 2025"
"Cinnamon Sugar Flavored Pita Chips,  Gr.,Shufersal",0,Cinnamon Sugar Flavored Pita Chips,"Pita Chips & Grissini, Shufersal",8105lny+qSL.jpg,N/A,,Gr.,Shufersal,,#152,,,"By Operation Manager on 28 Jan, 2025","By Operation Manager on 28 Jan, 2025"
"classic potato chips,  Gr.,",0,classic potato chips,,,N/A,,Gr.,,,#242,,,"By Operation Manager on 4 Mar, 2025","By Operation Manager on 28 Apr, 2025"
"Coconut Cookies from Vicenzi, Shufersal , 150 Gr.,Shufersal",0,"Coconut Cookies from Vicenzi, Shufersal ","Cookies from Vicenzi, Shufersal",grisbi-coconut-300x300.jpg,N/A,150,Gr.,Shufersal,,#163,Vicenzi,,"By Operation Manager on 28 Jan, 2025","By Operation Manager on 28 Jan, 2025"
"Corn Cakes Snack with Legumes 60 grams Harduf, 60 Gr.,Harduf - All Organics",0,Corn Cakes Snack with Legumes 60 grams Harduf,"Organic Whole Rice and Legumes Snack, Harduf - All Organics",7e99f76e016c2ef80267f51916baf206.png,Organic,60,Gr.,Harduf - All Organics,,#178,Harduf,https://maxpharm.co.il/products/%D7%97%D7%98%D7%99%D7%A3-%D7%91%D7%99%D7%A0%D7%92-%D7%9C%D7%9C%D7%90-%D7%92%D7%9C%D7%95%D7%98%D7%9F-%D7%AA%D7%99%D7%A8%D7%A1-%D7%95%D7%A7%D7%98%D7%A0%D7%99%D7%95%D7%AA-60-%D7%92%D7%A8%D7%9D-%D7%94%D7%A8%D7%93%D7%95%D7%A3?variant=43742026891439&country=IL&currency=ILS&keyword=&campaignID=19441067478&matchtype=&adgroupID=&gad_source=1&gclid=CjwKCAiAneK8BhAVEiwAoy2HYZ2J_KzxxqGrIXfDN_uTbht3-p4l5vnpTZcZOnzCI0uIZPAWCNIczxoCEP8QAvD_BwE,"By Success Management on 29 Jan, 2025","By Success Management on 29 Jan, 2025"
"Corn, whole rice, and buckwheat crispy snack 60 grams Harduf- All Organics, 60 Gr.,Harduf - All Organics",0,"Corn, whole rice, and buckwheat crispy snack 60 grams Harduf- All Organics","Organic Whole Rice and Legumes Snack, Harduf - All Organics",Q347100_2862023151739_250_180.png,Organic,60,Gr.,Harduf - All Organics,,#064,Harduf,https://www.tevaworld.com/products/copy-of-%D7%94%D7%A8%D7%93%D7%95%D7%A3-%D7%97%D7%98%D7%99%D7%A3-%D7%91%D7%99%D7%A0%D7%92-%D7%9C%D7%9C%D7%90-%D7%92%D7%9C%D7%95%D7%98%D7%9F-%D7%90%D7%95%D7%A8%D7%96-%D7%9E%D7%9C%D7%90-%D7%95%D7%90%D7%A4%D7%95%D7%A0%D7%94-%D7%90%D7%95%D7%A8%D7%92%D7%A0%D7%99-60-%D7%92%D7%A8%D7%9D-1?variant=45963263541565&country=IL&currency=ILS&utm_source=google&utm_medium=cpc&utm_campaign=19600489321&utm_content=&utm_term=&gad_source=1&gclid=Cj0KCQiAwOe8BhCCARIsAGKeD57yqIM8GkeodDwGsp03KcHx9K_lk7Nq36sdEzZ6BlHxRW2oVStl9jMaApIcEALw_wcB,"By SmartSuite Automation on 11 Nov, 2024","By Success Management on 29 Jan, 2025"
"CORNFLAKES SHUFERSAL 750 GR., Shufersal, 750 Gr.,Shufersal",0,"CORNFLAKES SHUFERSAL 750 GR., Shufersal","CORNFLAKES SHUFERSAL 750 GR., Shufersal",convert.jpg,N/A,750,Gr.,Shufersal,"Extruded flakes, pale yellow color ",#071,,,"By SmartSuite Automation on 11 Nov, 2024","By Operation Manager on 28 Jan, 2025"
"Cornflakes,  Gr.,Leiman Schlussel Ltd",0,Cornflakes,"Cornflakes 750g, Leiman Schlussel Ltd",,N/A,,Gr.,Leiman Schlussel Ltd,,#258,,,"By Operation Manager on 31 Mar, 2025","By Operation Manager on 31 Mar, 2025"
"crispy Snack Potato & rice flavored beetroot -Energy, 100 Gr.,Ta'aman",0,crispy Snack Potato & rice flavored beetroot -Energy,"Crispy Triangles snack Ta'aman, Ta'aman",image006.jpg,N/A,100,Gr.,Ta'aman,Strauss Energy,#198,,,"By Operation Manager on 12 Feb, 2025","By Operation Manager on 20 Feb, 2025"
"crispy Snack Potato crisps, rice and green peas-Energy, 100 Gr.,Ta'aman",0,"  crispy Snack Potato crisps, rice and green peas-Energy","Crispy Triangles snack Ta'aman, Ta'aman",1000086010.png,N/A,100,Gr.,Ta'aman,,#200,,,"By Operation Manager on 12 Feb, 2025","By Operation Manager on 12 Feb, 2025"
"crispy Snack Rice corn fritters and caramelized onions-Energy, 100 Gr.,Ta'aman",0,crispy Snack Rice corn fritters and caramelized onions-Energy,"Crispy Triangles snack Ta'aman, Ta'aman",7290110577599-%D7%9E%D7%A9%D7%95%D7%9C%D7%A9%D7%95%D7%AA-%D7%91%D7%A6%D7%9C-%D7%9E%D7%A7%D7%95%D7%A8%D7%9E%D7%9C-%D7%99%D7%9E%D7%95%D7%AA-%D7%94%D7%A9%D7%A0%D7%94.jpg,N/A,100,Gr.,Ta'aman,,#199,,,"By Operation Manager on 12 Feb, 2025","By Operation Manager on 20 Feb, 2025"
"Crushed Tomato, 4100 Gr.,ProPlus",0,Crushed Tomato,"Diced Tomato & Crushed Tomato, ProPlus",,N/A,4100,Gr.,ProPlus,,#226,,,"By Operation Manager on 19 Feb, 2025","By Operation Manager on 19 Feb, 2025"
"Crushed tomatoes, 800 Gr.,Shufersal",0,Crushed tomatoes,"Tomato products, Shufersal",2023-07-30T17-18-14-098Z.jpg,N/A,800,Gr.,Shufersal,,#005,Yachin,https://www.shufersal.co.il/online/he/A?prd=P_208022,"By Udi Stryk on 30 Oct, 2024","By Success Management on 29 Jan, 2025"
"Dark chocolate 72% cocoa solids, no added sugar, Shufersal, 100 Gr.,Shufersal",0,"Dark chocolate 72% cocoa solids, no added sugar, Shufersal","No-added sugar Chocolate-covered wafers, Shufersal",7296073295662.jpg,No- Sugar added,100,Gr.,Shufersal,,#065,Shufersal,https://www.pricez.co.il/Product/1093302/%D7%A9%D7%95%D7%A7%D7%95%D7%9C%D7%93-%D7%9E%D7%A8%D7%99%D7%A8-72-%D7%90%D7%97%D7%95%D7%96-%D7%9E%D7%95%D7%A6%D7%A7%D7%99-%D7%A7%D7%A7%D7%90%D7%95-%D7%9C%D7%9C%D7%90-%D7%AA%D7%95%D7%A1%D7%A4%D7%AA-%D7%A1%D7%95%D7%9B%D7%A8-%D7%A9%D7%95%D7%A4%D7%A8%D7%A1%D7%9C-100-%D7%92%D7%A8%D7%9D,"By SmartSuite Automation on 11 Nov, 2024","By Operation Manager on 29 Jan, 2025"
"DARK CHOCOLATE 72% SUGAR FREE 100G, 100 Gr.,Shufersal",0,DARK CHOCOLATE 72% SUGAR FREE 100G,"Chocolate Tablets sugar free, Shufersal",,N/A,100,Gr.,Shufersal,,#262,,,"By Operation Manager on 8 Apr, 2025","By Operation Manager on 8 Apr, 2025"
"Dark Chocolate Tablets, 100Gr. Sugar-Free, Shufersal, 100 Gr.,Shufersal",0,"Dark Chocolate Tablets, 100Gr. Sugar-Free, Shufersal","Chocolate Tablets, 100Gr. Sugar-Free, Shufersal",1CH2757.jpg,"Sugar Free , Gluten free",100,Gr.,Shufersal,,#076,,,"By SmartSuite Automation on 11 Nov, 2024","By Operation Manager on 28 Jan, 2025"
"Diced Tomato, 2500 Gr.,ProPlus",0,Diced Tomato,"Diced Tomato & Crushed Tomato, ProPlus",,N/A,2500,Gr.,ProPlus,,#225,,,"By Operation Manager on 19 Feb, 2025","By Operation Manager on 19 Feb, 2025"
"Diced tomatoes, 800 Gr.,Shufersal",0,Diced tomatoes,"Tomato products, Shufersal",convert.jpg,Organic,800,Gr.,Shufersal,,#003,Yachin,https://www.google.com/search?q=%D7%A2%D7%92%D7%91%D7%A0%D7%99%D7%95%D7%AA+%D7%97%D7%AA%D7%95%D7%9B%D7%95%D7%AA+%D7%9C%D7%A7%D7%95%D7%91%D7%99%D7%95%D7%AA%2C++%D7%99%D7%9B%D7%99%D7%9F&sca_esv=15ea5b57039dcf13&biw=1920&bih=911&tbm=shop&ei=1NKZZ4LlKO2qkdUPhpWWoAQ&ved=0ahUKEwiCn5bKrpqLAxVtVaQEHYaKBUQQ4dUDCAg&uact=5&oq=%D7%A2%D7%92%D7%91%D7%A0%D7%99%D7%95%D7%AA+%D7%97%D7%AA%D7%95%D7%9B%D7%95%D7%AA+%D7%9C%D7%A7%D7%95%D7%91%D7%99%D7%95%D7%AA%2C++%D7%99%D7%9B%D7%99%D7%9F&gs_lp=Egtwcm9kdWN0cy1jYyI116LXkteR16DXmdeV16og15fXqteV15vXldeqINec16fXldeR15nXldeqLCAg15nXm9eZ159I0BBQ8wFY0AtwAHgAkAEAmAGhA6AByQ2qAQkwLjEuMC4zLjG4AQPIAQD4AQGYAgCgAgCYAwCIBgGSBwCgB-EB&sclient=products-cc,"By Udi Stryk on 30 Oct, 2024","By Success Management on 29 Jan, 2025"
"double cookey  Cocoa Gluten Free , 300 Gr.,Shufersal",0,double cookey  Cocoa Gluten Free ,"double cookey gluten free, Shufersal",4006952005779.jpg,Gluten free,300,Gr.,Shufersal,,#147,coppenrath,,"By Operation Manager on 27 Jan, 2025","By Operation Manager on 27 Jan, 2025"
"double cookey Palmoilfree Double Coooky Gluten Free & Lactose, 300 Gr.,Shufersal",0, double cookey Palmoilfree Double Coooky Gluten Free & Lactose,"double cookey gluten free, Shufersal",61JFWeiEoZL.jpg,Gluten free,300,Gr.,Shufersal,,#148,coppenrath,,"By Operation Manager on 27 Jan, 2025","By Operation Manager on 27 Jan, 2025"
"double cookey Vanilla gluten free, Shufersal, 300 Gr.,Shufersal",0,"double cookey Vanilla gluten free, Shufersal","double cookey gluten free, Shufersal","61qVfNWfjkL._AC_UF894,1000_QL80_.jpg",Gluten free,300,Gr.,Shufersal,,#066,coppenrath,,"By SmartSuite Automation on 11 Nov, 2024","By Operation Manager on 27 Jan, 2025"
"Dutch Butter Cookies, Shufersal, 227 Gr.,Shufersal",0,"Dutch Butter Cookies, Shufersal","Dutch Butter Cookies, Shufersal","61CDhHDYb8L._AC_UF894,1000_QL80_.jpg",N/A,227,Gr.,Shufersal,,#093,,,"By SmartSuite Automation on 11 Nov, 2024","By Operation Manager on 28 Jan, 2025"
"Dutch Caramel Wafers, Shufersal,  Gr.,",0,"Dutch Caramel Wafers, Shufersal",,,N/A,,Gr.,,,#083,,,"By SmartSuite Automation on 11 Nov, 2024","By Udi Stryk on 11 Nov, 2024"
"ewfdwefew, Leiman Schlussel Ltd,,  Gr.,",0,"ewfdwefew, Leiman Schlussel Ltd,",,,N/A,,Gr.,,,#109,,,"By SmartSuite Automation on 13 Nov, 2024","By Udi Stryk on 13 Nov, 2024"
"Extra virgin olive oil - 1 lit, 1 lit.,Shufersal",0,Extra virgin olive oil - 1 lit,"Extra virgin olive oil - 1 lit - Meuloliva, Shufersal",convert.jpg,N/A,1,lit.,Shufersal,,#129,Yad Mordechai,https://www.comprice.co.il/Products/7290006374660,"By Operation Manager on 26 Jan, 2025","By Operation Manager on 27 Jan, 2025"
"Extra virgin olive oil 3.8 liter, 3.8 lit.,",0,Extra virgin olive oil 3.8 liter,,convert.jpg,N/A,3.8,lit.,,,#161,Sonoma Farm,,"By Operation Manager on 28 Jan, 2025","By Success Management on 29 Jan, 2025"
"Extra virgin olive oil,  Gr.,",0,Extra virgin olive oil,,,N/A,,Gr.,,,#087,,,"By SmartSuite Automation on 11 Nov, 2024","By Operation Manager on 28 Jan, 2025"
"Farfalle Pasta, 500 Gr.,L&R Global",0,Farfalle Pasta,"Pasta 500 g L&R Global, L&R Global",,N/A,500,Gr.,L&R Global,,#231,Osem,,"By Operation Manager on 27 Feb, 2025","By Operation Manager on 27 Feb, 2025"
"Fillas Dough 500g - Michail Arabatzis, 500 Gr.,Shufersal",0,Fillas Dough 500g - Michail Arabatzis,"Filo  and puff pastry, Shufersal",,N/A,500,Gr.,Shufersal,,#224,Shufersal,,"By Operation Manager on 19 Feb, 2025","By Operation Manager on 19 Feb, 2025"
"Filo Sheets for Pies 500g.(FROZEN) - Michail Arabatzis , 500 Gr.,Shufersal",0,Filo Sheets for Pies 500g.(FROZEN) - Michail Arabatzis ,"Filo  and puff pastry, Shufersal",,N/A,500,Gr.,Shufersal,,#223,Shufersal,,"By Operation Manager on 19 Feb, 2025","By Operation Manager on 19 Feb, 2025"
"Finely Chopped Tomatoes 3x400, 400 Gr.,Shufersal",0,Finely Chopped Tomatoes 3x400,"Finely Chopped Tomatoes 3x400, Shufersal",8005110170300_19072021143237_large.jpg,Organic,400,Gr.,Shufersal,,#018,Mutti POMODORO,https://www.pricez.co.il/Product/45999/%D7%A2%D7%92%D7%91%D7%A0%D7%99%D7%95%D7%AA-%D7%97%D7%AA%D7%95%D7%9B%D7%95%D7%AA-%D7%93%D7%A7-%D7%A4%D7%95%D7%9C%D7%A4%D7%94-%D7%9E%D7%95%D7%98%D7%99-3-400-%D7%92%D7%A8%D7%9D,"By Udi Stryk on 11 Nov, 2024","By Success Management on 28 Jan, 2025"
"Finely chopped tomatoes crop 2022, 400 Gr.,",0,Finely chopped tomatoes crop 2022,,7290111933554_86a4e826-b9a7-4de8-8ed4-81d3ff193f5b.jpg,N/A,400,Gr.,,,#098,,https://www.comprice.co.il/Products/7290107973861,"By SmartSuite Automation on 11 Nov, 2024","By Operation Manager on 27 Jan, 2025"
"Finely chopped tomatoes crop 2022, 400 Gr.,ProPlus",0,Finely chopped tomatoes crop 2022,"Finely chopped tomatoes crop 2022, ProPlus",convert.jpg,N/A,400,Gr.,ProPlus,,#142,Mutti POMODORO,,"By Operation Manager on 27 Jan, 2025","By Operation Manager on 27 Jan, 2025"
"Fish shaped Salty crackers, 350 Gr.,Foodz",0,Fish shaped Salty crackers,"Salty snacks - crackers , Foodz",cuetara-fish.jpg,N/A,350,Gr.,Foodz,,#127,Cuetara/ Krit,https://www.comprice.co.il/Products/8434165466333,"By Udi Stryk on 25 Jan, 2025","By Udi Stryk on 26 Jan, 2025"
"frozen chips proplus, 2.5 Kg.,ProPlus",0,frozen chips proplus,"Frozen french- fries, proplus, ProPlus",,N/A,2.5,Kg.,ProPlus,,#193,,,"By Operation Manager on 6 Feb, 2025","By Operation Manager on 6 Feb, 2025"
"Frozen french fries 9X9, 0.8 Gr.,Carrefour",0,Frozen french fries 9X9,"Frozen french fries 9X9 - Carrefour, Carrefour",,N/A,0.8,Gr.,Carrefour,,#259,,,"By Operation Manager on 2 Apr, 2025","By Operation Manager on 2 Apr, 2025"
"Frozen french fries 9X9, 1 Kg.,Carrefour",0,Frozen french fries 9X9,"Frozen french fries 9X9 - Carrefour, Carrefour",,N/A,1,Kg.,Carrefour,,#260,,,"By Operation Manager on 2 Apr, 2025","By Operation Manager on 2 Apr, 2025"
"Frozen french fries 9X9, 2 Kg.,Carrefour",0,Frozen french fries 9X9,"Frozen french fries 9X9 - Carrefour, Carrefour",,N/A,2,Kg.,Carrefour,,#261,,,"By Operation Manager on 2 Apr, 2025","By Operation Manager on 2 Apr, 2025"
"Frozen French fries cut steak 1.5 kg.,Dor Alon, 1.5 Kg.,Dor Alon",0,"Frozen French fries cut steak 1.5 kg.,Dor Alon","Frozen French fries, Dor Alon",%D7%A6%D7%99%D7%A4%D7%A1-%D7%A1%D7%98%D7%99%D7%99%D7%A7.jpg,N/A,1.5,Kg.,Dor Alon,,#130,Golden chips,https://www.comprice.co.il/Products/7290012245336,"By Operation Manager on 26 Jan, 2025","By Operation Manager on 26 Jan, 2025"
"Frozen French fries, 1.5 Kg.,Dor Alon",0,Frozen French fries,"Frozen French fries, Dor Alon",e9b2bb9f628c0ffd200b704622b61949.jpg,N/A,1.5,Kg.,Dor Alon,,#110,Osem - Tapugan,,"By SmartSuite Automation on 20 Nov, 2024","By Udi Stryk on 25 Jan, 2025"
"Frozen French fries, Foodz, 2.5 Kg.,Dor Alon",0,"Frozen French fries, Foodz","Frozen French fries, Dor Alon",%D7%A6%D7%99%D7%A4%D7%A1-%D7%90%D7%9E%D7%A8%D7%99%D7%A7%D7%90%D7%99-768x512.jpg,N/A,2.5,Kg.,Dor Alon,,#111,Shufersal,,"By Udi Stryk on 1 Dec, 2024","By Udi Stryk on 25 Jan, 2025"
"Frozen Zig zag French fries  1.5 kg, 1.5 Kg.,Dor Alon",0,Frozen Zig zag French fries  1.5 kg,"Frozen French fries, Dor Alon",convert.jpg,N/A,1.5,Kg.,Dor Alon,,#131,Golden chips,https://www.comprice.co.il/Products/7290012245343,"By Operation Manager on 26 Jan, 2025","By Operation Manager on 26 Jan, 2025"
"Fusilli Pasta, 500 Gr.,L&R Global",0,Fusilli Pasta,"Pasta 500 g L&R Global, L&R Global",,N/A,500,Gr.,L&R Global,,#230,Osem,,"By Operation Manager on 27 Feb, 2025","By Operation Manager on 27 Feb, 2025"
"Gluten free fusilli, 400 Gr.,Shufersal",0,Gluten free fusilli,"Pasta - gluten-free 400 gr, Shufersal",catalog_529037-l.jpg,Gluten free,400,Gr.,Shufersal,,#019,barilla,,"By Udi Stryk on 11 Nov, 2024","By Operation Manager on 28 Jan, 2025"
"Gluten free fusilli, Shufersal,  Gr.,",0,"Gluten free fusilli, Shufersal",,,N/A,,Gr.,,,#084,,,"By SmartSuite Automation on 11 Nov, 2024","By Udi Stryk on 11 Nov, 2024"
"Gluten free Penne, 400 Gr.,Shufersal",0,Gluten free Penne,"Pasta - gluten-free 400 gr, Shufersal",58869623e99007264e10b8f06ac920ec.jpg,Gluten free,400,Gr.,Shufersal,,#020,barilla,,"By Udi Stryk on 11 Nov, 2024","By Operation Manager on 28 Jan, 2025"
"Gluten free Spaghetti, 400 Gr.,Shufersal",0,Gluten free Spaghetti,"Pasta - gluten-free 400 gr, Shufersal",convert.webp,Gluten free,400,Gr.,Shufersal,,#021,barilla,,"By Udi Stryk on 11 Nov, 2024","By Operation Manager on 28 Jan, 2025"
"Gomiti Pasta, 500 Gr.,L&R Global",0,Gomiti Pasta,"Pasta 500 g L&R Global, L&R Global",,N/A,500,Gr.,L&R Global,,#232,Osem,,"By Operation Manager on 27 Feb, 2025","By Operation Manager on 27 Feb, 2025"
"grape seed oil, 750 Gr.,",0,grape seed oil,,7296073269991.jpg,N/A,750,Gr.,,,#117,,,"By Operation Manager on 6 Jan, 2025","By Udi Stryk on 23 Jan, 2025"
"grape seed oil, Shufersal,  Gr.,",0,"grape seed oil, Shufersal",,,N/A,,Gr.,,,#118,,,"By SmartSuite Automation on 6 Jan, 2025","By Udi Stryk on 23 Jan, 2025"
"Hazelnut rings, sugar-free, 200 Gr.,Leiman Schlussel Ltd",0,"Hazelnut rings, sugar-free","Cookies COOPERNATH, Leiman Schlussel Ltd",download (3).jpg,N/A,200,Gr.,Leiman Schlussel Ltd,,#213,,,"By Operation Manager on 18 Feb, 2025","By Operation Manager on 18 Feb, 2025"
"HAZELNUTS Cookies from Vicenzi, Shufersal  , 150 Gr.,Shufersal",0,"HAZELNUTS Cookies from Vicenzi, Shufersal  ","Cookies from Vicenzi, Shufersal",BISCUITSGRISBYWITHHAZELNUTS150g.jpg,N/A,150,Gr.,Shufersal,,#094,Vicenzi,,"By SmartSuite Automation on 11 Nov, 2024","By Operation Manager on 28 Jan, 2025"
"ice cream in comes like Nestle's gumi-gam, Leiman Schlussel Ltd, 450 Gr.,Leiman Schlussel Ltd",0,"ice cream in comes like Nestle's gumi-gam, Leiman Schlussel Ltd","ice cream in cones like Nestle's gumi-gam, Leiman Schlussel Ltd",convert.jpg,N/A,450,Gr.,Leiman Schlussel Ltd,,#116,Nestle,https://www.comprice.co.il/Products/7290106571037,"By SmartSuite Automation on 2 Jan, 2025","By Operation Manager on 27 Jan, 2025"
"Jakobsen Ecuador Chocolate 41%,  Gr.,Foodz",0,Jakobsen Ecuador Chocolate 41%,"Chooclate and Candy of Carletti, Foodz",,N/A,,Gr.,Foodz,,#248,,,"By Operation Manager on 13 Mar, 2025","By Operation Manager on 13 Mar, 2025"
"Jakobsen Ecuador Chocolate 73%,  Gr.,Foodz",0,Jakobsen Ecuador Chocolate 73%,"Chooclate and Candy of Carletti, Foodz",,N/A,,Gr.,Foodz,,#247,,,"By Operation Manager on 13 Mar, 2025","By Operation Manager on 13 Mar, 2025"
"Ladyfingers Cookies from Vicenzi, Shufersal , 150 Gr.,Shufersal",0,"Ladyfingers Cookies from Vicenzi, Shufersal ","Cookies from Vicenzi, Shufersal",e3dc19f7b499c728feb4502dec585a7c_large.webp,N/A,150,Gr.,Shufersal,,#164,Vicenzi,,"By Operation Manager on 28 Jan, 2025","By Operation Manager on 28 Jan, 2025"
"Lemon Juice for salads,  Gr.,",0,Lemon Juice for salads,,"71GGW6bbMLL._AC_UF894,1000_QL80_.jpg",N/A,,Gr.,,,#172,,,"By Udi Stryk on 29 Jan, 2025","By Udi Stryk on 29 Jan, 2025"
"Lemon Juice for salads, 1 lit.,Shufersal",0,Lemon Juice for salads,"Lemon Juice for salads, Shufersal",convert.jpg,N/A,1,lit.,Shufersal,,#086,Osem,"https://www.google.com/shopping/product/1?q=%D7%9E%D7%99%D7%A5+%D7%9C%D7%99%D7%9E%D7%95%D7%9F+%D7%9C%D7%A1%D7%9C%D7%98&prds=epd:4612535305044592864,eto:4612535305044592864_0,pid:4612535305044592864,rsk:PC_1471067967914651783&sa=X&ved=0ahUKEwi0lp3iq5qLAxXBQ_EDHUlWKM4Q9pwGCAg","By SmartSuite Automation on 11 Nov, 2024","By Success Management on 29 Jan, 2025"
"Lentils,  Gr.,Leiman Schlussel Ltd",0, Lentils,"Confetti Candies, Leiman Schlussel Ltd",,N/A,,Gr.,Leiman Schlussel Ltd,,#252,,,"By Operation Manager on 17 Mar, 2025","By Operation Manager on 17 Mar, 2025"
"Link to Requests     Lemon Juice for salads, Ta'aman, 200 Milliliters ,",0," Link to Requests     Lemon Juice for salads, Ta'aman",,,N/A,200,Milliliters ,,,#173,Shufersal,,"By Udi Stryk on 29 Jan, 2025","By Udi Stryk on 29 Jan, 2025"
"Lotus cookies,  Gr.,Foodz, Shufersal",0,Lotus cookies,"Petit Beurre Biscuits , FoodzShufersal",,N/A,,Gr.,Foodz | Shufersal,,#236,,,"By Operation Manager on 2 Mar, 2025","By Operation Manager on 2 Mar, 2025"
"Medium Compound Lentils,  Gr.,Foodz",0,Medium Compound Lentils,"Chooclate and Candy of Carletti, Foodz",,N/A,,Gr.,Foodz,,#249,,,"By Operation Manager on 13 Mar, 2025","By Operation Manager on 13 Mar, 2025"
"MILK CHOCOLATE 32% SUGAR FREE 100G, 100 Gr.,Shufersal",0,MILK CHOCOLATE 32% SUGAR FREE 100G,"Chocolate Tablets sugar free, Shufersal",,N/A,100,Gr.,Shufersal,,#264,,,"By Operation Manager on 8 Apr, 2025","By Operation Manager on 8 Apr, 2025"
"MILK CHOCOLATE 32% SUGAR FREEWITH Hazelnuts 100G, 100 Gr.,Shufersal",0,MILK CHOCOLATE 32% SUGAR FREEWITH Hazelnuts 100G,"Chocolate Tablets sugar free, Shufersal",,N/A,100,Gr.,Shufersal,,#263,,,"By Operation Manager on 8 Apr, 2025","By Operation Manager on 8 Apr, 2025"
"Milk Chocolate Spread - 13% hazelnuts, 350 Gr.,Ta'aman",0,Milk Chocolate Spread - 13% hazelnuts,"Chocolate Spread, Ta'aman",download.jpg,N/A,350,Gr.,Ta'aman,,#188,Nutella,https://www.chocolateworld.co.il/product/%D7%A0%D7%95%D7%98%D7%9C%D7%94-350-%D7%92%D7%A8-nutella?srsltid=AfmBOoqxIDcUck2z-nERVFeCiWcnOaTkScw3_4Zh6kEukfj8fk3zZ16EE_E,"By Operation Manager on 2 Feb, 2025","By Operation Manager on 8 Apr, 2025"
"Milk chocolate with whole hazelnuts, no added sugar, Shufersal, 100 Gr.,Shufersal",0,"Milk chocolate with whole hazelnuts, no added sugar, Shufersal","No-added sugar Chocolate-covered wafers, Shufersal",7296073295679.jpg,No- Sugar added,100,Gr.,Shufersal,,#146,Shufersal,https://www.pricez.co.il/Product/1093307/%D7%A9%D7%95%D7%A7%D7%95%D7%9C%D7%93-%D7%97%D7%9C%D7%91-%D7%A2%D7%9D-%D7%90%D7%92%D7%95%D7%96%D7%99-%D7%9C%D7%95%D7%96-%D7%A9%D7%9C%D7%9E%D7%99%D7%9D-%D7%9C%D7%9C%D7%90-%D7%AA%D7%95%D7%A1%D7%A4%D7%AA-%D7%A1%D7%95%D7%9B%D7%A8-%D7%A9%D7%95%D7%A4%D7%A8%D7%A1%D7%9C-100-%D7%92%D7%A8%D7%9D,"By Operation Manager on 27 Jan, 2025","By Operation Manager on 29 Jan, 2025"
"Mini Crackers (180g) – Flavors: Pizza, Rosemary, 180 Gr.,Leiman Schlussel Ltd",0,"Mini Crackers (180g) – Flavors: Pizza, Rosemary","cracker 180 G , Leiman Schlussel Ltd",,N/A,180,Gr.,Leiman Schlussel Ltd,,#239,,,"By Operation Manager on 3 Mar, 2025","By Operation Manager on 3 Mar, 2025"
"Mini Milk Chocolate Lentils,  Gr.,Foodz",0,Mini Milk Chocolate Lentils,"Chooclate and Candy of Carletti, Foodz",,N/A,,Gr.,Foodz,,#250,,,"By Operation Manager on 13 Mar, 2025","By Operation Manager on 13 Mar, 2025"
"Mix shaped, Salty crackers, 350 Gr.,Foodz",0,"Mix shaped, Salty crackers","Salty snacks - crackers , Foodz",cuetara-mix.jpg,N/A,350,Gr.,Foodz,,#128,Cuetara/ Krit,https://www.comprice.co.il/Products/8434165466333,"By Udi Stryk on 25 Jan, 2025","By Udi Stryk on 26 Jan, 2025"
"Mr. Coooky Milk Chocolate, 200 Gr.,Leiman Schlussel Ltd",0,Mr. Coooky Milk Chocolate,"Cookies COOPERNATH, Leiman Schlussel Ltd",download (1).jpg,N/A,200,Gr.,Leiman Schlussel Ltd,,#211,,,"By Operation Manager on 18 Feb, 2025","By Operation Manager on 18 Feb, 2025"
"Multigrain Pita Chips,  Gr.,Shufersal",0,Multigrain Pita Chips,"Pita Chips & Grissini, Shufersal","81Mn8GZlC3L._AC_UF894,1000_QL80_.jpg",N/A,,Gr.,Shufersal,,#151,,,"By Operation Manager on 28 Jan, 2025","By Operation Manager on 28 Jan, 2025"
"MUNCHIES FLAMIN HOT  PEANUTS 400GR, Shufersal, 200 Gr.,",0,"MUNCHIES FLAMIN HOT  PEANUTS 400GR, Shufersal",,Product_11436401.png,N/A,200,Gr.,,,#141,,,"By Operation Manager on 27 Jan, 2025","By Operation Manager on 27 Jan, 2025"
"MUNCHIES FLAMIN HOT  PEANUTS 400GR, Shufersal, 200 Gr.,Leiman Schlussel Ltd",0,"MUNCHIES FLAMIN HOT  PEANUTS 400GR, Shufersal","MUNCHIES SPICY RICE AND  PEANUTS 400GR, Leiman Schlussel Ltd",large_e2d7d553-e6b4-4d37-857c-0c257e9344a6.webp,N/A,200,Gr.,Leiman Schlussel Ltd,,#072,,,"By SmartSuite Automation on 11 Nov, 2024","By Operation Manager on 27 Jan, 2025"
"MUNCHIES SPICY RICE AND  PEANUTS 200GR, Shufersal, 400 Gr.,Shufersal",0,"MUNCHIES SPICY RICE AND  PEANUTS 200GR, Shufersal","MUNCHIES SPICY RICE AND  PEANUTS 400GR, Shufersal",7290100614259.jpg,N/A,400,Gr.,Shufersal,"MUNCHIES SPICY RICE AND PEANUTS  is a crunchy, spicy snack that combines seasoned rice flakes with roasted peanuts. The snack is flavored with spicy seasoning.




",#074,Zion Nuts & Seeds,https://www.pizohaizion.co.il/product/%D7%9E%D7%A0%D7%A6%D7%A1-200-%D7%92%D7%A8%D7%9D/,"By SmartSuite Automation on 11 Nov, 2024","By Success Management on 29 Jan, 2025"
"MUNCHIES SPICY RICE AND  PEANUTS 400GR, Shufersal, 200 Gr.,Leiman Schlussel Ltd",0,"MUNCHIES SPICY RICE AND  PEANUTS 400GR, Shufersal","MUNCHIES SPICY RICE AND  PEANUTS 400GR, Leiman Schlussel Ltd",convert.jpg,N/A,200,Gr.,Leiman Schlussel Ltd,,#140,,,"By Operation Manager on 27 Jan, 2025","By Operation Manager on 27 Jan, 2025"
"MUNCHIES SPICY RICE AND  PEANUTS 400GR, Shufersal, 200 Gr.,Shufersal",0,"MUNCHIES SPICY RICE AND  PEANUTS 400GR, Shufersal","MUNCHIES SPICY RICE AND  PEANUTS 400GR, Shufersal",7290100614259.jpg,N/A,200,Gr.,Shufersal,,#123,Zion Nuts & Seeds,https://www.pizohaizion.co.il/product/%D7%9E%D7%A0%D7%A6%D7%A1-200-%D7%92%D7%A8%D7%9D/,"By SmartSuite SCIM on 18 Jan, 2025","By Success Management on 29 Jan, 2025"
"Munchies to Shufersal 200'400 gr., Shufersal,  Gr.,",0,"Munchies to Shufersal 200'400 gr., Shufersal",,,N/A,,Gr.,,,#122,,,"By SmartSuite SCIM on 18 Jan, 2025","By Udi Stryk on 18 Jan, 2025"
"Munchies tro Shufersal - 200 gr., Shufersal, 200 Gr.,Shufersal",0,"Munchies tro Shufersal - 200 gr., Shufersal","Munchies to Shufersal - 200, 400 gr., Shufersal","51kqQ816foL._AC_UF894,1000_QL80_.jpg",N/A,200,Gr.,Shufersal,,#121,,,"By SmartSuite SCIM on 18 Jan, 2025","By Operation Manager on 28 Jan, 2025"
"Munchies tro Shufersal - 400 gr., Shufersal, 400 Gr.,Shufersal",0,"Munchies tro Shufersal - 400 gr., Shufersal","Munchies to Shufersal - 200, 400 gr., Shufersal",,N/A,400,Gr.,Shufersal,,#124,,,"By Udi Stryk on 18 Jan, 2025","By Udi Stryk on 18 Jan, 2025"
"Natural Tarrili cracker - Leiman Schlussel Ltd, 180 Gr.,",0,Natural Tarrili cracker - Leiman Schlussel Ltd,,download.jpeg,N/A,180,Gr.,,,#189, FORNO DOMIANI,,"By Operation Manager on 3 Feb, 2025","By Operation Manager on 3 Feb, 2025"
"Neapolitan sauce 350 gr, Shufersal, 400 Gr.,Shufersal",0,"Neapolitan sauce 350 gr, Shufersal","Tomato based Paste sauces, 350 gr, Shufersal",small.jpg,N/A,400,Gr.,Shufersal,,#070,barilla,"https://www.google.com/shopping/product/1?q=%D7%A8%D7%95%D7%98%D7%91+%D7%A0%D7%A4%D7%95%D7%9C%D7%99%D7%98%D7%A0%D7%94+350+%D7%92%D7%A8%D7%9D&prds=epd:1541691638564226897,eto:1541691638564226897_0,pid:1541691638564226897,rsk:PC_6235763027412270860&sa=X&ved=0ahUKEwjPxvK--ZiLAxXmhP0HHbPVPE0Q9pwGCAY","By SmartSuite Automation on 11 Nov, 2024","By Success Management on 28 Jan, 2025"
"No Sugar Added Belgian Milk Chocolate 100 gr, Shufersal, 100 Gr.,Shufersal",0,"No Sugar Added Belgian Milk Chocolate 100 gr, Shufersal","Chocolate Tablets, 100Gr. Sugar-Free, Shufersal",guylian-no-sugar-added-belgian-milk-chocolate-100g-240-p.png,"Gluten free, Sugar Free ",100,Gr.,Shufersal,,#149,,,"By Operation Manager on 28 Jan, 2025","By Operation Manager on 28 Jan, 2025"
"No-added sugar Chocolate- milk, 100 Gr.,Shufersal",0,No-added sugar Chocolate- milk,"No-added sugar Chocolate-covered wafers, Shufersal",7296073295655.jpg,No- Sugar added,100,Gr.,Shufersal,,#106,Shufersal,https://www.pricez.co.il/Product/1093303/%D7%A9%D7%95%D7%A7%D7%95%D7%9C%D7%93-%D7%97%D7%9C%D7%91-%D7%9C%D7%9C%D7%90-%D7%AA%D7%95%D7%A1%D7%A4%D7%AA-%D7%A1%D7%95%D7%9B%D7%A8-%D7%A9%D7%95%D7%A4%D7%A8%D7%A1%D7%9C-100-%D7%92%D7%A8%D7%9D,"By Udi Stryk on 11 Nov, 2024","By Operation Manager on 29 Jan, 2025"
"No-added sugar Chocolate-covered wafers, Kit kat, 100 Gr.,",0,"No-added sugar Chocolate-covered wafers, Kit kat",,,N/A,100,Gr.,,,#105,,,"By Udi Stryk on 11 Nov, 2024","By Udi Stryk on 11 Nov, 2024"
"Non- Dairy Chocolate Spread, 400 Gr.,Ta'aman",0,Non- Dairy Chocolate Spread,"Chocolate Spread, Ta'aman",%D7%A9%D7%95%D7%A7%D7%95%D7%9C%D7%93-%D7%94%D7%A9%D7%97%D7%A8.png,N/A,400,Gr.,Ta'aman,,#197,Hashahar HaOleh Ltd,,"By Operation Manager on 12 Feb, 2025","By Udi Stryk on 28 Feb, 2025"
"olive oil 500 ml, 500 Gr.,Shufersal",0,olive oil 500 ml,"EXTRA VIRGIN OLIVE OIL 750 & 500 ML, Shufersal",,N/A,500,Gr.,Shufersal,,#228,,,"By Operation Manager on 24 Feb, 2025","By Operation Manager on 24 Feb, 2025"
"Olives taste Tarrili cracker - Leiman Schlussel Ltd, 180 Gr.,",0,Olives taste Tarrili cracker - Leiman Schlussel Ltd,,prodotto_TARALLI_100g_olive.jpg,N/A,180,Gr.,,,#190, FORNO DOMIANI,,"By Operation Manager on 3 Feb, 2025","By Operation Manager on 3 Feb, 2025"
"orange sweet potato & purple sweet chips, 85 Gr.,Shufersal",0,orange sweet potato & purple sweet chips,"Vegetable chips 85gr, Shufersal",250x380-terra-sweetsmedley165g.png,N/A,85,Gr.,Shufersal,,#107,Terra,,"By Udi Stryk on 11 Nov, 2024","By Operation Manager on 28 Jan, 2025"
"orange sweet potato&purple  sweet chips85, Shufersal,  Gr.,",0,"orange sweet potato&purple  sweet chips85, Shufersal",,,N/A,,Gr.,,,#103,,,"By SmartSuite Automation on 11 Nov, 2024","By Udi Stryk on 11 Nov, 2024"
"organic chestnuts, Shufersal, 100 Gr.,Shufersal",0,"organic chestnuts, Shufersal","organic chestnuts, Shufersal",a8e7637f1219653025109ebb8d747a3c.jpg,N/A,100,Gr.,Shufersal,,#095,Kerem,https://www.shkedya.co.il/items/3316033-%D7%A2%D7%A8%D7%9E%D7%95%D7%A0%D7%99%D7%9D-%D7%90%D7%95%D7%A8%D7%92%D7%A0%D7%99%D7%9D-%D7%A7%D7%9C%D7%95%D7%99%D7%99%D7%9D-%D7%9B%D7%A8%D7%9D,"By SmartSuite Automation on 11 Nov, 2024","By Success Management on 29 Jan, 2025"
"Organic corn and black rice snack, Harduf - All Organics, 60 Gr.,Harduf - All Organics",0,"Organic corn and black rice snack, Harduf - All Organics","Organic Whole Rice and Legumes Snack, Harduf - All Organics",%D7%97%D7%98%D7%99%D7%A3-%D7%91%D7%99%D7%A0%D7%92-%D7%A4%D7%A8%D7%99%D7%9B%D7%99%D7%95%D7%AA-%D7%AA%D7%99%D7%A8%D7%A1-%D7%95%D7%90%D7%95%D7%A8%D7%96-%D7%A9%D7%97%D7%95%D7%A8-%D7%90%D7%95%D7%A8%D7%92%D7%A0%D7%99-60-%D7%92%D7%A8%D7%9D-%D7%94%D7%A8%D7%93%D7%95%D7%A3.webp,Organic,60,Gr.,Harduf - All Organics,,#063,Harduf,https://www.tevaworld.com/products/copy-of-%D7%94%D7%A8%D7%93%D7%95%D7%A3-%D7%97%D7%98%D7%99%D7%A3-%D7%91%D7%99%D7%A0%D7%92-%D7%9C%D7%9C%D7%90-%D7%92%D7%9C%D7%95%D7%98%D7%9F-%D7%90%D7%95%D7%A8%D7%96-%D7%9E%D7%9C%D7%90-%D7%95%D7%90%D7%A4%D7%95%D7%A0%D7%94-%D7%90%D7%95%D7%A8%D7%92%D7%A0%D7%99-60-%D7%92%D7%A8%D7%9D?variant=45960913846589&country=IL&currency=ILS&utm_source=google&utm_medium=cpc&utm_campaign=19600489321&utm_content=&utm_term=&gad_source=1&gclid=Cj0KCQiAwOe8BhCCARIsAGKeD57NfBewnQmiLfpc9xgYmawpoB1gEKiB-nWdmZdMejSeFvgjAXnVhi8aAn3VEALw_wcB,"By SmartSuite Automation on 11 Nov, 2024","By Success Management on 29 Jan, 2025"
"Organic corn and buckwheat snack Harduf, 60 Gr.,Harduf - All Organics",0,Organic corn and buckwheat snack Harduf,"Organic Whole Rice and Legumes Snack, Harduf - All Organics",M507989_2762023141656_250_250.png,Organic,60,Gr.,Harduf - All Organics,,#179,Harduf,https://maxpharm.co.il/products/%D7%97%D7%98%D7%99%D7%A3-%D7%91%D7%99%D7%A0%D7%92-%D7%9C%D7%9C%D7%90-%D7%92%D7%9C%D7%95%D7%98%D7%9F-%D7%A2%D7%93%D7%A9%D7%99%D7%9D-%D7%90%D7%93%D7%95%D7%9E%D7%95%D7%AA-%D7%95%D7%90%D7%95%D7%A8%D7%96-%D7%A9%D7%97%D7%95%D7%A8-%D7%90%D7%95%D7%A8%D7%92%D7%A0%D7%99-60-%D7%92%D7%A8%D7%9D-%D7%94%D7%A8%D7%93%D7%95%D7%A3?variant=43742026924207&country=IL&currency=ILS&keyword=&campaignID=19441067478&matchtype=&adgroupID=&gad_source=1&gclid=Cj0KCQiAwOe8BhCCARIsAGKeD56fJDwK8ItpoYC3YNBrQdeNQhLqMJAvUFLAOf-yTN03mABx3F_QegUaAuuKEALw_wcB,"By Success Management on 29 Jan, 2025","By Success Management on 29 Jan, 2025"
"Organic frozen sweet corn kernels, 800 Gr.,Harduf - All Organics",0,Organic frozen sweet corn kernels,"Organic frozen vegetables , Harduf - All Organics",92a481_5f3f2d3606d4486fa51e96a9ecff5807~mv2.png,Organic,800,Gr.,Harduf - All Organics,,#138,,,"By Operation Manager on 26 Jan, 2025","By Operation Manager on 26 Jan, 2025"
"Organic frozen tender peas, 800 Gr.,Harduf - All Organics",0,Organic frozen tender peas,"Organic frozen vegetables , Harduf - All Organics",convert.jpg,Organic,800,Gr.,Harduf - All Organics,,#137,,,"By Operation Manager on 26 Jan, 2025","By Operation Manager on 26 Jan, 2025"
"Organic frozen vegetable pick, 800 Gr.,Harduf - All Organics",0,Organic frozen vegetable pick,"Organic frozen vegetables , Harduf - All Organics",7290013994790.jpg,Organic,800,Gr.,Harduf - All Organics,,#136,,,"By Operation Manager on 26 Jan, 2025","By Operation Manager on 26 Jan, 2025"
"Organic frozen vegetables , Harduf - All Organics, 600 Gr.,Harduf - All Organics",0,"Organic frozen vegetables , Harduf - All Organics","Organic frozen vegetables , Harduf - All Organics",,Organic,600,Gr.,Harduf - All Organics,"Corn, Beans, Peas",#047,,,"By SmartSuite Automation on 11 Nov, 2024","By Udi Stryk on 23 Jan, 2025"
"Organic Peeled tomatoes 425 gr - LA DORIA, 400 Gr.,Harduf - All Organics",0,Organic Peeled tomatoes 425 gr - LA DORIA,"Organic Peeled tomatoes 425 gr, Harduf - All Organics",convert.jpg,N/A,400,Gr.,Harduf - All Organics,,#126,Mutti POMODORO,,"By Success Management on 23 Jan, 2025","By Success Management on 29 Jan, 2025"
"Organic Whole Peeled , 400 Gr.,Harduf - All Organics",0,Organic Whole Peeled ,"Organic Whole Peeled and Chopped Tomatoes, Harduf - All Organics",,Organic,400,Gr.,Harduf - All Organics,,#243,,,"By Operation Manager on 13 Mar, 2025","By Operation Manager on 13 Mar, 2025"
"Parmesan Garlic & Herb Flavour Pita Chips ,  Gr.,Shufersal",0,Parmesan Garlic & Herb Flavour Pita Chips ,"Pita Chips & Grissini, Shufersal",convert.jpg,N/A,,Gr.,Shufersal,,#150,,,"By Operation Manager on 28 Jan, 2025","By Operation Manager on 28 Jan, 2025"
"Parsnip, sweet potato & beetroot chips 85gr, 85 Gr.,Shufersal",0,"Parsnip, sweet potato & beetroot chips 85gr","Vegetable chips 85gr, Shufersal",5d7f15bf-685b-447e-89b1-0c20de11512d.png,N/A,85,Gr.,Shufersal,,#089,Terra,,"By SmartSuite Automation on 11 Nov, 2024","By Operation Manager on 28 Jan, 2025"
"Pasta  fusilli Osem, 500 Gr.,Shufersal",0,Pasta  fusilli Osem,"Pasta, Shufersal",fuzili.jpg,N/A,500,Gr.,Shufersal,,#168,Osem,,"By Operation Manager on 28 Jan, 2025","By Operation Manager on 28 Jan, 2025"
"Pasta  Penne, 500 Gr.,Shufersal",0,Pasta  Penne,"Pasta, Shufersal",penne.png,N/A,500,Gr.,Shufersal,,#169,Osem,,"By Operation Manager on 28 Jan, 2025","By Operation Manager on 28 Jan, 2025"
"Pasta farfalle , 500 Gr.,Shufersal",0,Pasta farfalle ,"Pasta, Shufersal",images.jpeg,N/A,500,Gr.,Shufersal,,#171,Osem,,"By Operation Manager on 28 Jan, 2025","By Operation Manager on 28 Jan, 2025"
"Pasta Spaghetti, 500 Gr.,Shufersal",0,Pasta Spaghetti,"Pasta, Shufersal",Spaghetti.jpg,N/A,500,Gr.,Shufersal,,#170,Osem,,"By Operation Manager on 28 Jan, 2025","By Operation Manager on 28 Jan, 2025"
"PASTA,  Gr.,",0,PASTA,,אריזות פסטה LA DORIA1 (1).jpg,N/A,,Gr.,,,#183,,,"By Operation Manager on 1 Feb, 2025","By Operation Manager on 1 Feb, 2025"
"Pasta, 500 Gr.,Ta'aman",0,Pasta,"Pasta 500 G, Ta'aman",,N/A,500,Gr.,Ta'aman,,#209,,,"By Operation Manager on 17 Feb, 2025","By Operation Manager on 17 Feb, 2025"
"peas Frozen Vegetables , 600 Gr.,Shufersal",0,peas Frozen Vegetables ,"Frozen Vegetables, Shufersal",7290000104676.jpg,N/A,600,Gr.,Shufersal,,#176,Sanfrost,"https://www.google.com/shopping/product/10874551921830342863?q=%D7%90%D7%A4%D7%95%D7%A0%D7%94+%D7%A7%D7%A4%D7%95%D7%90%D7%99%D7%9D+%D7%A1%D7%A0%D7%A4%D7%A8%D7%95%D7%A1%D7%98&prds=eto:7784119375528330830_0;14026360780823993167_0,pid:3751941774466531592&sa=X&ved=0ahUKEwjuhZ2bqZqLAxUWR_EDHQoAO_QQ9pwGCAU","By Success Management on 29 Jan, 2025","By Success Management on 29 Jan, 2025"
"Penne Pasta, 500 Gr.,L&R Global",0,Penne Pasta,"Pasta 500 g L&R Global, L&R Global",,N/A,500,Gr.,L&R Global,,#229,Osem,,"By Operation Manager on 27 Feb, 2025","By Operation Manager on 27 Feb, 2025"
"Petit Beurre, 300 Gr.,Foodz, Shufersal",0,Petit Beurre,"Petit Beurre Biscuits , FoodzShufersal",current packaging Petit Beurre 1.jpg,N/A,300,Gr.,Foodz | Shufersal,,#234,Shufersal,,"By Operation Manager on 2 Mar, 2025","By Operation Manager on 2 Mar, 2025"
"Pita Chips, Fire Roasted Jalapeno,  Gr.,Shufersal",0,"Pita Chips, Fire Roasted Jalapeno","Pita Chips & Grissini, Shufersal",a3abe34e9786d5de2c452851a4268ad4_large.webp,N/A,,Gr.,Shufersal,,#153,,,"By Operation Manager on 28 Jan, 2025","By Operation Manager on 28 Jan, 2025"
"Pita Chips, Simply Bruschetta Style,  Gr.,Shufersal",0,"Pita Chips, Simply Bruschetta Style","Pita Chips & Grissini, Shufersal",c7ea910919728040ff35314ef45456ee_large.webp,N/A,,Gr.,Shufersal,,#154,,,"By Operation Manager on 28 Jan, 2025","By Operation Manager on 28 Jan, 2025"
"Pizza of 18cm ,  Gr.,Foodz",0,Pizza of 18cm ,"Pizza of 29cm 340g, Foodz",,N/A,,Gr.,Foodz,,#257,,,"By Operation Manager on 24 Mar, 2025","By Operation Manager on 24 Mar, 2025"
"Pizza of 29cm 340g, 340 Gr.,Foodz",0,Pizza of 29cm 340g,"Pizza of 29cm 340g, Foodz",,N/A,340,Gr.,Foodz,,#256,,,"By Operation Manager on 24 Mar, 2025","By Operation Manager on 24 Mar, 2025"
"Polpa 100 Rostica – 4.05 kg, 4.05 Kg.,Shufersal",0,Polpa 100 Rostica – 4.05 kg,"Tomato product La doria, Shufersal",,N/A,4.05,Kg.,Shufersal,,#255,,,"By Operation Manager on 24 Mar, 2025","By Operation Manager on 24 Mar, 2025"
"Potato Gnocchi - with gluten, Shufersal, 500 Gr.,Shufersal",0,"Potato Gnocchi - with gluten, Shufersal","Potato Gnocchi - with/ without gluten, Shufersal",%D7%A0%D7%99%D7%95%D7%A7%D7%99-8001250009999-scaled.jpg,N/A,500,Gr.,Shufersal,,#167, De Cecco ,,"By Operation Manager on 28 Jan, 2025","By Operation Manager on 28 Jan, 2025"
"Potato Gnocchi - without gluten, Shufersal, 500 Gr.,Shufersal",0,"Potato Gnocchi - without gluten, Shufersal","Potato Gnocchi - with/ without gluten, Shufersal",de-cecco-gf-gnocchi.webp,N/A,500,Gr.,Shufersal,,#067,Shufersal,,"By SmartSuite Automation on 11 Nov, 2024","By Operation Manager on 28 Jan, 2025"
"protein caramel bar in milk ckocolat4*40 ,,  Gr.,",0,"protein caramel bar in milk ckocolat4*40 ,",,,N/A,,Gr.,,,#119,,,"By SmartSuite Automation on 12 Jan, 2025","By Udi Stryk on 23 Jan, 2025"
"Puff pastry - rolled 1 kg - Michail Arabatzis , 1 Kg.,Shufersal",0,Puff pastry - rolled 1 kg - Michail Arabatzis ,"Filo  and puff pastry, Shufersal",,N/A,1,Kg.,Shufersal,,#222,Shufersal,,"By Operation Manager on 19 Feb, 2025","By Operation Manager on 19 Feb, 2025"
"Red beans in Tetra Pak , 380 Gr.,Shufersal",0,Red beans in Tetra Pak ,"Legumes in Tetra Pak, Shufersal",convert.webp,N/A,380,Gr.,Shufersal,,#219,Shufersal,,"By Operation Manager on 19 Feb, 2025","By Operation Manager on 19 Feb, 2025"
"Red kidney beans , 380 Gr.,Shufersal",0,Red kidney beans ,"Legumes in Conerves, Shufersal",A2_Chilli-beans.png,N/A,380,Gr.,Shufersal,"Red beans in tomato sauce in a tin, 
net weight 280 grams",#014,Yachin,,"By Udi Stryk on 30 Oct, 2024","By Operation Manager on 28 Jan, 2025"
"Red Lentil and Organic Black Rice Snack-Harduf, 60 Gr.,Harduf - All Organics",0,Red Lentil and Organic Black Rice Snack-Harduf,"Organic Whole Rice and Legumes Snack, Harduf - All Organics",3c7f5f49504a2a2ee810f06e6b99fe32.jpg,Organic,60,Gr.,Harduf - All Organics,,#180,Harduf,https://www.anise-teva.co.il/items/6592096-%D7%97%D7%98%D7%99%D7%A3-%D7%A2%D7%93%D7%A9%D7%99%D7%9D-%D7%90%D7%93%D7%95%D7%9E%D7%95%D7%AA-%D7%95%D7%90%D7%95%D7%A8%D7%96-%D7%A9%D7%97%D7%95%D7%A8-%D7%90%D7%95%D7%A8%D7%92%D7%A0%D7%99-%D7%90%D7%95%D7%9C-%D7%90%D7%95%D7%A8%D7%92%D7%A0%D7%99,"By Success Management on 29 Jan, 2025","By Success Management on 29 Jan, 2025"
"Round Shaped crackers, 350 Gr.,Foodz",0,Round Shaped crackers,"Salty snacks - crackers , Foodz",-Nmz68hQdQOYcdjoHFO6.jpg,N/A,350,Gr.,Foodz,,#120,Cuetara/ Krit,https://www.comprice.co.il/Products/8434165466333,"By SmartSuite Automation on 16 Jan, 2025","By Udi Stryk on 28 Jan, 2025"
"SeaWeed  fried Snacks organic  , 40.5 Gr.,Ha'Sade organic",0,SeaWeed  fried Snacks organic  ,"SeaWeed Snacks, Ha'Sade organic",convert.jpg,N/A,40.5,Gr.,Ha'Sade organic,,#133, LAVERLAND CRUNCH,https://www.anise-teva.co.il/items/6591360-%D7%97%D7%98%D7%99%D7%A3-%D7%90%D7%A6%D7%95%D7%AA-%D7%99%D7%9D-%D7%A7%D7%9C%D7%95%D7%99%D7%95%D7%AA-%D7%A2%D7%9D-%D7%9E%D7%9C%D7%97-%D7%99%D7%9D-LAVERLAND-CRUNCH,"By Operation Manager on 26 Jan, 2025","By Operation Manager on 27 Jan, 2025"
"Serena dry ORGANIC BIO apples fruits, 200 Gr.,Shufersal",0,Serena dry ORGANIC BIO apples fruits,"Serena, organic dry fruits, Shufersal",thumb_393.jpg,Organic,200,Gr.,Shufersal,,#157,Serena,,"By Operation Manager on 28 Jan, 2025","By Operation Manager on 28 Jan, 2025"
"Serena dry ORGANIC prunes fruits , 200 Gr.,Shufersal",0,Serena dry ORGANIC prunes fruits ,"Serena, organic dry fruits, Shufersal",thumb_381.jpg,Organic,200,Gr.,Shufersal,,#113,Serena,,"By Success Management on 24 Dec, 2024","By Operation Manager on 28 Jan, 2025"
"Serena dry ORGANIC rgold sweet pittes cherries fruits , 200 Gr.,Shufersal",0,Serena dry ORGANIC rgold sweet pittes cherries fruits ,"Serena, organic dry fruits, Shufersal",thumb_344.jpg,Organic,200,Gr.,Shufersal,,#156,Serena,,"By Operation Manager on 28 Jan, 2025","By Operation Manager on 28 Jan, 2025"
"Serena dry ORGANIC rose-hips fruits , 200 Gr.,Shufersal",0,Serena dry ORGANIC rose-hips fruits ,"Serena, organic dry fruits, Shufersal",thumb_390.jpg,Organic,200,Gr.,Shufersal,,#155,Serena,,"By Operation Manager on 28 Jan, 2025","By Operation Manager on 28 Jan, 2025"
"sfogliette  with olives 180 gr, Shufersal,  Gr.,",0,"sfogliette  with olives 180 gr, Shufersal",,,N/A,,Gr.,,,#073,,,"By SmartSuite Automation on 11 Nov, 2024","By Udi Stryk on 11 Nov, 2024"
"sfogliette pizza 180 gr, Shufersal, 180 Gr.,Shufersal",0,"sfogliette pizza 180 gr, Shufersal","sfogliette salty snacks, 180 gr, Shufersal",convert.jpg,N/A,180,Gr.,Shufersal,,#069,,,"By SmartSuite Automation on 11 Nov, 2024","By Operation Manager on 28 Jan, 2025"
"SFOGLIETTE ROSEMARY, Shufersal,  Gr.,",0,"SFOGLIETTE ROSEMARY, Shufersal",,,N/A,,Gr.,,,#075,,,"By SmartSuite Automation on 11 Nov, 2024","By Udi Stryk on 11 Nov, 2024"
"sfogliette with olives 180 gr, Shufersal, 180 Gr.,Shufersal",0,"sfogliette with olives 180 gr, Shufersal","sfogliette salty snacks, 180 gr, Shufersal",convert.jpg,N/A,180,Gr.,Shufersal,,#162,,,"By Operation Manager on 28 Jan, 2025","By Operation Manager on 28 Jan, 2025"
"Sfornatini 140g, Shufersal,  Gr.,",0,"Sfornatini 140g, Shufersal",,,N/A,,Gr.,,,#077,,,"By SmartSuite Automation on 11 Nov, 2024","By Udi Stryk on 11 Nov, 2024"
"Simply Naked Pita Chips, Shufersal,  Gr.,Shufersal",0,"Simply Naked Pita Chips, Shufersal","Pita Chips & Grissini, Shufersal",Screen-Shot-2021-06-03-at-2.29.25-PM-199b831e208d4c8aa5e37fd21f0167b1.png,N/A,,Gr.,Shufersal,,#081,,,"By SmartSuite Automation on 11 Nov, 2024","By Operation Manager on 28 Jan, 2025"
"SPAGHETTI pasta taaman , 500 Gr.,",0,SPAGHETTI pasta taaman ,,אריזת פסטה LA DORIA2.jpg,N/A,500,Gr.,,,#182,Osem,,"By Operation Manager on 1 Feb, 2025","By Operation Manager on 1 Feb, 2025"
"SPONGE CAKE- MIX MILK , 350 Gr.,Yochananof",0,SPONGE CAKE- MIX MILK ,"SPONGE CAKE, Yochananof",,N/A,350,Gr.,Yochananof,,#217,,,"By Operation Manager on 19 Feb, 2025","By Operation Manager on 19 Feb, 2025"
"SPONGE CAKE-MixMax , 350 Gr.,Yochananof",0,SPONGE CAKE-MixMax ,"SPONGE CAKE, Yochananof",,N/A,350,Gr.,Yochananof,,#216,,,"By Operation Manager on 19 Feb, 2025","By Operation Manager on 19 Feb, 2025"
"striped beetroot & white potato chips 85gr,, 85 Gr.,Shufersal",0,"striped beetroot & white potato chips 85gr,","Vegetable chips 85gr, Shufersal",terra-chips-sweets-and-beets.jpg,N/A,85,Gr.,Shufersal,,#108,Terra,,"By Udi Stryk on 11 Nov, 2024","By Operation Manager on 28 Jan, 2025"
"striped beetroot&white  potato chips 85gr, Shufersal,  Gr.,",0,"striped beetroot&white  potato chips 85gr, Shufersal",,,N/A,,Gr.,,,#090,,,"By SmartSuite Automation on 11 Nov, 2024","By Udi Stryk on 11 Nov, 2024"
"striped beetroot&white  potato chips 85gr, Shufersal,  Gr.,",0,"striped beetroot&white  potato chips 85gr, Shufersal",,,N/A,,Gr.,,,#104,,,"By SmartSuite Automation on 11 Nov, 2024","By Udi Stryk on 11 Nov, 2024"
"Sultanas Organic 250 g, Shufersal, 250 Gr.,Shufersal",0,"Sultanas Organic 250 g, Shufersal","Sultanas Organic 250 and 500  gr., Shufersal",Sultanas-Organic-500g.jpg,N/A,250,Gr.,Shufersal,,#082,,,"By SmartSuite Automation on 11 Nov, 2024","By Operation Manager on 28 Jan, 2025"
"sunflower oil in 5-liter PET bottles., 5 lit.,ProPlus",0,sunflower oil in 5-liter PET bottles.,"sunflower oil in 5-liter PET bottles., ProPlus",,N/A,5,lit.,ProPlus,,#194,,,"By Success Management on 11 Feb, 2025","By Success Management on 11 Feb, 2025"
"Sweet potato chips 1 kg, 1 Kg.,Dor Alon",0,Sweet potato chips 1 kg,"Frozen French fries, Dor Alon",convert.jpg,N/A,1,Kg.,Dor Alon,,#132,Golden chips,https://www.comprice.co.il/Products/7290012245275,"By Operation Manager on 26 Jan, 2025","By Operation Manager on 26 Jan, 2025"
"Sweetcorn supersweet kernel no cutting size- Ardo  , 0.6 Gr.,Harduf - All Organics",0,Sweetcorn supersweet kernel no cutting size- Ardo  ,"Organic Frozen vegetables, Harduf - All Organics",,Organic,0.6,Gr.,Harduf - All Organics,,#202,,,"By Operation Manager on 17 Feb, 2025","By Operation Manager on 2 Mar, 2025"
"Taralli (250g) – Flavors: Olives, Onion & Olives, Fennel Seeds, 250 Gr.,Leiman Schlussel Ltd",0,"Taralli (250g) – Flavors: Olives, Onion & Olives, Fennel Seeds","cracker 180 G , Leiman Schlussel Ltd",,N/A,250,Gr.,Leiman Schlussel Ltd,,#238,,,"By Operation Manager on 3 Mar, 2025","By Operation Manager on 3 Mar, 2025"
"Test Request Dec 5,,  Gr.,",0,"Test Request Dec 5,",,,N/A,,Gr.,,,#112,,,"By SmartSuite Automation on 5 Dec, 2024","By SmartSuite Automation on 5 Dec, 2024"
"Tofette Pasta, 500 Gr.,L&R Global",0,Tofette Pasta,"Pasta 500 g L&R Global, L&R Global",,N/A,500,Gr.,L&R Global,,#233,Osem,,"By Operation Manager on 27 Feb, 2025","By Operation Manager on 27 Feb, 2025"
"Tomato & Basil PastaPasta Sauces, 350 gr., Shufersal, 350 Gr.,Shufersal",0,"Tomato & Basil PastaPasta Sauces, 350 gr., Shufersal","Tomato Pasta Sauces, 350 gr., Shufersal",14019196-2635176092071895.jpg,No- Sugar added,350,Gr.,Shufersal,,#032,HENIZ,,"By SmartSuite Automation on 11 Nov, 2024","By Operation Manager on 27 Jan, 2025"
"Tomato & Chilli Pasta Sauces, 350 Gr.,Shufersal",0, Tomato & Chilli Pasta Sauces,"Tomato Pasta Sauces, 350 gr., Shufersal",March162201_x700.jpg,No- Sugar added,350,Gr.,Shufersal,,#144,HENIZ,,"By Operation Manager on 27 Jan, 2025","By Operation Manager on 27 Jan, 2025"
"Tomato & Mediterranean Veg Pasta Sauces, 350 Gr.,Shufersal",0,Tomato & Mediterranean Veg Pasta Sauces,"Tomato Pasta Sauces, 350 gr., Shufersal",March162204_x700.jpg,No- Sugar added,350,Gr.,Shufersal,,#145,HENIZ,,"By Operation Manager on 27 Jan, 2025","By Operation Manager on 27 Jan, 2025"
"Tomato cubes – 2.5 kg, 2.5 Kg.,Shufersal",0, Tomato cubes – 2.5 kg,"Tomato product La doria, Shufersal",,N/A,2.5,Kg.,Shufersal,,#253,,,"By Operation Manager on 24 Mar, 2025","By Operation Manager on 24 Mar, 2025"
"Tomato Pasta Sauce Amatriciana 400 G,Taaman , 400 Gr.,Ta'aman",0,"Tomato Pasta Sauce Amatriciana 400 G,Taaman ","Pasta Sauces Ta'aman, Ta'aman",,N/A,400,Gr.,Ta'aman,,#187,,,"By Operation Manager on 1 Feb, 2025","By Operation Manager on 1 Feb, 2025"
"Tomato Pasta Sauce Arrabbiata 400 G,Taaman , 400 Gr.,Ta'aman",0,"Tomato Pasta Sauce Arrabbiata 400 G,Taaman ","Pasta Sauces Ta'aman, Ta'aman",,N/A,400,Gr.,Ta'aman,,#185,,,"By Operation Manager on 1 Feb, 2025","By Operation Manager on 1 Feb, 2025"
"TOMATO PASTA SAUCE BASE FOR  BOLOGNSE, Shufersal,  Gr.,",0,"TOMATO PASTA SAUCE BASE FOR  BOLOGNSE, Shufersal",,,N/A,,Gr.,,,#079,,,"By SmartSuite Automation on 11 Nov, 2024","By Udi Stryk on 11 Nov, 2024"
"TOMATO PASTA SAUCE BASE FOR BOLOGNSE - La Doria, 400 Gr.,Shufersal",0,TOMATO PASTA SAUCE BASE FOR BOLOGNSE - La Doria,"Tomato based Paste sauces, 350 gr, Shufersal",8076809513654.jpg,N/A,400,Gr.,Shufersal,,#165,barilla,https://www.pricez.co.il/Product/59846/%D7%A8%D7%95%D7%98%D7%91-%D7%91%D7%A1%D7%99%D7%A1-%D7%91%D7%95%D7%9C%D7%95%D7%A0%D7%96-%D7%91%D7%A8%D7%99%D7%9C%D7%94-400-%D7%92%D7%A8%D7%9D,"By Operation Manager on 28 Jan, 2025","By Success Management on 28 Jan, 2025"
"Tomato Pasta Sauce Basil 400 G,Taaman , 400 Gr.,Ta'aman",0,"Tomato Pasta Sauce Basil 400 G,Taaman ","Pasta Sauces Ta'aman, Ta'aman",,N/A,400,Gr.,Ta'aman,,#184,,,"By Operation Manager on 1 Feb, 2025","By Operation Manager on 1 Feb, 2025"
"TOMATO PASTA SAUCE GARLIC 350 GR., 350 Gr.,",0,TOMATO PASTA SAUCE GARLIC 350 GR.,,,N/A,350,Gr.,,,#265,Osem,https://www.pricez.co.il/Product/249205/%D7%A8%D7%95%D7%98%D7%91-%D7%A2%D7%92%D7%91%D7%A0%D7%99%D7%95%D7%AA-%D7%A7%D7%9C%D7%90%D7%A1%D7%99-%D7%9C%D7%91%D7%99%D7%A9%D7%95%D7%9C-%D7%95%D7%9C%D7%A4%D7%A1%D7%98%D7%94-%D7%A4%D7%A8%D7%A4%D7%A7%D7%98%D7%95-400-%D7%92%D7%A8%D7%9D,"By Operation Manager on 24 Apr, 2025","By Operation Manager on 24 Apr, 2025"
"Tomato Pasta Sauce Napoletana 400 G,Taaman , 400 Gr.,Ta'aman",0,"Tomato Pasta Sauce Napoletana 400 G,Taaman ","Pasta Sauces Ta'aman, Ta'aman",,N/A,400,Gr.,Ta'aman,,#186,,,"By Operation Manager on 1 Feb, 2025","By Operation Manager on 1 Feb, 2025"
"TOMATO PASTA SAUCE WITH  BASILICO 350 G, Shufersal,  Gr.,",0,"TOMATO PASTA SAUCE WITH  BASILICO 350 G, Shufersal",,,N/A,,Gr.,,,#068,,,"By SmartSuite Automation on 11 Nov, 2024","By Udi Stryk on 11 Nov, 2024"
"TOMATO PASTA SAUCE WITH BASILICO 350 G - La Doria, 400 Gr.,Shufersal",0,TOMATO PASTA SAUCE WITH BASILICO 350 G - La Doria,"Tomato based Paste sauces, 350 gr, Shufersal",8076809513739.jpg,N/A,400,Gr.,Shufersal,,#166,barilla,https://www.pricez.co.il/Product/59848/%D7%A8%D7%95%D7%98%D7%91-%D7%A2%D7%92%D7%91%D7%A0%D7%99%D7%95%D7%AA-%D7%9C%D7%A4%D7%A1%D7%98%D7%94-%D7%91%D7%96%D7%99%D7%9C%D7%99%D7%A7%D7%95%D7%9D-%D7%91%D7%A8%D7%99%D7%9C%D7%94-400-%D7%92%D7%A8%D7%9D,"By Operation Manager on 28 Jan, 2025","By Success Management on 28 Jan, 2025"
"tomato paste , 100 Gr.,Harduf - All Organics",0,tomato paste ,"Organic Whole Peeled and Chopped Tomatoes, Harduf - All Organics",7290017325477 (2).jpg,Organic,100,Gr.,Harduf - All Organics,,#245,,,"By Operation Manager on 13 Mar, 2025","By Operation Manager on 13 Mar, 2025"
"Tomato Sauce For Bolognese Pasta, 350 Gr.,Shufersal",0,Tomato Sauce For Bolognese Pasta,"Tomato Pasta Sauces, 350 gr., Shufersal",19df51d5-bd2f-41f0-b611-f530ba4faa41_1295142281.jpg,No- Sugar added,350,Gr.,Shufersal,,#143,HENIZ,,"By Operation Manager on 27 Jan, 2025","By Operation Manager on 27 Jan, 2025"
"Vegetable chips 85gr Taáman- Sweet &beets, 85 Gr.,",0,Vegetable chips 85gr Taáman- Sweet &beets,,terra-chips-sweets-and-beets.jpg,N/A,85,Gr.,,,#196,Terra,,"By Operation Manager on 11 Feb, 2025","By Operation Manager on 24 Feb, 2025"
"Vienna Lentils,  Gr.,Foodz",0,Vienna Lentils,"Chooclate and Candy of Carletti, Foodz",,N/A,,Gr.,Foodz,,#251,,,"By Operation Manager on 13 Mar, 2025","By Operation Manager on 13 Mar, 2025"
"Viennese sand rings, sugar-free, 200 Gr.,Leiman Schlussel Ltd",0,"Viennese sand rings, sugar-free","Cookies COOPERNATH, Leiman Schlussel Ltd",download (4).jpg,N/A,200,Gr.,Leiman Schlussel Ltd,,#214,,,"By Operation Manager on 18 Feb, 2025","By Operation Manager on 18 Feb, 2025"
"wafer cubes chocolate 250 gr, 250 Gr.,Shufersal",0,wafer cubes chocolate 250 gr,"wafer cubes, balconi, Shufersal",convert.jpg,N/A,250,Gr.,Shufersal,,#099,,,"By SmartSuite Automation on 11 Nov, 2024","By Operation Manager on 31 Dec, 2024"
"wafer cubes Cocoa, balconi, Yochananof, 250 Gr.,Yochananof",0," wafer cubes Cocoa, balconi, Yochananof","wafer cubes, balconi, Yochananof",convert.jpg,N/A,250,Gr.,Yochananof,,#115,balconi,,"By SmartSuite Automation on 31 Dec, 2024","By Operation Manager on 28 Jan, 2025"
"wafer cubes Dark, balconi, Yochananof , 250 Gr.,Yochananof",0,"  wafer cubes Dark, balconi, Yochananof ","wafer cubes, balconi, Yochananof",bba3c15e-fa4b-4967-af5b-89daf3537527-thumbnail-540x540-70.jpg,N/A,250,Gr.,Yochananof,,#160,balconi,,"By Operation Manager on 28 Jan, 2025","By Operation Manager on 28 Jan, 2025"
"wafer cubes Hazelnut, balconi, Yochananof   , 250 Gr.,Yochananof",0," wafer cubes Hazelnut, balconi, Yochananof   ","wafer cubes, balconi, Yochananof",nocciola.png,N/A,250,Gr.,Yochananof,,#158,balconi,,"By Operation Manager on 28 Jan, 2025","By Operation Manager on 28 Jan, 2025"
"wafer cubes Vanilla, balconi, Yochananof  , 250 Gr.,Yochananof",0,"wafer cubes Vanilla, balconi, Yochananof  ","wafer cubes, balconi, Yochananof",GFM-101982_1000x.jpg,N/A,250,Gr.,Yochananof,,#159,balconi,,"By Operation Manager on 28 Jan, 2025","By Operation Manager on 28 Jan, 2025"
"wafer cubes, Hazelnuts, 250 gr, 250 Gr.,Shufersal",0,"wafer cubes, Hazelnuts, 250 gr","wafer cubes, balconi, Shufersal",convert.jpg,N/A,250,Gr.,Shufersal,,#100,,,"By SmartSuite Automation on 11 Nov, 2024","By Udi Stryk on 27 Jan, 2025"
"Wafers 250g cacao, 250 Gr.,Shufersal",0,Wafers 250g cacao,"Wafers 250g , Shufersal",TBP68_L_P_7296073644668_1.png,N/A,250,Gr.,Shufersal,,#040,,,"By SmartSuite Automation on 11 Nov, 2024","By Operation Manager on 27 Jan, 2025"
"Wafers 250g Vanilla, 250 Gr.,Shufersal",0,Wafers 250g Vanilla,"Wafers 250g , Shufersal",,N/A,250,Gr.,Shufersal,,#034,,,"By SmartSuite Automation on 11 Nov, 2024","By Udi Stryk on 13 Nov, 2024"
"Wafers 250g, Hazelnut, 250 Gr.,Shufersal",0,"Wafers 250g, Hazelnut","Wafers 250g , Shufersal",TCD64_L_P_7296073644682_1.png,N/A,250,Gr.,Shufersal,,#045,,,"By SmartSuite Automation on 11 Nov, 2024","By Operation Manager on 27 Jan, 2025"
"Wafers 250g, Lemon , Gr.,Shufersal, 250 Gr.,Shufersal",0,"Wafers 250g, Lemon , Gr.,Shufersal","Wafers 250g , Shufersal",TBW66_L_P_7296073644675_1.png,N/A,250,Gr.,Shufersal,,#139,,,"By Operation Manager on 27 Jan, 2025","By Operation Manager on 27 Jan, 2025"
"Wasabi flavored seaweed snack, 40 Gr.,Ha'Sade organic",0,Wasabi flavored seaweed snack,"SeaWeed Snacks, Ha'Sade organic",V747307_24112021155156.jpg,N/A,40,Gr.,Ha'Sade organic,,#134, LAVERLAND CRUNCH,https://www.hamezaveh.co.il/%D7%97%D7%98%D7%99%D7%A3-%D7%90%D7%A6%D7%95%D7%AA-%D7%99%D7%9D-%D7%A7%D7%9C%D7%95%D7%99%D7%95%D7%AA-%D7%91%D7%98%D7%A2%D7%9D-%D7%95%D7%95%D7%90%D7%A1%D7%91%D7%99-item2130,"By Operation Manager on 26 Jan, 2025","By Operation Manager on 27 Jan, 2025"
"White beans IN Tetra Pak, 380 Gr.,Shufersal",0, White beans IN Tetra Pak,"Legumes in Tetra Pak, Shufersal",7296073497219.jpg,N/A,380,Gr.,Shufersal,,#218,Shufersal,,"By Operation Manager on 19 Feb, 2025","By Operation Manager on 19 Feb, 2025"
"Whole & peeled tomatoes – 2.5 kg, 2.5 Kg.,Shufersal",0,Whole & peeled tomatoes – 2.5 kg,"Tomato product La doria, Shufersal",,N/A,2.5,Kg.,Shufersal,,#254,,,"By Operation Manager on 24 Mar, 2025","By Operation Manager on 24 Mar, 2025"
"whole blanch fine no cutting size 4x2,5kg, 5 Kg.,Achim Cohen",0,"whole blanch fine no cutting size 4x2,5kg","Frozen vegtable Achim Cohen , Achim Cohen",,N/A,5,Kg.,Achim Cohen,,#227,,,"By Operation Manager on 20 Feb, 2025","By Operation Manager on 20 Feb, 2025"
"whole green beans Frozen Vegetables , 600 Gr.,Shufersal",0,whole green beans Frozen Vegetables ,"Frozen Vegetables, Shufersal",YBD22_L_P_104836_1.png,N/A,600,Gr.,Shufersal,,#175,Sanfrost,https://noyhasade.co.il/product/%D7%A9%D7%A2%D7%95%D7%A2%D7%99%D7%AA-%D7%99%D7%A8%D7%95%D7%A7%D7%94-%D7%A2%D7%93%D7%99%D7%A0%D7%94-%D7%A9%D7%9C%D7%9E%D7%94-%D7%9E%D7%95%D7%A7%D7%A4%D7%90%D7%AA-%D7%A1%D7%A0%D7%A4%D7%A8%D7%95%D7%A1/?srsltid=AfmBOopJz1BfVh_GkshvsMJLyoiDtiwEyIIvYV2erE4PzRjiKky6Upv2moo,"By Success Management on 29 Jan, 2025","By Success Management on 29 Jan, 2025"
"Whole peeled tomatoes, 800 Gr.,Shufersal",0, Whole peeled tomatoes,"Tomato products, Shufersal",small (1).jpg,N/A,800,Gr.,Shufersal,,#007,Yachin,"https://www.google.com/shopping/product/16731456886816492093?q=%D7%A2%D7%92%D7%91%D7%A0%D7%99%D7%95%D7%AA+%D7%A9%D7%9C%D7%9E%D7%95%D7%AA+%D7%A7%D7%9C%D7%95%D7%A4%D7%95%D7%AA+%D7%99%D7%9B%D7%99%D7%9F&prds=epd:52487401675680939,eto:52487401675680939_0,pid:9992419367058571920&sa=X&ved=0ahUKEwi0lKX8r5qLAxU3VPEDHeSCN-EQ9pwGCAc","By Udi Stryk on 30 Oct, 2024","By Success Management on 29 Jan, 2025"
"Whole rice and pea crisp snack - Harduf, 60 Gr.,Harduf - All Organics",0,Whole rice and pea crisp snack - Harduf,"Organic Whole Rice and Legumes Snack, Harduf - All Organics",F22256_2762023142357.png,Organic,60,Gr.,Harduf - All Organics,,#181,Harduf,https://www.nizat.com/%D7%97%D7%98%D7%99%D7%A3-%D7%90%D7%95%D7%A8%D7%96-%D7%9E%D7%9C%D7%90-%D7%95%D7%90%D7%A4%D7%95%D7%A0%D7%94-%D7%90%D7%95%D7%A8%D7%92%D7%A0%D7%99-%D7%9C%D7%9C%D7%90-%D7%92%D7%9C%D7%95%D7%98%D7%9F-60-%D7%92%D7%A8%D7%9D-%D7%91%D7%99%D7%A0%D7%92-%D7%94%D7%A8%D7%93%D7%95%D7%A3-i24960,"By Success Management on 29 Jan, 2025","By Success Management on 29 Jan, 2025"
"wokmix - Ardo  30% Organic broccoli, 20% Organic carrot strips, 20% Organic yellow carrot strips, 12% Organic green beans, 9% Organic onions diced, 9% Organic red pepper diced, 0.6 Gr.,Harduf - All Organics",0," wokmix - Ardo  30% Organic broccoli, 20% Organic carrot strips, 20% Organic yellow carrot strips, 12% Organic green beans, 9% Organic onions diced, 9% Organic red pepper diced","Organic Frozen vegetables, Harduf - All Organics",,Organic,0.6,Gr.,Harduf - All Organics,,#203,,,"By Operation Manager on 17 Feb, 2025","By Operation Manager on 2 Mar, 2025"
