Title,Open Comments,Request,Benchmark product image.s,Buyer,Existing Suppliers,Sourced Supplier (Existing),D.B/ New Suppliers,Sourcing Status,Auto Number,First Created,"ID",Last Updated
Untitled Record,0,,,,https://app.smartsuite.com/sp84t6z8/solution/65952d1c3e4152bbaf163c08/66e7296edae289de2ddecd4c/66e7296fdae289de2ddf0cde,"Chocolitaly , Italy",https://app.smartsuite.com/sp84t6z8/solution/6519992e8739156f55eca561/66ebde3628884d1117bc3236/66ebde3728884d1117bc6968,New,#026,"By Udi Stryk on 22 Jan, 2025",,"By Operation Manager on 18 Feb, 2025"
"1 L & 5L Sunflower oil, Shufersal",0,"1 L & 5L Sunflower oil, Shufersal","sunflower oil.jpg | 61SSPQgEVZL._AC_UF894,1000_QL80_.jpg",Shufersal,https://app.smartsuite.com/sp84t6z8/solution/65952d1c3e4152bbaf163c08/66e7296edae289de2ddecd4c/66e7296fdae289de2ddf0cde,,https://app.smartsuite.com/sp84t6z8/solution/6519992e8739156f55eca561/66ebde3628884d1117bc3236/66ebde3728884d1117bc6968,In process,#027,"By Udi Stryk on 22 Jan, 2025",002241,"By Udi Stryk on 25 Feb, 2025"
"750 ml. Olive oil to H. Cohen (Yesh P.L), H. Cohen Import Marketing & Logistics Ltd",0,"750 ml. Olive oil to H. Cohen (Yesh P.L), H. Cohen Import Marketing & Logistics Ltd",7296073661801.jpg,H. Cohen Import Marketing & Logistics Ltd,https://app.smartsuite.com/sp84t6z8/solution/65952d1c3e4152bbaf163c08/66e7296edae289de2ddecd4c/66e7296fdae289de2ddf0cde,"Poyraz, Turkey",https://app.smartsuite.com/sp84t6z8/solution/6519992e8739156f55eca561/66ebde3628884d1117bc3236/66ebde3728884d1117bc6968,New,#007,"By Udi Stryk on 22 Jan, 2025",002269,"By Udi Stryk on 29 Jan, 2025"
"750/ 500 ml. Olive oil - mueloliva- Dor alon, Dor Alon",0,"750/ 500 ml. Olive oil - mueloliva- Dor alon, Dor Alon",7290003427154.jpg,Dor Alon,https://app.smartsuite.com/sp84t6z8/solution/65952d1c3e4152bbaf163c08/66e7296edae289de2ddecd4c/66e7296fdae289de2ddf0cde,"Mueloliva , Spain",https://app.smartsuite.com/sp84t6z8/solution/6519992e8739156f55eca561/66ebde3628884d1117bc3236/66ebde3728884d1117bc6968,New,#004,"By Udi Stryk on 22 Jan, 2025",002279,"By Udi Stryk on 29 Jan, 2025"
"750ML EXTRA VIRGIN OLIVE OIL, Marav Mazonkol (Osher Ad)",0,"750ML EXTRA VIRGIN OLIVE OIL, Marav Mazonkol (Osher Ad)",convert.jpg,Marav Mazonkol (Osher Ad),https://app.smartsuite.com/sp84t6z8/solution/65952d1c3e4152bbaf163c08/66e7296edae289de2ddecd4c/66e7296fdae289de2ddf0cde,"Poyraz, Turkey",https://app.smartsuite.com/sp84t6z8/solution/6519992e8739156f55eca561/66ebde3628884d1117bc3236/66ebde3728884d1117bc6968,New,#015,"By Udi Stryk on 22 Jan, 2025",002206,"By Udi Stryk on 29 Jan, 2025"
"Chocolate Spread, Ta'aman",0,"Chocolate Spread, Ta'aman",download.jpg | %D7%A9%D7%95%D7%A7%D7%95%D7%9C%D7%93-%D7%94%D7%A9%D7%97%D7%A8.png,Ta'aman,https://app.smartsuite.com/sp84t6z8/solution/65952d1c3e4152bbaf163c08/66e7296edae289de2ddecd4c/66e7296fdae289de2ddf0cde,,https://app.smartsuite.com/sp84t6z8/solution/6519992e8739156f55eca561/66ebde3628884d1117bc3236/66ebde3728884d1117bc6968,New,#113,"By Operation Manager on 9 Feb, 2025",002291,"By Operation Manager on 9 Feb, 2025"
"Chocolate Tablets, 100Gr. Sugar-Free, Shufersal",0,"Chocolate Tablets, 100Gr. Sugar-Free, Shufersal",1CH2757.jpg | guylian-no-sugar-added-belgian-milk-chocolate-100g-240-p.png,Shufersal,https://app.smartsuite.com/sp84t6z8/solution/65952d1c3e4152bbaf163c08/66e7296edae289de2ddecd4c/66e7296fdae289de2ddf0cde,,https://app.smartsuite.com/sp84t6z8/solution/6519992e8739156f55eca561/66ebde3628884d1117bc3236/66ebde3728884d1117bc6968,New,#040,"By Udi Stryk on 22 Jan, 2025",002202,"By Udi Stryk on 26 Jan, 2025"
"Chooclate pretzel , Ta'aman",0,"Chooclate pretzel , Ta'aman",12532257_7290118420217_1_Enlarge.jpg,Ta'aman,https://app.smartsuite.com/sp84t6z8/solution/65952d1c3e4152bbaf163c08/66e7296edae289de2ddecd4c/66e7296fdae289de2ddf0cde,,https://app.smartsuite.com/sp84t6z8/solution/6519992e8739156f55eca561/66ebde3628884d1117bc3236/66ebde3728884d1117bc6968,New,#139,"By Operation Manager on 12 Feb, 2025",002299,"By Operation Manager on 12 Feb, 2025"
"Cookies from Vicenzi, Shufersal",0,"Cookies from Vicenzi, Shufersal",BISCUITSGRISBYWITHHAZELNUTS150g.jpg | grisbi-coconut-300x300.jpg | e3dc19f7b499c728feb4502dec585a7c_large.webp,Shufersal,https://app.smartsuite.com/sp84t6z8/solution/65952d1c3e4152bbaf163c08/66e7296edae289de2ddecd4c/66e7296fdae289de2ddf0cde,,https://app.smartsuite.com/sp84t6z8/solution/6519992e8739156f55eca561/66ebde3628884d1117bc3236/66ebde3728884d1117bc6968,New,#041,"By Udi Stryk on 22 Jan, 2025",002199,"By Udi Stryk on 26 Jan, 2025"
"CORNFLAKES SHUFERSAL 750 GR., Shufersal",0,"CORNFLAKES SHUFERSAL 750 GR., Shufersal",convert.jpg,Shufersal,https://app.smartsuite.com/sp84t6z8/solution/65952d1c3e4152bbaf163c08/66e7296edae289de2ddecd4c/66e7296fdae289de2ddf0cde,,https://app.smartsuite.com/sp84t6z8/solution/6519992e8739156f55eca561/66ebde3628884d1117bc3236/66ebde3728884d1117bc6968,New,#042,"By Udi Stryk on 22 Jan, 2025",002198,"By Udi Stryk on 26 Jan, 2025"
"Crispy Triangles snack Ta'aman, Ta'aman",0,"Crispy Triangles snack Ta'aman, Ta'aman",image006.jpg | 7290110577599-%D7%9E%D7%A9%D7%95%D7%9C%D7%A9%D7%95%D7%AA-%D7%91%D7%A6%D7%9C-%D7%9E%D7%A7%D7%95%D7%A8%D7%9E%D7%9C-%D7%99%D7%9E%D7%95%D7%AA-%D7%94%D7%A9%D7%A0%D7%94.jpg | 1000086010.png,Ta'aman,https://app.smartsuite.com/sp84t6z8/solution/65952d1c3e4152bbaf163c08/66e7296edae289de2ddecd4c/66e7296fdae289de2ddf0cde,,https://app.smartsuite.com/sp84t6z8/solution/6519992e8739156f55eca561/66ebde3628884d1117bc3236/66ebde3728884d1117bc6968,New,#140,"By Operation Manager on 12 Feb, 2025",002298,"By Operation Manager on 12 Feb, 2025"
"double cookey gluten free, Shufersal",0,"double cookey gluten free, Shufersal","61qVfNWfjkL._AC_UF894,1000_QL80_.jpg | 4006952005779.jpg | 61JFWeiEoZL.jpg",Shufersal,https://app.smartsuite.com/sp84t6z8/solution/65952d1c3e4152bbaf163c08/66e7296edae289de2ddecd4c/66e7296fdae289de2ddf0cde,,https://app.smartsuite.com/sp84t6z8/solution/6519992e8739156f55eca561/66ebde3628884d1117bc3236/66ebde3728884d1117bc6968,New,#044,"By Udi Stryk on 22 Jan, 2025",002192,"By Udi Stryk on 26 Jan, 2025"
"Dutch Butter Cookies, Shufersal",0,"Dutch Butter Cookies, Shufersal","61CDhHDYb8L._AC_UF894,1000_QL80_.jpg",Shufersal,https://app.smartsuite.com/sp84t6z8/solution/65952d1c3e4152bbaf163c08/66e7296edae289de2ddecd4c/66e7296fdae289de2ddf0cde,,https://app.smartsuite.com/sp84t6z8/solution/6519992e8739156f55eca561/66ebde3628884d1117bc3236/66ebde3728884d1117bc6968,New,#039,"By Udi Stryk on 22 Jan, 2025",002205,"By Udi Stryk on 26 Jan, 2025"
"EXTRA VIRGIN OLIVE OIL 750 & 500 ML, Shufersal",0,"EXTRA VIRGIN OLIVE OIL 750 & 500 ML, Shufersal",6b76c5a9f3f353315fbff6103de7d713.jpg,Shufersal,https://app.smartsuite.com/sp84t6z8/solution/65952d1c3e4152bbaf163c08/66e7296edae289de2ddecd4c/66e7296fdae289de2ddf0cde,,https://app.smartsuite.com/sp84t6z8/solution/6519992e8739156f55eca561/66ebde3628884d1117bc3236/66ebde3728884d1117bc6968,New,#023,"By Udi Stryk on 22 Jan, 2025",002259,"By Udi Stryk on 26 Jan, 2025"
"Finely Chopped Tomatoes 3x400, Shufersal",0,"Finely Chopped Tomatoes 3x400, Shufersal",8005110170300_19072021143237_large.jpg,Shufersal,https://app.smartsuite.com/sp84t6z8/solution/65952d1c3e4152bbaf163c08/66e7296edae289de2ddecd4c/66e7296fdae289de2ddf0cde,,https://app.smartsuite.com/sp84t6z8/solution/6519992e8739156f55eca561/66ebde3628884d1117bc3236/66ebde3728884d1117bc6968,New,#034,"By Udi Stryk on 22 Jan, 2025",002219,"By Udi Stryk on 26 Jan, 2025"
"Finely chopped tomatoes crop 2022, ProPlus",0,"Finely chopped tomatoes crop 2022, ProPlus",convert.jpg,ProPlus,https://app.smartsuite.com/sp84t6z8/solution/65952d1c3e4152bbaf163c08/66e7296edae289de2ddecd4c/66e7296fdae289de2ddf0cde,"La Doria, Italy",https://app.smartsuite.com/sp84t6z8/solution/6519992e8739156f55eca561/66ebde3628884d1117bc3236/66ebde3728884d1117bc6968,New,#016,"By Udi Stryk on 22 Jan, 2025",002250,"By Udi Stryk on 29 Jan, 2025"
"Frozen French fries, Dor Alon",0,"Frozen French fries, Dor Alon",e9b2bb9f628c0ffd200b704622b61949.jpg | %D7%A6%D7%99%D7%A4%D7%A1-%D7%90%D7%9E%D7%A8%D7%99%D7%A7%D7%90%D7%99-768x512.jpg | %D7%A6%D7%99%D7%A4%D7%A1-%D7%A1%D7%98%D7%99%D7%99%D7%A7.jpg | convert.jpg | convert.jpg,Dor Alon,https://app.smartsuite.com/sp84t6z8/solution/65952d1c3e4152bbaf163c08/66e7296edae289de2ddecd4c/66e7296fdae289de2ddf0cde,,https://app.smartsuite.com/sp84t6z8/solution/6519992e8739156f55eca561/66ebde3628884d1117bc3236/66ebde3728884d1117bc6968,New,#005,"By Udi Stryk on 22 Jan, 2025",002267,"By Udi Stryk on 16 Feb, 2025"
"Frozen french- fries, proplus, ProPlus",0,"Frozen french- fries, proplus, ProPlus",,ProPlus,https://app.smartsuite.com/sp84t6z8/solution/65952d1c3e4152bbaf163c08/66e7296edae289de2ddecd4c/66e7296fdae289de2ddf0cde,"Bergia frites, Netherlands",https://app.smartsuite.com/sp84t6z8/solution/6519992e8739156f55eca561/66ebde3628884d1117bc3236/66ebde3728884d1117bc6968,New,#101,"By Operation Manager on 6 Feb, 2025",002296,"By Operation Manager on 6 Feb, 2025"
"Frozen Vegetables, Shufersal",0,"Frozen Vegetables, Shufersal",convert.jpg | YBD22_L_P_104836_1.png | 7290000104676.jpg | %D7%97%D7%95%D7%9E%D7%95%D7%A1.png,Shufersal,https://app.smartsuite.com/sp84t6z8/solution/65952d1c3e4152bbaf163c08/66e7296edae289de2ddecd4c/66e7296fdae289de2ddf0cde,,https://app.smartsuite.com/sp84t6z8/solution/6519992e8739156f55eca561/66ebde3628884d1117bc3236/66ebde3728884d1117bc6968,New,#035,"By Udi Stryk on 22 Jan, 2025",002216,"By Udi Stryk on 26 Jan, 2025"
"ice cream in cones like Nestle's gumi-gam, Leiman Schlussel Ltd",0,"ice cream in cones like Nestle's gumi-gam, Leiman Schlussel Ltd",convert.jpg,Leiman Schlussel Ltd,https://app.smartsuite.com/sp84t6z8/solution/65952d1c3e4152bbaf163c08/66e7296edae289de2ddecd4c/66e7296fdae289de2ddf0cde,,https://app.smartsuite.com/sp84t6z8/solution/6519992e8739156f55eca561/66ebde3628884d1117bc3236/66ebde3728884d1117bc6968,In process,#013,"By Udi Stryk on 22 Jan, 2025",002271,"By Operation Manager on 6 Feb, 2025"
"ice cream in cones like Nestle's gumi-gam, Leiman Schlussel Ltd",0,"ice cream in cones like Nestle's gumi-gam, Leiman Schlussel Ltd",convert.jpg,Leiman Schlussel Ltd,https://app.smartsuite.com/sp84t6z8/solution/65952d1c3e4152bbaf163c08/66e7296edae289de2ddecd4c/66e7296fdae289de2ddf0cde,,https://app.smartsuite.com/sp84t6z8/solution/6519992e8739156f55eca561/66ebde3628884d1117bc3236/66ebde3728884d1117bc6968,New,#086,"By SmartSuite Automation on 6 Feb, 2025",002271,"By SmartSuite Automation on 6 Feb, 2025"
"ice cream in cones like Nestle's gumi-gam, Leiman Schlussel Ltd",0,"ice cream in cones like Nestle's gumi-gam, Leiman Schlussel Ltd",convert.jpg,Leiman Schlussel Ltd,https://app.smartsuite.com/sp84t6z8/solution/65952d1c3e4152bbaf163c08/66e7296edae289de2ddecd4c/66e7296fdae289de2ddf0cde,,https://app.smartsuite.com/sp84t6z8/solution/6519992e8739156f55eca561/66ebde3628884d1117bc3236/66ebde3728884d1117bc6968,New,#087,"By SmartSuite Automation on 6 Feb, 2025",002271,"By SmartSuite Automation on 6 Feb, 2025"
"Legumes in Conerves, Shufersal",0,"Legumes in Conerves, Shufersal",7290000208428.jpg | A2_Chilli-beans.png | convert.jpg | A2_Tomato-beans_7290018989081.png,Shufersal,https://app.smartsuite.com/sp84t6z8/solution/65952d1c3e4152bbaf163c08/66e7296edae289de2ddecd4c/66e7296fdae289de2ddf0cde,"La Doria, Italy",https://app.smartsuite.com/sp84t6z8/solution/6519992e8739156f55eca561/66ebde3628884d1117bc3236/66ebde3728884d1117bc6968,New,#022,"By Udi Stryk on 22 Jan, 2025",002262,"By Udi Stryk on 29 Jan, 2025"
"Lemon Juice for salads, Shufersal",0,"Lemon Juice for salads, Shufersal",convert.jpg,Shufersal,https://app.smartsuite.com/sp84t6z8/solution/65952d1c3e4152bbaf163c08/66e7296edae289de2ddecd4c/66e7296fdae289de2ddf0cde,"Polenghi, Italy",https://app.smartsuite.com/sp84t6z8/solution/6519992e8739156f55eca561/66ebde3628884d1117bc3236/66ebde3728884d1117bc6968,New,#051,"By Udi Stryk on 29 Jan, 2025",002285,"By Udi Stryk on 29 Jan, 2025"
"Lemon Juice for salads, Ta'aman",0,"Lemon Juice for salads, Ta'aman",6913127_7290000272696.jpg,Ta'aman,https://app.smartsuite.com/sp84t6z8/solution/65952d1c3e4152bbaf163c08/66e7296edae289de2ddecd4c/66e7296fdae289de2ddf0cde,"Polenghi, Italy",https://app.smartsuite.com/sp84t6z8/solution/6519992e8739156f55eca561/66ebde3628884d1117bc3236/66ebde3728884d1117bc6968,In process,#030,"By Udi Stryk on 22 Jan, 2025",002231,"By Udi Stryk on 29 Jan, 2025"
"MUNCHIES SPICY RICE AND  PEANUTS 400GR, Leiman Schlussel Ltd",0,"MUNCHIES SPICY RICE AND  PEANUTS 400GR, Leiman Schlussel Ltd",large_e2d7d553-e6b4-4d37-857c-0c257e9344a6.webp | convert.jpg,Leiman Schlussel Ltd,https://app.smartsuite.com/sp84t6z8/solution/65952d1c3e4152bbaf163c08/66e7296edae289de2ddecd4c/66e7296fdae289de2ddf0cde,,https://app.smartsuite.com/sp84t6z8/solution/6519992e8739156f55eca561/66ebde3628884d1117bc3236/66ebde3728884d1117bc6968,New,#014,"By Udi Stryk on 22 Jan, 2025",002211,"By Udi Stryk on 26 Jan, 2025"
"MUNCHIES SPICY RICE AND  PEANUTS 400GR, Shufersal",0,"MUNCHIES SPICY RICE AND  PEANUTS 400GR, Shufersal",7290100614259.jpg | 7290100614259.jpg,Shufersal,https://app.smartsuite.com/sp84t6z8/solution/65952d1c3e4152bbaf163c08/66e7296edae289de2ddecd4c/66e7296fdae289de2ddf0cde,,https://app.smartsuite.com/sp84t6z8/solution/6519992e8739156f55eca561/66ebde3628884d1117bc3236/66ebde3728884d1117bc6968,New,#019,"By Udi Stryk on 22 Jan, 2025",002277,"By Udi Stryk on 26 Jan, 2025"
"Munchies to Shufersal - 200, 400 gr., Shufersal",0,"Munchies to Shufersal - 200, 400 gr., Shufersal","51kqQ816foL._AC_UF894,1000_QL80_.jpg",Shufersal,https://app.smartsuite.com/sp84t6z8/solution/65952d1c3e4152bbaf163c08/66e7296edae289de2ddecd4c/66e7296fdae289de2ddf0cde,"Maas Intersales, Netherlands",https://app.smartsuite.com/sp84t6z8/solution/6519992e8739156f55eca561/66ebde3628884d1117bc3236/66ebde3728884d1117bc6968,New,#020,"By Udi Stryk on 22 Jan, 2025",002275,"By Udi Stryk on 29 Jan, 2025"
"No-added sugar Chocolate-covered wafers, Shufersal",0,"No-added sugar Chocolate-covered wafers, Shufersal",7296073295662.jpg | 7296073295655.jpg | 7296073295679.jpg,Shufersal,https://app.smartsuite.com/sp84t6z8/solution/65952d1c3e4152bbaf163c08/66e7296edae289de2ddecd4c/66e7296fdae289de2ddf0cde,,https://app.smartsuite.com/sp84t6z8/solution/6519992e8739156f55eca561/66ebde3628884d1117bc3236/66ebde3728884d1117bc6968,New,#046,"By Udi Stryk on 22 Jan, 2025",002189,"By Udi Stryk on 26 Jan, 2025"
"organic chestnuts, Shufersal",0,"organic chestnuts, Shufersal",a8e7637f1219653025109ebb8d747a3c.jpg,Shufersal,https://app.smartsuite.com/sp84t6z8/solution/65952d1c3e4152bbaf163c08/66e7296edae289de2ddecd4c/66e7296fdae289de2ddf0cde,,https://app.smartsuite.com/sp84t6z8/solution/6519992e8739156f55eca561/66ebde3628884d1117bc3236/66ebde3728884d1117bc6968,New,#036,"By Udi Stryk on 22 Jan, 2025",002215,"By Udi Stryk on 26 Jan, 2025"
"Organic frozen vegetables , Harduf - All Organics",0,"Organic frozen vegetables , Harduf - All Organics",7290013994790.jpg | convert.jpg | 92a481_5f3f2d3606d4486fa51e96a9ecff5807~mv2.png,Harduf - All Organics,https://app.smartsuite.com/sp84t6z8/solution/65952d1c3e4152bbaf163c08/66e7296edae289de2ddecd4c/66e7296fdae289de2ddf0cde,"GreenYard, Belgium",https://app.smartsuite.com/sp84t6z8/solution/6519992e8739156f55eca561/66ebde3628884d1117bc3236/66ebde3728884d1117bc6968,New,#011,"By Udi Stryk on 22 Jan, 2025",002258,"By Udi Stryk on 29 Jan, 2025"
"Organic Peeled tomatoes 425 gr, Harduf - All Organics",0,"Organic Peeled tomatoes 425 gr, Harduf - All Organics",convert.jpg,Harduf - All Organics,https://app.smartsuite.com/sp84t6z8/solution/65952d1c3e4152bbaf163c08/66e7296edae289de2ddecd4c/66e7296fdae289de2ddf0cde,"La Doria, Italy",https://app.smartsuite.com/sp84t6z8/solution/6519992e8739156f55eca561/66ebde3628884d1117bc3236/66ebde3728884d1117bc6968,New,#009,"By Udi Stryk on 22 Jan, 2025",002282,"By Udi Stryk on 29 Jan, 2025"
"Organic Whole Rice and Legumes Snack, Harduf - All Organics",0,"Organic Whole Rice and Legumes Snack, Harduf - All Organics",%D7%97%D7%98%D7%99%D7%A3-%D7%91%D7%99%D7%A0%D7%92-%D7%A4%D7%A8%D7%99%D7%9B%D7%99%D7%95%D7%AA-%D7%AA%D7%99%D7%A8%D7%A1-%D7%95%D7%90%D7%95%D7%A8%D7%96-%D7%A9%D7%97%D7%95%D7%A8-%D7%90%D7%95%D7%A8%D7%92%D7%A0%D7%99-60-%D7%92%D7%A8%D7%9D-%D7%94%D7%A8%D7%93%D7%95%D7%A3.webp | Q347100_2862023151739_250_180.png | 7e99f76e016c2ef80267f51916baf206.png | M507989_2762023141656_250_250.png | 3c7f5f49504a2a2ee810f06e6b99fe32.jpg | F22256_2762023142357.png,Harduf - All Organics,https://app.smartsuite.com/sp84t6z8/solution/65952d1c3e4152bbaf163c08/66e7296edae289de2ddecd4c/66e7296fdae289de2ddf0cde,"Castelfood srl, Italy",https://app.smartsuite.com/sp84t6z8/solution/6519992e8739156f55eca561/66ebde3628884d1117bc3236/66ebde3728884d1117bc6968,New,#012,"By Udi Stryk on 22 Jan, 2025",002243,"By Udi Stryk on 29 Jan, 2025"
"Pasta - gluten-free 400 gr, Shufersal",0,"Pasta - gluten-free 400 gr, Shufersal",catalog_529037-l.jpg | 58869623e99007264e10b8f06ac920ec.jpg | convert.webp,Shufersal,https://app.smartsuite.com/sp84t6z8/solution/65952d1c3e4152bbaf163c08/66e7296edae289de2ddecd4c/66e7296fdae289de2ddf0cde,,https://app.smartsuite.com/sp84t6z8/solution/6519992e8739156f55eca561/66ebde3628884d1117bc3236/66ebde3728884d1117bc6968,New,#031,"By Udi Stryk on 22 Jan, 2025",002228,"By Udi Stryk on 26 Jan, 2025"
"Pasta, Shufersal",0,"Pasta, Shufersal",fuzili.jpg | penne.png | Spaghetti.jpg | images.jpeg,Shufersal,https://app.smartsuite.com/sp84t6z8/solution/65952d1c3e4152bbaf163c08/66e7296edae289de2ddecd4c/66e7296fdae289de2ddf0cde,"Pasta Di- Martino, Italy, Pastificio Mennucci S.P.A, Italy",https://app.smartsuite.com/sp84t6z8/solution/6519992e8739156f55eca561/66ebde3628884d1117bc3236/66ebde3728884d1117bc6968,New,#025,"By Udi Stryk on 22 Jan, 2025",002252,"By Udi Stryk on 29 Jan, 2025"
"Pita Chips & Grissini, Shufersal",0,"Pita Chips & Grissini, Shufersal","Screen-Shot-2021-06-03-at-2.29.25-PM-199b831e208d4c8aa5e37fd21f0167b1.png | convert.jpg | 81Mn8GZlC3L._AC_UF894,1000_QL80_.jpg | 8105lny+qSL.jpg | a3abe34e9786d5de2c452851a4268ad4_large.webp | c7ea910919728040ff35314ef45456ee_large.webp",Shufersal,https://app.smartsuite.com/sp84t6z8/solution/65952d1c3e4152bbaf163c08/66e7296edae289de2ddecd4c/66e7296fdae289de2ddf0cde,"La Mole, Italy",https://app.smartsuite.com/sp84t6z8/solution/6519992e8739156f55eca561/66ebde3628884d1117bc3236/66ebde3728884d1117bc6968,New,#028,"By Udi Stryk on 22 Jan, 2025",002240,"By Udi Stryk on 29 Jan, 2025"
"Potato Chips Snacks, Schestowitz",0,"Potato Chips Snacks, Schestowitz",convert.jpg | unnamed.png,Schestowitz,https://app.smartsuite.com/sp84t6z8/solution/65952d1c3e4152bbaf163c08/66e7296edae289de2ddecd4c/66e7296fdae289de2ddf0cde,"Pata S.P.A, Italy",https://app.smartsuite.com/sp84t6z8/solution/6519992e8739156f55eca561/66ebde3628884d1117bc3236/66ebde3728884d1117bc6968,New,#017,"By Udi Stryk on 22 Jan, 2025",002180,"By Udi Stryk on 29 Jan, 2025"
"Potato Gnocchi - with/ without gluten, Shufersal",0,"Potato Gnocchi - with/ without gluten, Shufersal",de-cecco-gf-gnocchi.webp | %D7%A0%D7%99%D7%95%D7%A7%D7%99-8001250009999-scaled.jpg,Shufersal,https://app.smartsuite.com/sp84t6z8/solution/65952d1c3e4152bbaf163c08/66e7296edae289de2ddecd4c/66e7296fdae289de2ddf0cde,,https://app.smartsuite.com/sp84t6z8/solution/6519992e8739156f55eca561/66ebde3628884d1117bc3236/66ebde3728884d1117bc6968,New,#037,"By Udi Stryk on 22 Jan, 2025",002212,"By Udi Stryk on 26 Jan, 2025"
"Salty snacks - crackers , Foodz",0,"Salty snacks - crackers , Foodz",-Nmz68hQdQOYcdjoHFO6.jpg | cuetara-fish.jpg | cuetara-mix.jpg,Foodz,https://app.smartsuite.com/sp84t6z8/solution/65952d1c3e4152bbaf163c08/66e7296edae289de2ddecd4c/66e7296fdae289de2ddf0cde,,https://app.smartsuite.com/sp84t6z8/solution/6519992e8739156f55eca561/66ebde3628884d1117bc3236/66ebde3728884d1117bc6968,New,#006,"By Udi Stryk on 22 Jan, 2025",002274,"By Udi Stryk on 26 Jan, 2025"
"Salty snacks - crackers , Foodz",0,"Salty snacks - crackers , Foodz",-Nmz68hQdQOYcdjoHFO6.jpg | cuetara-fish.jpg | cuetara-mix.jpg,Foodz,https://app.smartsuite.com/sp84t6z8/solution/65952d1c3e4152bbaf163c08/66e7296edae289de2ddecd4c/66e7296fdae289de2ddf0cde,,https://app.smartsuite.com/sp84t6z8/solution/6519992e8739156f55eca561/66ebde3628884d1117bc3236/66ebde3728884d1117bc6968,New,#072,"By SmartSuite Automation on 5 Feb, 2025",002274,"By SmartSuite Automation on 5 Feb, 2025"
"Salty snacks - crackers , Foodz",0,"Salty snacks - crackers , Foodz",-Nmz68hQdQOYcdjoHFO6.jpg | cuetara-fish.jpg | cuetara-mix.jpg,Foodz,https://app.smartsuite.com/sp84t6z8/solution/65952d1c3e4152bbaf163c08/66e7296edae289de2ddecd4c/66e7296fdae289de2ddf0cde,,https://app.smartsuite.com/sp84t6z8/solution/6519992e8739156f55eca561/66ebde3628884d1117bc3236/66ebde3728884d1117bc6968,New,#073,"By SmartSuite Automation on 5 Feb, 2025",002274,"By SmartSuite Automation on 5 Feb, 2025"
"Salty snacks - crackers , Foodz",0,"Salty snacks - crackers , Foodz",-Nmz68hQdQOYcdjoHFO6.jpg | cuetara-fish.jpg | cuetara-mix.jpg,Foodz,https://app.smartsuite.com/sp84t6z8/solution/65952d1c3e4152bbaf163c08/66e7296edae289de2ddecd4c/66e7296fdae289de2ddf0cde,,https://app.smartsuite.com/sp84t6z8/solution/6519992e8739156f55eca561/66ebde3628884d1117bc3236/66ebde3728884d1117bc6968,New,#074,"By SmartSuite Automation on 5 Feb, 2025",002274,"By SmartSuite Automation on 5 Feb, 2025"
"Salty snacks - crackers , Foodz",0,"Salty snacks - crackers , Foodz",-Nmz68hQdQOYcdjoHFO6.jpg | cuetara-fish.jpg | cuetara-mix.jpg,Foodz,https://app.smartsuite.com/sp84t6z8/solution/65952d1c3e4152bbaf163c08/66e7296edae289de2ddecd4c/66e7296fdae289de2ddf0cde,,https://app.smartsuite.com/sp84t6z8/solution/6519992e8739156f55eca561/66ebde3628884d1117bc3236/66ebde3728884d1117bc6968,New,#075,"By SmartSuite Automation on 5 Feb, 2025",002274,"By SmartSuite Automation on 5 Feb, 2025"
"Salty snacks - crackers , Foodz",0,"Salty snacks - crackers , Foodz",-Nmz68hQdQOYcdjoHFO6.jpg | cuetara-fish.jpg | cuetara-mix.jpg,Foodz,https://app.smartsuite.com/sp84t6z8/solution/65952d1c3e4152bbaf163c08/66e7296edae289de2ddecd4c/66e7296fdae289de2ddf0cde,,https://app.smartsuite.com/sp84t6z8/solution/6519992e8739156f55eca561/66ebde3628884d1117bc3236/66ebde3728884d1117bc6968,New,#076,"By SmartSuite Automation on 5 Feb, 2025",002274,"By SmartSuite Automation on 5 Feb, 2025"
"Salty snacks - crackers , Foodz",0,"Salty snacks - crackers , Foodz",-Nmz68hQdQOYcdjoHFO6.jpg | cuetara-fish.jpg | cuetara-mix.jpg,Foodz,https://app.smartsuite.com/sp84t6z8/solution/65952d1c3e4152bbaf163c08/66e7296edae289de2ddecd4c/66e7296fdae289de2ddf0cde,,https://app.smartsuite.com/sp84t6z8/solution/6519992e8739156f55eca561/66ebde3628884d1117bc3236/66ebde3728884d1117bc6968,New,#077,"By SmartSuite Automation on 5 Feb, 2025",002274,"By SmartSuite Automation on 5 Feb, 2025"
"Salty snacks - crackers , Foodz",0,"Salty snacks - crackers , Foodz",-Nmz68hQdQOYcdjoHFO6.jpg | cuetara-fish.jpg | cuetara-mix.jpg,Foodz,https://app.smartsuite.com/sp84t6z8/solution/65952d1c3e4152bbaf163c08/66e7296edae289de2ddecd4c/66e7296fdae289de2ddf0cde,,https://app.smartsuite.com/sp84t6z8/solution/6519992e8739156f55eca561/66ebde3628884d1117bc3236/66ebde3728884d1117bc6968,New,#078,"By SmartSuite Automation on 5 Feb, 2025",002274,"By SmartSuite Automation on 5 Feb, 2025"
"Salty snacks - crackers , Foodz",0,"Salty snacks - crackers , Foodz",-Nmz68hQdQOYcdjoHFO6.jpg | cuetara-fish.jpg | cuetara-mix.jpg,Foodz,https://app.smartsuite.com/sp84t6z8/solution/65952d1c3e4152bbaf163c08/66e7296edae289de2ddecd4c/66e7296fdae289de2ddf0cde,,https://app.smartsuite.com/sp84t6z8/solution/6519992e8739156f55eca561/66ebde3628884d1117bc3236/66ebde3728884d1117bc6968,New,#079,"By SmartSuite Automation on 5 Feb, 2025",002274,"By SmartSuite Automation on 5 Feb, 2025"
"Salty snacks - crackers , Foodz",0,"Salty snacks - crackers , Foodz",-Nmz68hQdQOYcdjoHFO6.jpg | cuetara-fish.jpg | cuetara-mix.jpg,Foodz,https://app.smartsuite.com/sp84t6z8/solution/65952d1c3e4152bbaf163c08/66e7296edae289de2ddecd4c/66e7296fdae289de2ddf0cde,,https://app.smartsuite.com/sp84t6z8/solution/6519992e8739156f55eca561/66ebde3628884d1117bc3236/66ebde3728884d1117bc6968,New,#080,"By SmartSuite Automation on 5 Feb, 2025",002274,"By SmartSuite Automation on 5 Feb, 2025"
"Salty snacks - crackers , Foodz",0,"Salty snacks - crackers , Foodz",-Nmz68hQdQOYcdjoHFO6.jpg | cuetara-fish.jpg | cuetara-mix.jpg,Foodz,https://app.smartsuite.com/sp84t6z8/solution/65952d1c3e4152bbaf163c08/66e7296edae289de2ddecd4c/66e7296fdae289de2ddf0cde,,https://app.smartsuite.com/sp84t6z8/solution/6519992e8739156f55eca561/66ebde3628884d1117bc3236/66ebde3728884d1117bc6968,New,#081,"By SmartSuite Automation on 5 Feb, 2025",002274,"By SmartSuite Automation on 5 Feb, 2025"
"Salty snacks - crackers , Foodz",0,"Salty snacks - crackers , Foodz",-Nmz68hQdQOYcdjoHFO6.jpg | cuetara-fish.jpg | cuetara-mix.jpg,Foodz,https://app.smartsuite.com/sp84t6z8/solution/65952d1c3e4152bbaf163c08/66e7296edae289de2ddecd4c/66e7296fdae289de2ddf0cde,,https://app.smartsuite.com/sp84t6z8/solution/6519992e8739156f55eca561/66ebde3628884d1117bc3236/66ebde3728884d1117bc6968,New,#082,"By SmartSuite Automation on 6 Feb, 2025",002274,"By SmartSuite Automation on 6 Feb, 2025"
"Salty snacks - crackers , Foodz",0,"Salty snacks - crackers , Foodz",-Nmz68hQdQOYcdjoHFO6.jpg | cuetara-fish.jpg | cuetara-mix.jpg,Foodz,https://app.smartsuite.com/sp84t6z8/solution/65952d1c3e4152bbaf163c08/66e7296edae289de2ddecd4c/66e7296fdae289de2ddf0cde,,https://app.smartsuite.com/sp84t6z8/solution/6519992e8739156f55eca561/66ebde3628884d1117bc3236/66ebde3728884d1117bc6968,New,#083,"By SmartSuite Automation on 6 Feb, 2025",002274,"By SmartSuite Automation on 6 Feb, 2025"
"Salty snacks - crackers , Foodz",0,"Salty snacks - crackers , Foodz",-Nmz68hQdQOYcdjoHFO6.jpg | cuetara-fish.jpg | cuetara-mix.jpg,Foodz,https://app.smartsuite.com/sp84t6z8/solution/65952d1c3e4152bbaf163c08/66e7296edae289de2ddecd4c/66e7296fdae289de2ddf0cde,,https://app.smartsuite.com/sp84t6z8/solution/6519992e8739156f55eca561/66ebde3628884d1117bc3236/66ebde3728884d1117bc6968,New,#084,"By SmartSuite Automation on 6 Feb, 2025",002274,"By SmartSuite Automation on 6 Feb, 2025"
"Salty snacks - crackers , Foodz",0,"Salty snacks - crackers , Foodz",-Nmz68hQdQOYcdjoHFO6.jpg | cuetara-fish.jpg | cuetara-mix.jpg,Foodz,https://app.smartsuite.com/sp84t6z8/solution/65952d1c3e4152bbaf163c08/66e7296edae289de2ddecd4c/66e7296fdae289de2ddf0cde,,https://app.smartsuite.com/sp84t6z8/solution/6519992e8739156f55eca561/66ebde3628884d1117bc3236/66ebde3728884d1117bc6968,New,#085,"By SmartSuite Automation on 6 Feb, 2025",002274,"By SmartSuite Automation on 6 Feb, 2025"
"Salty snacks - crackers , Foodz",0,"Salty snacks - crackers , Foodz",-Nmz68hQdQOYcdjoHFO6.jpg | cuetara-fish.jpg | cuetara-mix.jpg,Foodz,https://app.smartsuite.com/sp84t6z8/solution/65952d1c3e4152bbaf163c08/66e7296edae289de2ddecd4c/66e7296fdae289de2ddf0cde,,https://app.smartsuite.com/sp84t6z8/solution/6519992e8739156f55eca561/66ebde3628884d1117bc3236/66ebde3728884d1117bc6968,New,#088,"By SmartSuite Automation on 6 Feb, 2025",002274,"By SmartSuite Automation on 6 Feb, 2025"
"Salty snacks - crackers , Foodz",0,"Salty snacks - crackers , Foodz",-Nmz68hQdQOYcdjoHFO6.jpg | cuetara-fish.jpg | cuetara-mix.jpg,Foodz,https://app.smartsuite.com/sp84t6z8/solution/65952d1c3e4152bbaf163c08/66e7296edae289de2ddecd4c/66e7296fdae289de2ddf0cde,,https://app.smartsuite.com/sp84t6z8/solution/6519992e8739156f55eca561/66ebde3628884d1117bc3236/66ebde3728884d1117bc6968,New,#089,"By SmartSuite Automation on 6 Feb, 2025",002274,"By SmartSuite Automation on 6 Feb, 2025"
"Salty snacks - crackers , Foodz",0,"Salty snacks - crackers , Foodz",-Nmz68hQdQOYcdjoHFO6.jpg | cuetara-fish.jpg | cuetara-mix.jpg,Foodz,https://app.smartsuite.com/sp84t6z8/solution/65952d1c3e4152bbaf163c08/66e7296edae289de2ddecd4c/66e7296fdae289de2ddf0cde,,https://app.smartsuite.com/sp84t6z8/solution/6519992e8739156f55eca561/66ebde3628884d1117bc3236/66ebde3728884d1117bc6968,New,#090,"By SmartSuite Automation on 6 Feb, 2025",002274,"By SmartSuite Automation on 6 Feb, 2025"
"Salty snacks - crackers , Foodz",0,"Salty snacks - crackers , Foodz",-Nmz68hQdQOYcdjoHFO6.jpg | cuetara-fish.jpg | cuetara-mix.jpg,Foodz,https://app.smartsuite.com/sp84t6z8/solution/65952d1c3e4152bbaf163c08/66e7296edae289de2ddecd4c/66e7296fdae289de2ddf0cde,,https://app.smartsuite.com/sp84t6z8/solution/6519992e8739156f55eca561/66ebde3628884d1117bc3236/66ebde3728884d1117bc6968,New,#091,"By SmartSuite Automation on 6 Feb, 2025",002274,"By SmartSuite Automation on 6 Feb, 2025"
"Salty snacks - crackers , Foodz",0,"Salty snacks - crackers , Foodz",-Nmz68hQdQOYcdjoHFO6.jpg | cuetara-fish.jpg | cuetara-mix.jpg,Foodz,https://app.smartsuite.com/sp84t6z8/solution/65952d1c3e4152bbaf163c08/66e7296edae289de2ddecd4c/66e7296fdae289de2ddf0cde,,https://app.smartsuite.com/sp84t6z8/solution/6519992e8739156f55eca561/66ebde3628884d1117bc3236/66ebde3728884d1117bc6968,New,#092,"By SmartSuite Automation on 6 Feb, 2025",002274,"By SmartSuite Automation on 6 Feb, 2025"
"Salty snacks - crackers , Foodz",0,"Salty snacks - crackers , Foodz",-Nmz68hQdQOYcdjoHFO6.jpg | cuetara-fish.jpg | cuetara-mix.jpg,Foodz,https://app.smartsuite.com/sp84t6z8/solution/65952d1c3e4152bbaf163c08/66e7296edae289de2ddecd4c/66e7296fdae289de2ddf0cde,,https://app.smartsuite.com/sp84t6z8/solution/6519992e8739156f55eca561/66ebde3628884d1117bc3236/66ebde3728884d1117bc6968,New,#093,"By SmartSuite Automation on 6 Feb, 2025",002274,"By SmartSuite Automation on 6 Feb, 2025"
"SeaWeed Snacks, Ha'Sade organic",0,"SeaWeed Snacks, Ha'Sade organic",convert.jpg | V747307_24112021155156.jpg | catalog_238939-l.jpg,Ha'Sade organic,https://app.smartsuite.com/sp84t6z8/solution/65952d1c3e4152bbaf163c08/66e7296edae289de2ddecd4c/66e7296fdae289de2ddf0cde,"Bhars, Portugal",https://app.smartsuite.com/sp84t6z8/solution/6519992e8739156f55eca561/66ebde3628884d1117bc3236/66ebde3728884d1117bc6968,New,#008,"By Udi Stryk on 22 Jan, 2025",002253,"By Udi Stryk on 29 Jan, 2025"
"Serena, organic dry fruits, Shufersal",0,"Serena, organic dry fruits, Shufersal",thumb_381.jpg | thumb_390.jpg | thumb_344.jpg | thumb_393.jpg,Shufersal,https://app.smartsuite.com/sp84t6z8/solution/65952d1c3e4152bbaf163c08/66e7296edae289de2ddecd4c/66e7296fdae289de2ddf0cde,"Serena, Bulgary",https://app.smartsuite.com/sp84t6z8/solution/6519992e8739156f55eca561/66ebde3628884d1117bc3236/66ebde3728884d1117bc6968,New,#021,"By Udi Stryk on 22 Jan, 2025",002268,"By Udi Stryk on 29 Jan, 2025"
"sfogliette salty snacks, 180 gr, Shufersal",0,"sfogliette salty snacks, 180 gr, Shufersal",convert.jpg | convert.jpg,Shufersal,https://app.smartsuite.com/sp84t6z8/solution/65952d1c3e4152bbaf163c08/66e7296edae289de2ddecd4c/66e7296fdae289de2ddf0cde,,https://app.smartsuite.com/sp84t6z8/solution/6519992e8739156f55eca561/66ebde3628884d1117bc3236/66ebde3728884d1117bc6968,New,#038,"By Udi Stryk on 22 Jan, 2025",002208,"By Udi Stryk on 26 Jan, 2025"
"Sultanas Organic 250 and 500  gr., Shufersal",0,"Sultanas Organic 250 and 500  gr., Shufersal",Sultanas-Organic-500g.jpg,Shufersal,https://app.smartsuite.com/sp84t6z8/solution/65952d1c3e4152bbaf163c08/66e7296edae289de2ddecd4c/66e7296fdae289de2ddf0cde,,https://app.smartsuite.com/sp84t6z8/solution/6519992e8739156f55eca561/66ebde3628884d1117bc3236/66ebde3728884d1117bc6968,New,#032,"By Udi Stryk on 22 Jan, 2025",002225,"By Udi Stryk on 26 Jan, 2025"
"Tomato based Paste sauces, 350 gr, Shufersal",0,"Tomato based Paste sauces, 350 gr, Shufersal",small.jpg | 8076809513654.jpg | 8076809513739.jpg,Shufersal,https://app.smartsuite.com/sp84t6z8/solution/65952d1c3e4152bbaf163c08/66e7296edae289de2ddecd4c/66e7296fdae289de2ddf0cde,,https://app.smartsuite.com/sp84t6z8/solution/6519992e8739156f55eca561/66ebde3628884d1117bc3236/66ebde3728884d1117bc6968,New,#043,"By Udi Stryk on 22 Jan, 2025",002194,"By Udi Stryk on 26 Jan, 2025"
"Tomato Pasta Sauces, 350 gr., Shufersal",0,"Tomato Pasta Sauces, 350 gr., Shufersal",14019196-2635176092071895.jpg | 19df51d5-bd2f-41f0-b611-f530ba4faa41_1295142281.jpg | March162201_x700.jpg | March162204_x700.jpg,Shufersal,https://app.smartsuite.com/sp84t6z8/solution/65952d1c3e4152bbaf163c08/66e7296edae289de2ddecd4c/66e7296fdae289de2ddf0cde,,https://app.smartsuite.com/sp84t6z8/solution/6519992e8739156f55eca561/66ebde3628884d1117bc3236/66ebde3728884d1117bc6968,New,#047,"By Udi Stryk on 22 Jan, 2025",002186,"By Udi Stryk on 26 Jan, 2025"
"Tomato products, Shufersal",0,"Tomato products, Shufersal",convert.jpg | 2023-07-30T17-18-14-098Z.jpg | small (1).jpg,Shufersal,https://app.smartsuite.com/sp84t6z8/solution/65952d1c3e4152bbaf163c08/66e7296edae289de2ddecd4c/66e7296fdae289de2ddf0cde,,https://app.smartsuite.com/sp84t6z8/solution/6519992e8739156f55eca561/66ebde3628884d1117bc3236/66ebde3728884d1117bc6968,New,#024,"By Udi Stryk on 22 Jan, 2025",002257,"By Udi Stryk on 26 Jan, 2025"
"Tomato products, Shufersal",0,"Tomato products, Shufersal",convert.jpg | 2023-07-30T17-18-14-098Z.jpg | small (1).jpg,Shufersal,https://app.smartsuite.com/sp84t6z8/solution/65952d1c3e4152bbaf163c08/66e7296edae289de2ddecd4c/66e7296fdae289de2ddf0cde,,https://app.smartsuite.com/sp84t6z8/solution/6519992e8739156f55eca561/66ebde3628884d1117bc3236/66ebde3728884d1117bc6968,New,#053,"By SmartSuite Automation on 3 Feb, 2025",002257,"By SmartSuite Automation on 3 Feb, 2025"
"Vegetable chips 85gr, Shufersal",0,"Vegetable chips 85gr, Shufersal",5d7f15bf-685b-447e-89b1-0c20de11512d.png | 250x380-terra-sweetsmedley165g.png | terra-chips-sweets-and-beets.jpg,Shufersal,https://app.smartsuite.com/sp84t6z8/solution/65952d1c3e4152bbaf163c08/66e7296edae289de2ddecd4c/66e7296fdae289de2ddf0cde,,https://app.smartsuite.com/sp84t6z8/solution/6519992e8739156f55eca561/66ebde3628884d1117bc3236/66ebde3728884d1117bc6968,New,#045,"By Udi Stryk on 22 Jan, 2025",002190,"By Udi Stryk on 26 Jan, 2025"
"wafer cubes, balconi, Shufersal",0,"wafer cubes, balconi, Shufersal",convert.jpg | convert.jpg,Shufersal,https://app.smartsuite.com/sp84t6z8/solution/65952d1c3e4152bbaf163c08/66e7296edae289de2ddecd4c/66e7296fdae289de2ddf0cde,,https://app.smartsuite.com/sp84t6z8/solution/6519992e8739156f55eca561/66ebde3628884d1117bc3236/66ebde3728884d1117bc6968,New,#033,"By Udi Stryk on 22 Jan, 2025",002221,"By Udi Stryk on 26 Jan, 2025"
"wafer cubes, balconi, Yochananof",0,"wafer cubes, balconi, Yochananof",convert.jpg | nocciola.png | GFM-101982_1000x.jpg | bba3c15e-fa4b-4967-af5b-89daf3537527-thumbnail-540x540-70.jpg,Yochananof,https://app.smartsuite.com/sp84t6z8/solution/65952d1c3e4152bbaf163c08/66e7296edae289de2ddecd4c/66e7296fdae289de2ddf0cde,,https://app.smartsuite.com/sp84t6z8/solution/6519992e8739156f55eca561/66ebde3628884d1117bc3236/66ebde3728884d1117bc6968,New,#049,"By Udi Stryk on 22 Jan, 2025",002270,"By Udi Stryk on 26 Jan, 2025"
"Wafers 250g , Shufersal",0,"Wafers 250g , Shufersal",TBP68_L_P_7296073644668_1.png | TCD64_L_P_7296073644682_1.png | TBW66_L_P_7296073644675_1.png,Shufersal,https://app.smartsuite.com/sp84t6z8/solution/65952d1c3e4152bbaf163c08/66e7296edae289de2ddecd4c/66e7296fdae289de2ddf0cde,,https://app.smartsuite.com/sp84t6z8/solution/6519992e8739156f55eca561/66ebde3628884d1117bc3236/66ebde3728884d1117bc6968,New,#048,"By Udi Stryk on 22 Jan, 2025",002177,"By Udi Stryk on 26 Jan, 2025"
